utc_times,frequencies_Hz,virtual_heights_km,echo_detected
2026-02-11 00:01:32,7000000,274.7544952793479,True
2026-02-11 00:01:32,7000000,274.7544952793479,True
2026-02-11 00:01:37,7025000,270.1496713361186,True
2026-02-11 00:01:37,7025000,270.1496713361186,True
2026-02-11 00:01:42,7050000,,False
2026-02-11 00:01:42,7050000,,False
2026-02-11 00:01:47,3525000,,False
2026-02-11 00:01:47,3525000,,False
2026-02-11 00:01:53,3550000,,False
2026-02-11 00:01:53,3550000,,False
2026-02-11 00:01:58,3575000,,False
2026-02-11 00:01:58,3575000,,False
2026-02-11 00:07:03,7000000,264.7773767356844,True
2026-02-11 00:07:03,7000000,264.7773767356844,True
2026-02-11 00:07:09,7025000,,False
2026-02-11 00:07:09,7025000,,False
2026-02-11 00:07:14,7050000,272.45208330773323,True
2026-02-11 00:07:14,7050000,272.45208330773323,True
2026-02-11 00:07:19,3525000,234.07855044748914,True
2026-02-11 00:07:19,3525000,234.07855044748916,True
2026-02-11 00:07:24,3550000,,False
2026-02-11 00:07:24,3550000,,False
2026-02-11 00:07:30,3575000,,False
2026-02-11 00:07:30,3575000,,False
2026-02-11 00:12:35,7000000,257.8701408208405,True
2026-02-11 00:12:35,7000000,257.8701408208405,True
2026-02-11 00:12:40,7025000,272.45208330773323,True
2026-02-11 00:12:40,7025000,272.45208330773323,True
2026-02-11 00:12:46,7050000,260.1725527924551,True
2026-02-11 00:12:46,7050000,260.1725527924551,True
2026-02-11 00:12:51,3525000,,False
2026-02-11 00:12:51,3525000,,False
2026-02-11 00:12:56,3550000,235.6134917618989,True
2026-02-11 00:12:56,3550000,235.6134917618989,True
2026-02-11 00:13:01,3575000,,False
2026-02-11 00:13:01,3575000,,False
2026-02-11 00:18:07,7000000,263.24243542127465,True
2026-02-11 00:18:07,7000000,263.24243542127465,True
2026-02-11 00:18:12,7025000,259.40508213525027,True
2026-02-11 00:18:12,7025000,259.40508213525027,True
2026-02-11 00:18:17,7050000,302.38343893872366,True
2026-02-11 00:18:17,7050000,302.38343893872366,True
2026-02-11 00:18:23,3525000,236.3809624191038,True
2026-02-11 00:18:23,3525000,236.3809624191038,True
2026-02-11 00:18:28,3550000,,False
2026-02-11 00:18:28,3550000,,False
2026-02-11 00:18:33,3575000,,False
2026-02-11 00:18:33,3575000,,False
2026-02-11 00:23:38,7000000,257.8701408208405,True
2026-02-11 00:23:38,7000000,257.8701408208405,True
2026-02-11 00:23:44,7025000,,False
2026-02-11 00:23:44,7025000,,False
2026-02-11 00:23:49,7050000,,False
2026-02-11 00:23:49,7050000,,False
2026-02-11 00:23:54,3525000,300.081026967109,True
2026-02-11 00:23:54,3525000,300.081026967109,True
2026-02-11 00:23:59,3550000,,False
2026-02-11 00:23:59,3550000,,False
2026-02-11 00:24:05,3575000,,False
2026-02-11 00:24:05,3575000,,False
2026-02-11 00:29:10,7000000,270.91714199332347,True
2026-02-11 00:29:10,7000000,270.91714199332347,True
2026-02-11 00:29:15,7025000,,False
2026-02-11 00:29:15,7025000,,False
2026-02-11 00:29:21,7050000,303.15090959592857,True
2026-02-11 00:29:21,7050000,303.15090959592857,True
2026-02-11 00:29:26,3525000,,False
2026-02-11 00:29:26,3525000,,False
2026-02-11 00:29:31,3550000,,False
2026-02-11 00:29:31,3550000,,False
2026-02-11 00:29:36,3575000,,False
2026-02-11 00:29:36,3575000,,False
2026-02-11 00:34:42,7000000,281.6617311941919,True
2026-02-11 00:34:42,7000000,281.6617311941919,True
2026-02-11 00:34:47,7025000,277.0569072509626,True
2026-02-11 00:34:47,7025000,277.0569072509626,True
2026-02-11 00:34:52,7050000,300.081026967109,True
2026-02-11 00:34:52,7050000,300.081026967109,True
2026-02-11 00:34:58,3525000,,False
2026-02-11 00:34:58,3525000,,False
2026-02-11 00:35:03,3550000,,False
2026-02-11 00:35:03,3550000,,False
2026-02-11 00:35:08,3575000,,False
2026-02-11 00:35:08,3575000,,False
2026-02-11 00:40:13,7000000,273.987024622143,True
2026-02-11 00:40:13,7000000,273.987024622143,True
2026-02-11 00:40:19,7025000,339.9895011417629,True
2026-02-11 00:40:19,7025000,339.9895011417629,True
2026-02-11 00:40:24,7050000,330.7798532553043,True
2026-02-11 00:40:24,7050000,330.7798532553043,True
2026-02-11 00:40:29,3525000,,False
2026-02-11 00:40:29,3525000,,False
2026-02-11 00:40:35,3550000,,False
2026-02-11 00:40:35,3550000,,False
2026-02-11 00:40:40,3575000,,False
2026-02-11 00:40:40,3575000,,False
2026-02-11 00:45:45,7000000,369.1533861155484,True
2026-02-11 00:45:45,7000000,369.1533861155484,True
2026-02-11 00:45:50,7025000,299.31355630990413,True
2026-02-11 00:45:50,7025000,299.31355630990413,True
2026-02-11 00:45:56,7050000,313.12802813959206,True
2026-02-11 00:45:56,7050000,313.12802813959206,True
2026-02-11 00:46:01,3525000,231.7761384758745,True
2026-02-11 00:46:01,3525000,231.7761384758745,True
2026-02-11 00:46:06,3550000,,False
2026-02-11 00:46:06,3550000,,False
2026-02-11 00:46:11,3575000,,False
2026-02-11 00:46:11,3575000,,False
2026-02-11 00:51:17,7000000,331.5473239125092,True
2026-02-11 00:51:17,7000000,331.54732391250917,True
2026-02-11 00:51:22,7025000,,False
2026-02-11 00:51:22,7025000,,False
2026-02-11 00:51:27,7050000,317.7328520828213,True
2026-02-11 00:51:27,7050000,317.73285208282135,True
2026-02-11 00:51:33,3525000,231.7761384758745,True
2026-02-11 00:51:33,3525000,231.7761384758745,True
2026-02-11 00:51:38,3550000,268.61473002170885,True
2026-02-11 00:51:38,3550000,268.61473002170885,True
2026-02-11 00:51:43,3575000,,False
2026-02-11 00:51:43,3575000,,False
2026-02-11 00:56:48,7000000,371.4557980871631,True
2026-02-11 00:56:48,7000000,371.4557980871631,True
2026-02-11 00:56:54,7025000,379.1305046592119,True
2026-02-11 00:56:54,7025000,379.1305046592119,True
2026-02-11 00:56:59,7050000,347.6642077138118,True
2026-02-11 00:56:59,7050000,347.6642077138118,True
2026-02-11 00:57:04,3525000,231.0086678186696,True
2026-02-11 00:57:04,3525000,231.0086678186696,True
2026-02-11 00:57:10,3550000,235.6134917618989,True
2026-02-11 00:57:10,3550000,235.6134917618989,True
2026-02-11 00:57:15,3575000,,False
2026-02-11 00:57:15,3575000,,False
2026-02-11 01:02:20,7000000,,False
2026-02-11 01:02:20,7000000,,False
2026-02-11 01:02:25,7025000,393.7124471461047,True
2026-02-11 01:02:25,7025000,393.7124471461047,True
2026-02-11 01:02:31,7050000,385.27026991685096,True
2026-02-11 01:02:31,7050000,385.27026991685096,True
2026-02-11 01:02:36,3525000,,False
2026-02-11 01:02:36,3525000,,False
2026-02-11 01:02:41,3550000,231.7761384758745,True
2026-02-11 01:02:41,3550000,231.7761384758745,True
2026-02-11 01:02:46,3575000,,False
2026-02-11 01:02:46,3575000,,False
2026-02-11 01:07:52,7000000,374.5256807159826,True
2026-02-11 01:07:52,7000000,374.5256807159826,True
2026-02-11 01:07:57,7025000,366.0835034867289,True
2026-02-11 01:07:57,7025000,366.0835034867289,True
2026-02-11 01:08:02,7050000,,False
2026-02-11 01:08:02,7050000,,False
2026-02-11 01:08:08,3525000,,False
2026-02-11 01:08:08,3525000,,False
2026-02-11 01:08:13,3550000,235.6134917618989,True
2026-02-11 01:08:13,3550000,235.6134917618989,True
2026-02-11 01:08:18,3575000,,False
2026-02-11 01:08:18,3575000,,False
2026-02-11 01:13:24,7000000,402.9220950325633,True
2026-02-11 01:13:24,7000000,402.9220950325633,True
2026-02-11 01:13:29,7025000,,False
2026-02-11 01:13:29,7025000,,False
2026-02-11 01:13:34,7050000,376.0606220303924,True
2026-02-11 01:13:34,7050000,376.0606220303924,True
2026-02-11 01:13:39,3525000,,False
2026-02-11 01:13:39,3525000,,False
2026-02-11 01:13:45,3550000,247.893022277177,True
2026-02-11 01:13:45,3550000,247.893022277177,True
2026-02-11 01:13:50,3575000,,False
2026-02-11 01:13:50,3575000,,False
2026-02-11 01:18:55,7000000,,False
2026-02-11 01:18:55,7000000,,False
2026-02-11 01:19:01,7025000,,False
2026-02-11 01:19:01,7025000,,False
2026-02-11 01:19:06,7050000,,False
2026-02-11 01:19:06,7050000,,False
2026-02-11 01:19:11,3525000,,False
2026-02-11 01:19:11,3525000,,False
2026-02-11 01:19:16,3550000,256.33519950643074,True
2026-02-11 01:19:16,3550000,256.33519950643074,True
2026-02-11 01:19:22,3575000,,False
2026-02-11 01:19:22,3575000,,False
2026-02-11 01:24:27,7000000,,False
2026-02-11 01:24:27,7000000,,False
2026-02-11 01:24:32,7025000,432.8534506635537,True
2026-02-11 01:24:32,7025000,432.8534506635537,True
2026-02-11 01:24:37,7050000,,False
2026-02-11 01:24:37,7050000,,False
2026-02-11 01:24:43,3525000,,False
2026-02-11 01:24:43,3525000,,False
2026-02-11 01:24:48,3550000,,False
2026-02-11 01:24:48,3550000,,False
2026-02-11 01:24:53,3575000,,False
2026-02-11 01:24:53,3575000,,False
2026-02-11 01:29:59,7000000,438.99321592119276,True
2026-02-11 01:29:59,7000000,438.9932159211928,True
2026-02-11 01:30:04,7025000,,False
2026-02-11 01:30:04,7025000,,False
2026-02-11 01:30:09,7050000,,False
2026-02-11 01:30:09,7050000,,False
2026-02-11 01:30:14,3525000,264.7773767356844,True
2026-02-11 01:30:14,3525000,264.7773767356844,True
2026-02-11 01:30:20,3550000,,False
2026-02-11 01:30:20,3550000,,False
2026-02-11 01:30:25,3575000,,False
2026-02-11 01:30:25,3575000,,False
2026-02-11 01:35:30,7000000,415.2016255478413,True
2026-02-11 01:35:30,7000000,415.20162554784133,True
2026-02-11 01:35:36,7025000,,False
2026-02-11 01:35:36,7025000,,False
2026-02-11 01:35:41,7050000,,False
2026-02-11 01:35:41,7050000,,False
2026-02-11 01:35:46,3525000,,False
2026-02-11 01:35:46,3525000,,False
2026-02-11 01:35:51,3550000,,False
2026-02-11 01:35:51,3550000,,False
2026-02-11 01:35:57,3575000,,False
2026-02-11 01:35:57,3575000,,False
2026-02-11 01:41:02,7000000,,False
2026-02-11 01:41:02,7000000,,False
2026-02-11 01:41:07,7025000,,False
2026-02-11 01:41:07,7025000,,False
2026-02-11 01:41:13,7050000,,False
2026-02-11 01:41:13,7050000,,False
2026-02-11 01:41:18,3525000,,False
2026-02-11 01:41:18,3525000,,False
2026-02-11 01:41:23,3550000,,False
2026-02-11 01:41:23,3550000,,False
2026-02-11 01:41:28,3575000,,False
2026-02-11 01:41:28,3575000,,False
2026-02-11 01:46:34,7000000,,False
2026-02-11 01:46:34,7000000,,False
2026-02-11 01:46:39,7025000,,False
2026-02-11 01:46:39,7025000,,False
2026-02-11 01:46:44,7050000,,False
2026-02-11 01:46:44,7050000,,False
2026-02-11 01:46:49,3525000,,False
2026-02-11 01:46:49,3525000,,False
2026-02-11 01:46:55,3550000,,False
2026-02-11 01:46:55,3550000,,False
2026-02-11 01:47:00,3575000,,False
2026-02-11 01:47:00,3575000,,False
2026-02-11 01:52:05,7000000,,False
2026-02-11 01:52:05,7000000,,False
2026-02-11 01:52:11,7025000,,False
2026-02-11 01:52:11,7025000,,False
2026-02-11 01:52:16,7050000,,False
2026-02-11 01:52:16,7050000,,False
2026-02-11 01:52:22,3525000,255.56772884922583,True
2026-02-11 01:52:22,3525000,255.56772884922583,True
2026-02-11 01:52:27,3550000,,False
2026-02-11 01:52:27,3550000,,False
2026-02-11 01:52:32,3575000,,False
2026-02-11 01:52:32,3575000,,False
2026-02-11 01:57:38,7000000,,False
2026-02-11 01:57:38,7000000,,False
2026-02-11 01:57:43,7025000,,False
2026-02-11 01:57:43,7025000,,False
2026-02-11 01:57:49,7050000,,False
2026-02-11 01:57:49,7050000,,False
2026-02-11 01:57:54,3525000,273.21955396493814,True
2026-02-11 01:57:54,3525000,273.21955396493814,True
2026-02-11 01:57:59,3550000,,False
2026-02-11 01:57:59,3550000,,False
2026-02-11 01:58:05,3575000,,False
2026-02-11 01:58:05,3575000,,False
2026-02-11 02:03:10,7000000,,False
2026-02-11 02:03:10,7000000,,False
2026-02-11 02:03:15,7025000,,False
2026-02-11 02:03:15,7025000,,False
2026-02-11 02:03:20,7050000,,False
2026-02-11 02:03:20,7050000,,False
2026-02-11 02:03:26,3525000,250.19543424879168,True
2026-02-11 02:03:26,3525000,250.19543424879168,True
2026-02-11 02:03:31,3550000,240.2183157051282,True
2026-02-11 02:03:31,3550000,240.2183157051282,True
2026-02-11 02:03:36,3575000,,False
2026-02-11 02:03:36,3575000,,False
2026-02-11 02:08:42,7000000,,False
2026-02-11 02:08:42,7000000,,False
2026-02-11 02:08:47,7025000,,False
2026-02-11 02:08:47,7025000,,False
2026-02-11 02:08:52,7050000,,False
2026-02-11 02:08:52,7050000,,False
2026-02-11 02:08:57,3525000,,False
2026-02-11 02:08:57,3525000,,False
2026-02-11 02:09:03,3550000,,False
2026-02-11 02:09:03,3550000,,False
2026-02-11 02:09:08,3575000,,False
2026-02-11 02:09:08,3575000,,False
2026-02-11 02:14:13,7000000,,False
2026-02-11 02:14:13,7000000,,False
2026-02-11 02:14:19,7025000,,False
2026-02-11 02:14:19,7025000,,False
2026-02-11 02:14:24,7050000,,False
2026-02-11 02:14:24,7050000,,False
2026-02-11 02:14:29,3525000,,False
2026-02-11 02:14:29,3525000,,False
2026-02-11 02:14:34,3550000,,False
2026-02-11 02:14:34,3550000,,False
2026-02-11 02:14:40,3575000,,False
2026-02-11 02:14:40,3575000,,False
2026-02-11 02:19:45,7000000,,False
2026-02-11 02:19:45,7000000,,False
2026-02-11 02:19:50,7025000,,False
2026-02-11 02:19:50,7025000,,False
2026-02-11 02:19:56,7050000,,False
2026-02-11 02:19:56,7050000,,False
2026-02-11 02:20:01,3525000,,False
2026-02-11 02:20:01,3525000,,False
2026-02-11 02:20:06,3550000,243.2881983339477,True
2026-02-11 02:20:06,3550000,243.28819833394772,True
2026-02-11 02:20:11,3575000,,False
2026-02-11 02:20:11,3575000,,False
2026-02-11 02:25:17,7000000,,False
2026-02-11 02:25:17,7000000,,False
2026-02-11 02:25:22,7025000,,False
2026-02-11 02:25:22,7025000,,False
2026-02-11 02:25:27,7050000,,False
2026-02-11 02:25:27,7050000,,False
2026-02-11 02:25:32,3525000,,False
2026-02-11 02:25:32,3525000,,False
2026-02-11 02:25:38,3550000,283.9641431658065,True
2026-02-11 02:25:38,3550000,283.9641431658065,True
2026-02-11 02:25:43,3575000,,False
2026-02-11 02:25:43,3575000,,False
2026-02-11 02:30:48,7000000,,False
2026-02-11 02:30:48,7000000,,False
2026-02-11 02:30:54,7025000,273.987024622143,True
2026-02-11 02:30:54,7025000,273.987024622143,True
2026-02-11 02:30:59,7050000,,False
2026-02-11 02:30:59,7050000,,False
2026-02-11 02:31:04,3525000,260.94002344966003,True
2026-02-11 02:31:04,3525000,260.94002344966003,True
2026-02-11 02:31:09,3550000,,False
2026-02-11 02:31:09,3550000,,False
2026-02-11 02:31:15,3575000,,False
2026-02-11 02:31:15,3575000,,False
2026-02-11 02:36:20,7000000,,False
2026-02-11 02:36:20,7000000,,False
2026-02-11 02:36:25,7025000,,False
2026-02-11 02:36:25,7025000,,False
2026-02-11 02:36:30,7050000,,False
2026-02-11 02:36:30,7050000,,False
2026-02-11 02:36:36,3525000,,False
2026-02-11 02:36:36,3525000,,False
2026-02-11 02:36:41,3550000,,False
2026-02-11 02:36:41,3550000,,False
2026-02-11 02:36:46,3575000,,False
2026-02-11 02:36:46,3575000,,False
2026-02-11 02:41:52,7000000,,False
2026-02-11 02:41:52,7000000,,False
2026-02-11 02:41:57,7025000,,False
2026-02-11 02:41:57,7025000,,False
2026-02-11 02:42:02,7050000,,False
2026-02-11 02:42:02,7050000,,False
2026-02-11 02:42:07,3525000,260.94002344966003,True
2026-02-11 02:42:07,3525000,260.94002344966003,True
2026-02-11 02:42:13,3550000,,False
2026-02-11 02:42:13,3550000,,False
2026-02-11 02:42:18,3575000,,False
2026-02-11 02:42:18,3575000,,False
2026-02-11 02:47:23,7000000,,False
2026-02-11 02:47:23,7000000,,False
2026-02-11 02:47:29,7025000,,False
2026-02-11 02:47:29,7025000,,False
2026-02-11 02:47:34,7050000,,False
2026-02-11 02:47:34,7050000,,False
2026-02-11 02:47:39,3525000,,False
2026-02-11 02:47:39,3525000,,False
2026-02-11 02:47:44,3550000,277.0569072509626,True
2026-02-11 02:47:44,3550000,277.0569072509626,True
2026-02-11 02:47:50,3575000,,False
2026-02-11 02:47:50,3575000,,False
2026-02-11 02:52:55,7000000,,False
2026-02-11 02:52:55,7000000,,False
2026-02-11 02:53:00,7025000,,False
2026-02-11 02:53:00,7025000,,False
2026-02-11 02:53:05,7050000,,False
2026-02-11 02:53:05,7050000,,False
2026-02-11 02:53:11,3525000,266.31231805009423,True
2026-02-11 02:53:11,3525000,266.31231805009423,True
2026-02-11 02:53:16,3550000,267.0797887072991,True
2026-02-11 02:53:16,3550000,267.0797887072991,True
2026-02-11 02:53:21,3575000,,False
2026-02-11 02:53:21,3575000,,False
2026-02-11 02:58:27,7000000,,False
2026-02-11 02:58:27,7000000,,False
2026-02-11 02:58:32,7025000,,False
2026-02-11 02:58:32,7025000,,False
2026-02-11 02:58:37,7050000,,False
2026-02-11 02:58:37,7050000,,False
2026-02-11 02:58:42,3525000,,False
2026-02-11 02:58:42,3525000,,False
2026-02-11 02:58:48,3550000,,False
2026-02-11 02:58:48,3550000,,False
2026-02-11 02:58:53,3575000,,False
2026-02-11 02:58:53,3575000,,False
2026-02-11 03:03:58,7000000,,False
2026-02-11 03:03:58,7000000,,False
2026-02-11 03:04:04,7025000,,False
2026-02-11 03:04:04,7025000,,False
2026-02-11 03:04:09,7050000,,False
2026-02-11 03:04:09,7050000,,False
2026-02-11 03:04:14,3525000,,False
2026-02-11 03:04:14,3525000,,False
2026-02-11 03:04:19,3550000,291.6388497378553,True
2026-02-11 03:04:19,3550000,291.6388497378553,True
2026-02-11 03:04:25,3575000,,False
2026-02-11 03:04:25,3575000,,False
2026-02-11 03:09:30,7000000,,False
2026-02-11 03:09:30,7000000,,False
2026-02-11 03:09:35,7025000,,False
2026-02-11 03:09:35,7025000,,False
2026-02-11 03:09:41,7050000,,False
2026-02-11 03:09:41,7050000,,False
2026-02-11 03:09:46,3525000,,False
2026-02-11 03:09:46,3525000,,False
2026-02-11 03:09:51,3550000,,False
2026-02-11 03:09:51,3550000,,False
2026-02-11 03:09:56,3575000,,False
2026-02-11 03:09:56,3575000,,False
2026-02-11 03:15:02,7000000,,False
2026-02-11 03:15:02,7000000,,False
2026-02-11 03:15:07,7025000,,False
2026-02-11 03:15:07,7025000,,False
2026-02-11 03:15:12,7050000,,False
2026-02-11 03:15:12,7050000,,False
2026-02-11 03:15:17,3525000,,False
2026-02-11 03:15:17,3525000,,False
2026-02-11 03:15:23,3550000,280.89426053698696,True
2026-02-11 03:15:23,3550000,280.89426053698696,True
2026-02-11 03:15:28,3575000,,False
2026-02-11 03:15:28,3575000,,False
2026-02-11 03:20:33,7000000,,False
2026-02-11 03:20:33,7000000,,False
2026-02-11 03:20:39,7025000,,False
2026-02-11 03:20:39,7025000,,False
2026-02-11 03:20:44,7050000,,False
2026-02-11 03:20:44,7050000,,False
2026-02-11 03:20:49,3525000,,False
2026-02-11 03:20:49,3525000,,False
2026-02-11 03:20:54,3550000,309.2906748535676,True
2026-02-11 03:20:54,3550000,309.2906748535676,True
2026-02-11 03:21:00,3575000,,False
2026-02-11 03:21:00,3575000,,False
2026-02-11 03:26:05,7000000,,False
2026-02-11 03:26:05,7000000,,False
2026-02-11 03:26:10,7025000,,False
2026-02-11 03:26:10,7025000,,False
2026-02-11 03:26:16,7050000,,False
2026-02-11 03:26:16,7050000,,False
2026-02-11 03:26:21,3525000,313.12802813959206,True
2026-02-11 03:26:21,3525000,313.12802813959206,True
2026-02-11 03:26:26,3550000,,False
2026-02-11 03:26:26,3550000,,False
2026-02-11 03:26:31,3575000,,False
2026-02-11 03:26:31,3575000,,False
2026-02-11 03:31:37,7000000,,False
2026-02-11 03:31:37,7000000,,False
2026-02-11 03:31:42,7025000,,False
2026-02-11 03:31:42,7025000,,False
2026-02-11 03:31:47,7050000,,False
2026-02-11 03:31:47,7050000,,False
2026-02-11 03:31:52,3525000,,False
2026-02-11 03:31:52,3525000,,False
2026-02-11 03:31:58,3550000,346.89673705660687,True
2026-02-11 03:31:58,3550000,346.89673705660687,True
2026-02-11 03:32:03,3575000,,False
2026-02-11 03:32:03,3575000,,False
2026-02-11 03:37:08,7000000,,False
2026-02-11 03:37:08,7000000,,False
2026-02-11 03:37:14,7025000,,False
2026-02-11 03:37:14,7025000,,False
2026-02-11 03:37:19,7050000,,False
2026-02-11 03:37:19,7050000,,False
2026-02-11 03:37:24,3525000,,False
2026-02-11 03:37:24,3525000,,False
2026-02-11 03:37:29,3550000,373.75821005877776,True
2026-02-11 03:37:29,3550000,373.75821005877776,True
2026-02-11 03:37:35,3575000,,False
2026-02-11 03:37:35,3575000,,False
2026-02-11 03:42:40,7000000,,False
2026-02-11 03:42:40,7000000,,False
2026-02-11 03:42:45,7025000,,False
2026-02-11 03:42:45,7025000,,False
2026-02-11 03:42:50,7050000,,False
2026-02-11 03:42:50,7050000,,False
2026-02-11 03:42:56,3525000,378.3630340020071,True
2026-02-11 03:42:56,3525000,378.36303400200705,True
2026-02-11 03:43:01,3550000,332.3147945697141,True
2026-02-11 03:43:01,3550000,332.3147945697141,True
2026-02-11 03:43:06,3575000,,False
2026-02-11 03:43:06,3575000,,False
2026-02-11 03:48:12,7000000,,False
2026-02-11 03:48:12,7000000,,False
2026-02-11 03:48:17,7025000,,False
2026-02-11 03:48:17,7025000,,False
2026-02-11 03:48:22,7050000,,False
2026-02-11 03:48:22,7050000,,False
2026-02-11 03:48:27,3525000,,False
2026-02-11 03:48:27,3525000,,False
2026-02-11 03:48:33,3550000,369.1533861155484,True
2026-02-11 03:48:33,3550000,369.1533861155484,True
2026-02-11 03:48:38,3575000,,False
2026-02-11 03:48:38,3575000,,False
2026-02-11 03:53:43,7000000,,False
2026-02-11 03:53:43,7000000,,False
2026-02-11 03:53:49,7025000,,False
2026-02-11 03:53:49,7025000,,False
2026-02-11 03:53:54,7050000,,False
2026-02-11 03:53:54,7050000,,False
2026-02-11 03:53:59,3525000,,False
2026-02-11 03:53:59,3525000,,False
2026-02-11 03:54:04,3550000,294.70873236667484,True
2026-02-11 03:54:04,3550000,294.70873236667484,True
2026-02-11 03:54:10,3575000,,False
2026-02-11 03:54:10,3575000,,False
2026-02-11 03:59:15,7000000,,False
2026-02-11 03:59:15,7000000,,False
2026-02-11 03:59:20,7025000,,False
2026-02-11 03:59:20,7025000,,False
2026-02-11 03:59:26,7050000,,False
2026-02-11 03:59:26,7050000,,False
2026-02-11 03:59:31,3525000,,False
2026-02-11 03:59:31,3525000,,False
2026-02-11 03:59:36,3550000,315.4304401112067,True
2026-02-11 03:59:36,3550000,315.4304401112067,True
2026-02-11 03:59:41,3575000,,False
2026-02-11 03:59:41,3575000,,False
2026-02-11 04:04:47,7000000,,False
2026-02-11 04:04:47,7000000,,False
2026-02-11 04:04:52,7025000,,False
2026-02-11 04:04:52,7025000,,False
2026-02-11 04:04:57,7050000,,False
2026-02-11 04:04:57,7050000,,False
2026-02-11 04:05:02,3525000,,False
2026-02-11 04:05:02,3525000,,False
2026-02-11 04:05:08,3550000,,False
2026-02-11 04:05:08,3550000,,False
2026-02-11 04:05:13,3575000,305.4533215675432,True
2026-02-11 04:05:13,3575000,305.4533215675432,True
2026-02-11 04:10:18,7000000,,False
2026-02-11 04:10:18,7000000,,False
2026-02-11 04:10:24,7025000,,False
2026-02-11 04:10:24,7025000,,False
2026-02-11 04:10:29,7050000,,False
2026-02-11 04:10:29,7050000,,False
2026-02-11 04:10:34,3525000,,False
2026-02-11 04:10:34,3525000,,False
2026-02-11 04:10:39,3550000,,False
2026-02-11 04:10:39,3550000,,False
2026-02-11 04:10:45,3575000,,False
2026-02-11 04:10:45,3575000,,False
2026-02-11 04:15:50,7000000,,False
2026-02-11 04:15:50,7000000,,False
2026-02-11 04:15:55,7025000,,False
2026-02-11 04:15:55,7025000,,False
2026-02-11 04:16:00,7050000,,False
2026-02-11 04:16:00,7050000,,False
2026-02-11 04:16:06,3525000,,False
2026-02-11 04:16:06,3525000,,False
2026-02-11 04:16:11,3550000,329.2449119408945,True
2026-02-11 04:16:11,3550000,329.24491194089455,True
2026-02-11 04:16:16,3575000,,False
2026-02-11 04:16:16,3575000,,False
2026-02-11 04:21:22,7000000,,False
2026-02-11 04:21:22,7000000,,False
2026-02-11 04:21:27,7025000,,False
2026-02-11 04:21:27,7025000,,False
2026-02-11 04:21:32,7050000,,False
2026-02-11 04:21:32,7050000,,False
2026-02-11 04:21:37,3525000,305.4533215675432,True
2026-02-11 04:21:37,3525000,305.4533215675432,True
2026-02-11 04:21:43,3550000,,False
2026-02-11 04:21:43,3550000,,False
2026-02-11 04:21:48,3575000,,False
2026-02-11 04:21:48,3575000,,False
2026-02-11 04:26:53,7000000,,False
2026-02-11 04:26:53,7000000,,False
2026-02-11 04:26:59,7025000,,False
2026-02-11 04:26:59,7025000,,False
2026-02-11 04:27:04,7050000,,False
2026-02-11 04:27:04,7050000,,False
2026-02-11 04:27:09,3525000,,False
2026-02-11 04:27:09,3525000,,False
2026-02-11 04:27:14,3550000,,False
2026-02-11 04:27:14,3550000,,False
2026-02-11 04:27:20,3575000,,False
2026-02-11 04:27:20,3575000,,False
2026-02-11 04:32:25,7000000,,False
2026-02-11 04:32:25,7000000,,False
2026-02-11 04:32:30,7025000,,False
2026-02-11 04:32:30,7025000,,False
2026-02-11 04:32:36,7050000,,False
2026-02-11 04:32:36,7050000,,False
2026-02-11 04:32:41,3525000,,False
2026-02-11 04:32:41,3525000,,False
2026-02-11 04:32:46,3550000,355.33891428586054,True
2026-02-11 04:32:46,3550000,355.33891428586054,True
2026-02-11 04:32:51,3575000,,False
2026-02-11 04:32:51,3575000,,False
2026-02-11 04:37:57,7000000,,False
2026-02-11 04:37:57,7000000,,False
2026-02-11 04:38:02,7025000,,False
2026-02-11 04:38:02,7025000,,False
2026-02-11 04:38:07,7050000,,False
2026-02-11 04:38:07,7050000,,False
2026-02-11 04:38:12,3525000,,False
2026-02-11 04:38:12,3525000,,False
2026-02-11 04:38:18,3550000,,False
2026-02-11 04:38:18,3550000,,False
2026-02-11 04:38:23,3575000,,False
2026-02-11 04:38:23,3575000,,False
2026-02-11 04:43:28,7000000,,False
2026-02-11 04:43:28,7000000,,False
2026-02-11 04:43:34,7025000,,False
2026-02-11 04:43:34,7025000,,False
2026-02-11 04:43:39,7050000,,False
2026-02-11 04:43:39,7050000,,False
2026-02-11 04:43:44,3525000,,False
2026-02-11 04:43:44,3525000,,False
2026-02-11 04:43:49,3550000,,False
2026-02-11 04:43:49,3550000,,False
2026-02-11 04:43:55,3575000,,False
2026-02-11 04:43:55,3575000,,False
2026-02-11 04:49:00,7000000,,False
2026-02-11 04:49:00,7000000,,False
2026-02-11 04:49:05,7025000,,False
2026-02-11 04:49:05,7025000,,False
2026-02-11 04:49:11,7050000,,False
2026-02-11 04:49:11,7050000,,False
2026-02-11 04:49:16,3525000,,False
2026-02-11 04:49:16,3525000,,False
2026-02-11 04:49:21,3550000,,False
2026-02-11 04:49:21,3550000,,False
2026-02-11 04:49:26,3575000,,False
2026-02-11 04:49:26,3575000,,False
2026-02-11 04:54:32,7000000,,False
2026-02-11 04:54:32,7000000,,False
2026-02-11 04:54:37,7025000,,False
2026-02-11 04:54:37,7025000,,False
2026-02-11 04:54:42,7050000,,False
2026-02-11 04:54:42,7050000,,False
2026-02-11 04:54:48,3525000,338.45455982735314,True
2026-02-11 04:54:48,3525000,338.45455982735314,True
2026-02-11 04:54:53,3550000,,False
2026-02-11 04:54:53,3550000,,False
2026-02-11 04:54:58,3575000,,False
2026-02-11 04:54:58,3575000,,False
2026-02-11 05:00:03,7000000,,False
2026-02-11 05:00:03,7000000,,False
2026-02-11 05:00:09,7025000,,False
2026-02-11 05:00:09,7025000,,False
2026-02-11 05:00:14,7050000,419.8064494910707,True
2026-02-11 05:00:14,7050000,419.8064494910707,True
2026-02-11 05:00:19,3525000,326.175029312075,True
2026-02-11 05:00:19,3525000,326.175029312075,True
2026-02-11 05:00:24,3550000,320.8027347116408,True
2026-02-11 05:00:24,3550000,320.8027347116408,True
2026-02-11 05:00:30,3575000,,False
2026-02-11 05:00:30,3575000,,False
2026-02-11 05:05:35,7000000,,False
2026-02-11 05:05:35,7000000,,False
2026-02-11 05:05:40,7025000,,False
2026-02-11 05:05:40,7025000,,False
2026-02-11 05:05:46,7050000,,False
2026-02-11 05:05:46,7050000,,False
2026-02-11 05:05:51,3525000,,False
2026-02-11 05:05:51,3525000,,False
2026-02-11 05:05:56,3550000,359.94373822908983,True
2026-02-11 05:05:56,3550000,359.94373822908983,True
2026-02-11 05:06:01,3575000,,False
2026-02-11 05:06:01,3575000,,False
2026-02-11 05:11:07,7000000,,False
2026-02-11 05:11:07,7000000,,False
2026-02-11 05:11:12,7025000,,False
2026-02-11 05:11:12,7025000,,False
2026-02-11 05:11:17,7050000,,False
2026-02-11 05:11:17,7050000,,False
2026-02-11 05:11:22,3525000,320.8027347116408,True
2026-02-11 05:11:22,3525000,320.8027347116408,True
2026-02-11 05:11:28,3550000,326.9424999692799,True
2026-02-11 05:11:28,3550000,326.9424999692799,True
2026-02-11 05:11:33,3575000,,False
2026-02-11 05:11:33,3575000,,False
2026-02-11 05:16:38,7000000,,False
2026-02-11 05:16:38,7000000,,False
2026-02-11 05:16:44,7025000,,False
2026-02-11 05:16:44,7025000,,False
2026-02-11 05:16:49,7050000,,False
2026-02-11 05:16:49,7050000,,False
2026-02-11 05:16:54,3525000,328.47744128368964,True
2026-02-11 05:16:54,3525000,328.47744128368964,True
2026-02-11 05:16:59,3550000,328.47744128368964,True
2026-02-11 05:16:59,3550000,328.47744128368964,True
2026-02-11 05:17:05,3575000,,False
2026-02-11 05:17:05,3575000,,False
2026-02-11 05:22:10,7000000,,False
2026-02-11 05:22:10,7000000,,False
2026-02-11 05:22:15,7025000,,False
2026-02-11 05:22:15,7025000,,False
2026-02-11 05:22:21,7050000,,False
2026-02-11 05:22:21,7050000,,False
2026-02-11 05:22:26,3525000,,False
2026-02-11 05:22:26,3525000,,False
2026-02-11 05:22:31,3550000,327.7099706264848,True
2026-02-11 05:22:31,3550000,327.7099706264848,True
2026-02-11 05:22:36,3575000,,False
2026-02-11 05:22:36,3575000,,False
2026-02-11 05:27:42,7000000,,False
2026-02-11 05:27:42,7000000,,False
2026-02-11 05:27:47,7025000,,False
2026-02-11 05:27:47,7025000,,False
2026-02-11 05:27:52,7050000,,False
2026-02-11 05:27:52,7050000,,False
2026-02-11 05:27:58,3525000,,False
2026-02-11 05:27:58,3525000,,False
2026-02-11 05:28:03,3550000,339.22203048455805,True
2026-02-11 05:28:03,3550000,339.22203048455805,True
2026-02-11 05:28:08,3575000,,False
2026-02-11 05:28:08,3575000,,False
2026-02-11 05:33:13,7000000,,False
2026-02-11 05:33:13,7000000,,False
2026-02-11 05:33:19,7025000,,False
2026-02-11 05:33:19,7025000,,False
2026-02-11 05:33:24,7050000,,False
2026-02-11 05:33:24,7050000,,False
2026-02-11 05:33:29,3525000,327.7099706264848,True
2026-02-11 05:33:29,3525000,327.7099706264848,True
2026-02-11 05:33:34,3550000,,False
2026-02-11 05:33:34,3550000,,False
2026-02-11 05:33:40,3575000,,False
2026-02-11 05:33:40,3575000,,False
2026-02-11 05:38:45,7000000,,False
2026-02-11 05:38:45,7000000,,False
2026-02-11 05:38:50,7025000,,False
2026-02-11 05:38:50,7025000,,False
2026-02-11 05:38:56,7050000,,False
2026-02-11 05:38:56,7050000,,False
2026-02-11 05:39:01,3525000,303.9183802531334,True
2026-02-11 05:39:01,3525000,303.9183802531334,True
2026-02-11 05:39:06,3550000,,False
2026-02-11 05:39:06,3550000,,False
2026-02-11 05:39:11,3575000,,False
2026-02-11 05:39:11,3575000,,False
2026-02-11 05:44:17,7000000,,False
2026-02-11 05:44:17,7000000,,False
2026-02-11 05:44:22,7025000,,False
2026-02-11 05:44:22,7025000,,False
2026-02-11 05:44:28,7050000,,False
2026-02-11 05:44:28,7050000,,False
2026-02-11 05:44:33,3525000,,False
2026-02-11 05:44:33,3525000,,False
2026-02-11 05:44:38,3550000,350.7340903426313,True
2026-02-11 05:44:38,3550000,350.7340903426313,True
2026-02-11 05:44:44,3575000,,False
2026-02-11 05:44:44,3575000,,False
2026-02-11 05:49:49,7000000,,False
2026-02-11 05:49:49,7000000,,False
2026-02-11 05:49:54,7025000,,False
2026-02-11 05:49:54,7025000,,False
2026-02-11 05:50:00,7050000,,False
2026-02-11 05:50:00,7050000,,False
2026-02-11 05:50:05,3525000,,False
2026-02-11 05:50:05,3525000,,False
2026-02-11 05:50:10,3550000,313.8954987967969,True
2026-02-11 05:50:10,3550000,313.8954987967969,True
2026-02-11 05:50:15,3575000,,False
2026-02-11 05:50:15,3575000,,False
2026-02-11 05:55:21,7000000,,False
2026-02-11 05:55:21,7000000,,False
2026-02-11 05:55:26,7025000,,False
2026-02-11 05:55:26,7025000,,False
2026-02-11 05:55:31,7050000,,False
2026-02-11 05:55:31,7050000,,False
2026-02-11 05:55:36,3525000,291.6388497378553,True
2026-02-11 05:55:36,3525000,291.6388497378553,True
2026-02-11 05:55:42,3550000,,False
2026-02-11 05:55:42,3550000,,False
2026-02-11 05:55:47,3575000,,False
2026-02-11 05:55:47,3575000,,False
2026-02-11 06:00:52,7000000,,False
2026-02-11 06:00:52,7000000,,False
2026-02-11 06:00:58,7025000,,False
2026-02-11 06:00:58,7025000,,False
2026-02-11 06:01:03,7050000,,False
2026-02-11 06:01:03,7050000,,False
2026-02-11 06:01:08,3525000,311.5930868251823,True
2026-02-11 06:01:08,3525000,311.5930868251823,True
2026-02-11 06:01:13,3550000,,False
2026-02-11 06:01:13,3550000,,False
2026-02-11 06:01:19,3575000,,False
2026-02-11 06:01:19,3575000,,False
2026-02-11 06:06:24,7000000,,False
2026-02-11 06:06:24,7000000,,False
2026-02-11 06:06:29,7025000,,False
2026-02-11 06:06:29,7025000,,False
2026-02-11 06:06:35,7050000,,False
2026-02-11 06:06:35,7050000,,False
2026-02-11 06:06:40,3525000,307.75573353915786,True
2026-02-11 06:06:40,3525000,307.75573353915786,True
2026-02-11 06:06:45,3550000,,False
2026-02-11 06:06:45,3550000,,False
2026-02-11 06:06:50,3575000,,False
2026-02-11 06:06:50,3575000,,False
2026-02-11 06:11:56,7000000,,False
2026-02-11 06:11:56,7000000,,False
2026-02-11 06:12:01,7025000,,False
2026-02-11 06:12:01,7025000,,False
2026-02-11 06:12:06,7050000,,False
2026-02-11 06:12:06,7050000,,False
2026-02-11 06:12:12,3525000,,False
2026-02-11 06:12:12,3525000,,False
2026-02-11 06:12:17,3550000,,False
2026-02-11 06:12:17,3550000,,False
2026-02-11 06:12:22,3575000,,False
2026-02-11 06:12:22,3575000,,False
2026-02-11 06:17:27,7000000,,False
2026-02-11 06:17:27,7000000,,False
2026-02-11 06:17:33,7025000,,False
2026-02-11 06:17:33,7025000,,False
2026-02-11 06:17:38,7050000,,False
2026-02-11 06:17:38,7050000,,False
2026-02-11 06:17:43,3525000,,False
2026-02-11 06:17:43,3525000,,False
2026-02-11 06:17:48,3550000,,False
2026-02-11 06:17:48,3550000,,False
2026-02-11 06:17:54,3575000,,False
2026-02-11 06:17:54,3575000,,False
2026-02-11 06:22:59,7000000,,False
2026-02-11 06:22:59,7000000,,False
2026-02-11 06:23:04,7025000,,False
2026-02-11 06:23:04,7025000,,False
2026-02-11 06:23:10,7050000,,False
2026-02-11 06:23:10,7050000,,False
2026-02-11 06:23:15,3525000,267.0797887072991,True
2026-02-11 06:23:15,3525000,267.0797887072991,True
2026-02-11 06:23:20,3550000,277.0569072509626,True
2026-02-11 06:23:20,3550000,277.0569072509626,True
2026-02-11 06:23:25,3575000,,False
2026-02-11 06:23:25,3575000,,False
2026-02-11 06:28:31,7000000,,False
2026-02-11 06:28:31,7000000,,False
2026-02-11 06:28:36,7025000,,False
2026-02-11 06:28:36,7025000,,False
2026-02-11 06:28:41,7050000,,False
2026-02-11 06:28:41,7050000,,False
2026-02-11 06:28:47,3525000,279.3593192225772,True
2026-02-11 06:28:47,3525000,279.3593192225772,True
2026-02-11 06:28:52,3550000,,False
2026-02-11 06:28:52,3550000,,False
2026-02-11 06:28:57,3575000,,False
2026-02-11 06:28:57,3575000,,False
2026-02-11 06:34:02,7000000,,False
2026-02-11 06:34:02,7000000,,False
2026-02-11 06:34:08,7025000,,False
2026-02-11 06:34:08,7025000,,False
2026-02-11 06:34:13,7050000,,False
2026-02-11 06:34:13,7050000,,False
2026-02-11 06:34:18,3525000,,False
2026-02-11 06:34:18,3525000,,False
2026-02-11 06:34:23,3550000,286.2665551374211,True
2026-02-11 06:34:23,3550000,286.2665551374211,True
2026-02-11 06:34:29,3575000,,False
2026-02-11 06:34:29,3575000,,False
2026-02-11 06:39:34,7000000,,False
2026-02-11 06:39:34,7000000,,False
2026-02-11 06:39:39,7025000,,False
2026-02-11 06:39:39,7025000,,False
2026-02-11 06:39:45,7050000,,False
2026-02-11 06:39:45,7050000,,False
2026-02-11 06:39:50,3525000,,False
2026-02-11 06:39:50,3525000,,False
2026-02-11 06:39:55,3550000,316.96538142561644,True
2026-02-11 06:39:55,3550000,316.96538142561644,True
2026-02-11 06:40:00,3575000,,False
2026-02-11 06:40:00,3575000,,False
2026-02-11 06:45:06,7000000,,False
2026-02-11 06:45:06,7000000,,False
2026-02-11 06:45:11,7025000,,False
2026-02-11 06:45:11,7025000,,False
2026-02-11 06:45:16,7050000,,False
2026-02-11 06:45:16,7050000,,False
2026-02-11 06:45:22,3525000,,False
2026-02-11 06:45:22,3525000,,False
2026-02-11 06:45:27,3550000,,False
2026-02-11 06:45:27,3550000,,False
2026-02-11 06:45:32,3575000,,False
2026-02-11 06:45:32,3575000,,False
2026-02-11 06:50:37,7000000,,False
2026-02-11 06:50:37,7000000,,False
2026-02-11 06:50:43,7025000,,False
2026-02-11 06:50:43,7025000,,False
2026-02-11 06:50:48,7050000,,False
2026-02-11 06:50:48,7050000,,False
2026-02-11 06:50:53,3525000,280.89426053698696,True
2026-02-11 06:50:53,3525000,280.89426053698696,True
2026-02-11 06:50:58,3550000,,False
2026-02-11 06:50:58,3550000,,False
2026-02-11 06:51:04,3575000,,False
2026-02-11 06:51:04,3575000,,False
2026-02-11 06:56:09,7000000,,False
2026-02-11 06:56:09,7000000,,False
2026-02-11 06:56:14,7025000,,False
2026-02-11 06:56:14,7025000,,False
2026-02-11 06:56:20,7050000,,False
2026-02-11 06:56:20,7050000,,False
2026-02-11 06:56:25,3525000,269.3822006789137,True
2026-02-11 06:56:25,3525000,269.3822006789137,True
2026-02-11 06:56:30,3550000,290.10390842344555,True
2026-02-11 06:56:30,3550000,290.10390842344555,True
2026-02-11 06:56:35,3575000,,False
2026-02-11 06:56:35,3575000,,False
2026-02-11 07:01:41,7000000,,False
2026-02-11 07:01:41,7000000,,False
2026-02-11 07:01:46,7025000,,False
2026-02-11 07:01:46,7025000,,False
2026-02-11 07:01:51,7050000,,False
2026-02-11 07:01:51,7050000,,False
2026-02-11 07:01:57,3525000,286.2665551374211,True
2026-02-11 07:01:57,3525000,286.2665551374211,True
2026-02-11 07:02:02,3550000,,False
2026-02-11 07:02:02,3550000,,False
2026-02-11 07:02:07,3575000,,False
2026-02-11 07:02:07,3575000,,False
2026-02-11 07:07:12,7000000,,False
2026-02-11 07:07:12,7000000,,False
2026-02-11 07:07:18,7025000,,False
2026-02-11 07:07:18,7025000,,False
2026-02-11 07:07:23,7050000,,False
2026-02-11 07:07:23,7050000,,False
2026-02-11 07:07:28,3525000,,False
2026-02-11 07:07:28,3525000,,False
2026-02-11 07:07:33,3550000,270.1496713361186,True
2026-02-11 07:07:33,3550000,270.1496713361186,True
2026-02-11 07:07:39,3575000,,False
2026-02-11 07:07:39,3575000,,False
2026-02-11 07:12:44,7000000,,False
2026-02-11 07:12:44,7000000,,False
2026-02-11 07:12:49,7025000,,False
2026-02-11 07:12:49,7025000,,False
2026-02-11 07:12:55,7050000,,False
2026-02-11 07:12:55,7050000,,False
2026-02-11 07:13:00,3525000,,False
2026-02-11 07:13:00,3525000,,False
2026-02-11 07:13:05,3550000,278.59184856537235,True
2026-02-11 07:13:05,3550000,278.59184856537235,True
2026-02-11 07:13:10,3575000,,False
2026-02-11 07:13:10,3575000,,False
2026-02-11 07:18:16,7000000,,False
2026-02-11 07:18:16,7000000,,False
2026-02-11 07:18:21,7025000,,False
2026-02-11 07:18:21,7025000,,False
2026-02-11 07:18:26,7050000,,False
2026-02-11 07:18:26,7050000,,False
2026-02-11 07:18:32,3525000,,False
2026-02-11 07:18:32,3525000,,False
2026-02-11 07:18:37,3550000,264.0099060784796,True
2026-02-11 07:18:37,3550000,264.00990607847956,True
2026-02-11 07:18:42,3575000,,False
2026-02-11 07:18:42,3575000,,False
2026-02-11 07:23:47,7000000,,False
2026-02-11 07:23:47,7000000,,False
2026-02-11 07:23:53,7025000,,False
2026-02-11 07:23:53,7025000,,False
2026-02-11 07:23:58,7050000,,False
2026-02-11 07:23:58,7050000,,False
2026-02-11 07:24:03,3525000,,False
2026-02-11 07:24:03,3525000,,False
2026-02-11 07:24:09,3550000,,False
2026-02-11 07:24:09,3550000,,False
2026-02-11 07:24:14,3575000,,False
2026-02-11 07:24:14,3575000,,False
2026-02-11 07:29:19,7000000,,False
2026-02-11 07:29:19,7000000,,False
2026-02-11 07:29:24,7025000,,False
2026-02-11 07:29:24,7025000,,False
2026-02-11 07:29:30,7050000,,False
2026-02-11 07:29:30,7050000,,False
2026-02-11 07:29:35,3525000,293.1737910522651,True
2026-02-11 07:29:35,3525000,293.1737910522651,True
2026-02-11 07:29:40,3550000,298.5460856526992,True
2026-02-11 07:29:40,3550000,298.5460856526992,True
2026-02-11 07:29:45,3575000,,False
2026-02-11 07:29:45,3575000,,False
2026-02-11 07:34:51,7000000,,False
2026-02-11 07:34:51,7000000,,False
2026-02-11 07:34:56,7025000,,False
2026-02-11 07:34:56,7025000,,False
2026-02-11 07:35:02,7050000,,False
2026-02-11 07:35:02,7050000,,False
2026-02-11 07:35:07,3525000,283.9641431658065,True
2026-02-11 07:35:07,3525000,283.9641431658065,True
2026-02-11 07:35:12,3550000,270.1496713361186,True
2026-02-11 07:35:12,3550000,270.1496713361186,True
2026-02-11 07:35:18,3575000,290.87137908065046,True
2026-02-11 07:35:18,3575000,290.87137908065046,True
2026-02-11 07:40:23,7000000,,False
2026-02-11 07:40:23,7000000,,False
2026-02-11 07:40:28,7025000,,False
2026-02-11 07:40:28,7025000,,False
2026-02-11 07:40:34,7050000,,False
2026-02-11 07:40:34,7050000,,False
2026-02-11 07:40:39,3525000,298.5460856526992,True
2026-02-11 07:40:39,3525000,298.5460856526992,True
2026-02-11 07:40:45,3550000,303.15090959592857,True
2026-02-11 07:40:45,3550000,303.15090959592857,True
2026-02-11 07:40:50,3575000,,False
2026-02-11 07:40:50,3575000,,False
2026-02-11 07:45:55,7000000,,False
2026-02-11 07:45:55,7000000,,False
2026-02-11 07:46:01,7025000,,False
2026-02-11 07:46:01,7025000,,False
2026-02-11 07:46:06,7050000,,False
2026-02-11 07:46:06,7050000,,False
2026-02-11 07:46:11,3525000,,False
2026-02-11 07:46:11,3525000,,False
2026-02-11 07:46:16,3550000,,False
2026-02-11 07:46:16,3550000,,False
2026-02-11 07:46:22,3575000,379.8979753164168,True
2026-02-11 07:46:22,3575000,379.8979753164168,True
2026-02-11 07:51:27,7000000,,False
2026-02-11 07:51:27,7000000,,False
2026-02-11 07:51:32,7025000,,False
2026-02-11 07:51:32,7025000,,False
2026-02-11 07:51:38,7050000,,False
2026-02-11 07:51:38,7050000,,False
2026-02-11 07:51:43,3525000,291.6388497378553,True
2026-02-11 07:51:43,3525000,291.6388497378553,True
2026-02-11 07:51:48,3550000,356.1063849430654,True
2026-02-11 07:51:48,3550000,356.1063849430654,True
2026-02-11 07:51:53,3575000,,False
2026-02-11 07:51:53,3575000,,False
2026-02-11 07:56:59,7000000,,False
2026-02-11 07:56:59,7000000,,False
2026-02-11 07:57:04,7025000,,False
2026-02-11 07:57:04,7025000,,False
2026-02-11 07:57:10,7050000,,False
2026-02-11 07:57:10,7050000,,False
2026-02-11 07:57:15,3525000,,False
2026-02-11 07:57:15,3525000,,False
2026-02-11 07:57:20,3550000,,False
2026-02-11 07:57:20,3550000,,False
2026-02-11 07:57:26,3575000,340.7569717989678,True
2026-02-11 07:57:26,3575000,340.7569717989678,True
2026-02-11 08:02:31,7000000,,False
2026-02-11 08:02:31,7000000,,False
2026-02-11 08:02:36,7025000,,False
2026-02-11 08:02:36,7025000,,False
2026-02-11 08:02:42,7050000,,False
2026-02-11 08:02:42,7050000,,False
2026-02-11 08:02:47,3525000,,False
2026-02-11 08:02:47,3525000,,False
2026-02-11 08:02:52,3550000,,False
2026-02-11 08:02:52,3550000,,False
2026-02-11 08:02:57,3575000,,False
2026-02-11 08:02:57,3575000,,False
2026-02-11 08:08:03,7000000,,False
2026-02-11 08:08:03,7000000,,False
2026-02-11 08:08:08,7025000,,False
2026-02-11 08:08:08,7025000,,False
2026-02-11 08:08:13,7050000,,False
2026-02-11 08:08:13,7050000,,False
2026-02-11 08:08:18,3525000,,False
2026-02-11 08:08:18,3525000,,False
2026-02-11 08:08:24,3550000,,False
2026-02-11 08:08:24,3550000,,False
2026-02-11 08:08:29,3575000,405.22450700417795,True
2026-02-11 08:08:29,3575000,405.224507004178,True
2026-02-11 08:13:34,7000000,,False
2026-02-11 08:13:34,7000000,,False
2026-02-11 08:13:40,7025000,,False
2026-02-11 08:13:40,7025000,,False
2026-02-11 08:13:45,7050000,,False
2026-02-11 08:13:45,7050000,,False
2026-02-11 08:13:50,3525000,310.0581455107725,True
2026-02-11 08:13:50,3525000,310.0581455107725,True
2026-02-11 08:13:55,3550000,323.10514668325544,True
2026-02-11 08:13:55,3550000,323.10514668325544,True
2026-02-11 08:14:01,3575000,,False
2026-02-11 08:14:01,3575000,,False
2026-02-11 08:19:06,7000000,,False
2026-02-11 08:19:06,7000000,,False
2026-02-11 08:19:11,7025000,,False
2026-02-11 08:19:11,7025000,,False
2026-02-11 08:19:16,7050000,,False
2026-02-11 08:19:16,7050000,,False
2026-02-11 08:19:22,3525000,,False
2026-02-11 08:19:22,3525000,,False
2026-02-11 08:19:27,3550000,,False
2026-02-11 08:19:27,3550000,,False
2026-02-11 08:19:32,3575000,,False
2026-02-11 08:19:32,3575000,,False
2026-02-11 08:24:38,7000000,,False
2026-02-11 08:24:38,7000000,,False
2026-02-11 08:24:43,7025000,,False
2026-02-11 08:24:43,7025000,,False
2026-02-11 08:24:48,7050000,,False
2026-02-11 08:24:48,7050000,,False
2026-02-11 08:24:53,3525000,,False
2026-02-11 08:24:53,3525000,,False
2026-02-11 08:24:59,3550000,341.52444245617266,True
2026-02-11 08:24:59,3550000,341.52444245617266,True
2026-02-11 08:25:04,3575000,,False
2026-02-11 08:25:04,3575000,,False
2026-02-11 08:30:09,7000000,,False
2026-02-11 08:30:09,7000000,,False
2026-02-11 08:30:15,7025000,,False
2026-02-11 08:30:15,7025000,,False
2026-02-11 08:30:20,7050000,,False
2026-02-11 08:30:20,7050000,,False
2026-02-11 08:30:25,3525000,,False
2026-02-11 08:30:25,3525000,,False
2026-02-11 08:30:30,3550000,371.4557980871631,True
2026-02-11 08:30:30,3550000,371.4557980871631,True
2026-02-11 08:30:36,3575000,,False
2026-02-11 08:30:36,3575000,,False
2026-02-11 08:35:41,7000000,,False
2026-02-11 08:35:41,7000000,,False
2026-02-11 08:35:46,7025000,,False
2026-02-11 08:35:46,7025000,,False
2026-02-11 08:35:52,7050000,,False
2026-02-11 08:35:52,7050000,,False
2026-02-11 08:35:57,3525000,377.59556334480214,True
2026-02-11 08:35:57,3525000,377.5955633448021,True
2026-02-11 08:36:02,3550000,,False
2026-02-11 08:36:02,3550000,,False
2026-02-11 08:36:07,3575000,,False
2026-02-11 08:36:07,3575000,,False
2026-02-11 08:41:13,7000000,,False
2026-02-11 08:41:13,7000000,,False
2026-02-11 08:41:18,7025000,,False
2026-02-11 08:41:18,7025000,,False
2026-02-11 08:41:23,7050000,,False
2026-02-11 08:41:23,7050000,,False
2026-02-11 08:41:28,3525000,444.3655105216269,True
2026-02-11 08:41:28,3525000,444.3655105216269,True
2026-02-11 08:41:34,3550000,,False
2026-02-11 08:41:34,3550000,,False
2026-02-11 08:41:39,3575000,,False
2026-02-11 08:41:39,3575000,,False
2026-02-11 08:46:44,7000000,,False
2026-02-11 08:46:44,7000000,,False
2026-02-11 08:46:50,7025000,,False
2026-02-11 08:46:50,7025000,,False
2026-02-11 08:46:55,7050000,,False
2026-02-11 08:46:55,7050000,,False
2026-02-11 08:47:00,3525000,,False
2026-02-11 08:47:00,3525000,,False
2026-02-11 08:47:05,3550000,,False
2026-02-11 08:47:05,3550000,,False
2026-02-11 08:47:11,3575000,,False
2026-02-11 08:47:11,3575000,,False
2026-02-11 08:52:16,7000000,,False
2026-02-11 08:52:16,7000000,,False
2026-02-11 08:52:21,7025000,,False
2026-02-11 08:52:21,7025000,,False
2026-02-11 08:52:27,7050000,,False
2026-02-11 08:52:27,7050000,,False
2026-02-11 08:52:32,3525000,,False
2026-02-11 08:52:32,3525000,,False
2026-02-11 08:52:37,3550000,,False
2026-02-11 08:52:37,3550000,,False
2026-02-11 08:52:42,3575000,,False
2026-02-11 08:52:42,3575000,,False
2026-02-11 08:57:48,7000000,,False
2026-02-11 08:57:48,7000000,,False
2026-02-11 08:57:53,7025000,,False
2026-02-11 08:57:53,7025000,,False
2026-02-11 08:57:58,7050000,,False
2026-02-11 08:57:58,7050000,,False
2026-02-11 08:58:03,3525000,,False
2026-02-11 08:58:03,3525000,,False
2026-02-11 08:58:09,3550000,,False
2026-02-11 08:58:09,3550000,,False
2026-02-11 08:58:14,3575000,366.0835034867289,True
2026-02-11 08:58:14,3575000,366.0835034867289,True
2026-02-11 09:03:19,7000000,,False
2026-02-11 09:03:19,7000000,,False
2026-02-11 09:03:25,7025000,,False
2026-02-11 09:03:25,7025000,,False
2026-02-11 09:03:30,7050000,,False
2026-02-11 09:03:30,7050000,,False
2026-02-11 09:03:35,3525000,,False
2026-02-11 09:03:35,3525000,,False
2026-02-11 09:03:40,3550000,389.10762320287535,True
2026-02-11 09:03:40,3550000,389.10762320287535,True
2026-02-11 09:03:46,3575000,,False
2026-02-11 09:03:46,3575000,,False
2026-02-11 09:08:51,7000000,,False
2026-02-11 09:08:51,7000000,,False
2026-02-11 09:08:56,7025000,,False
2026-02-11 09:08:56,7025000,,False
2026-02-11 09:09:02,7050000,,False
2026-02-11 09:09:02,7050000,,False
2026-02-11 09:09:07,3525000,,False
2026-02-11 09:09:07,3525000,,False
2026-02-11 09:09:12,3550000,,False
2026-02-11 09:09:12,3550000,,False
2026-02-11 09:09:17,3575000,,False
2026-02-11 09:09:17,3575000,,False
2026-02-11 09:14:23,7000000,,False
2026-02-11 09:14:23,7000000,,False
2026-02-11 09:14:28,7025000,,False
2026-02-11 09:14:28,7025000,,False
2026-02-11 09:14:33,7050000,,False
2026-02-11 09:14:33,7050000,,False
2026-02-11 09:14:38,3525000,361.4786795434996,True
2026-02-11 09:14:38,3525000,361.4786795434996,True
2026-02-11 09:14:44,3550000,356.8738556002703,True
2026-02-11 09:14:44,3550000,356.8738556002703,True
2026-02-11 09:14:49,3575000,,False
2026-02-11 09:14:49,3575000,,False
2026-02-11 09:19:54,7000000,,False
2026-02-11 09:19:54,7000000,,False
2026-02-11 09:20:00,7025000,,False
2026-02-11 09:20:00,7025000,,False
2026-02-11 09:20:05,7050000,,False
2026-02-11 09:20:05,7050000,,False
2026-02-11 09:20:10,3525000,,False
2026-02-11 09:20:10,3525000,,False
2026-02-11 09:20:15,3550000,,False
2026-02-11 09:20:15,3550000,,False
2026-02-11 09:20:21,3575000,425.94621474870974,True
2026-02-11 09:20:21,3575000,425.94621474870974,True
2026-02-11 09:25:26,7000000,,False
2026-02-11 09:25:26,7000000,,False
2026-02-11 09:25:31,7025000,,False
2026-02-11 09:25:31,7025000,,False
2026-02-11 09:25:37,7050000,,False
2026-02-11 09:25:37,7050000,,False
2026-02-11 09:25:42,3525000,,False
2026-02-11 09:25:42,3525000,,False
2026-02-11 09:25:47,3550000,330.7798532553043,True
2026-02-11 09:25:47,3550000,330.7798532553043,True
2026-02-11 09:25:52,3575000,375.2931513731875,True
2026-02-11 09:25:52,3575000,375.2931513731875,True
2026-02-11 09:30:58,7000000,,False
2026-02-11 09:30:58,7000000,,False
2026-02-11 09:31:03,7025000,,False
2026-02-11 09:31:03,7025000,,False
2026-02-11 09:31:08,7050000,,False
2026-02-11 09:31:08,7050000,,False
2026-02-11 09:31:14,3525000,355.33891428586054,True
2026-02-11 09:31:14,3525000,355.33891428586054,True
2026-02-11 09:31:19,3550000,343.05938377058243,True
2026-02-11 09:31:19,3550000,343.05938377058243,True
2026-02-11 09:31:24,3575000,,False
2026-02-11 09:31:24,3575000,,False
2026-02-11 09:36:29,7000000,,False
2026-02-11 09:36:29,7000000,,False
2026-02-11 09:36:35,7025000,,False
2026-02-11 09:36:35,7025000,,False
2026-02-11 09:36:40,7050000,,False
2026-02-11 09:36:40,7050000,,False
2026-02-11 09:36:45,3525000,383.7353286024412,True
2026-02-11 09:36:45,3525000,383.7353286024412,True
2026-02-11 09:36:50,3550000,346.129266399402,True
2026-02-11 09:36:50,3550000,346.129266399402,True
2026-02-11 09:36:56,3575000,432.8534506635537,True
2026-02-11 09:36:56,3575000,432.8534506635537,True
2026-02-11 09:42:01,7000000,,False
2026-02-11 09:42:01,7000000,,False
2026-02-11 09:42:06,7025000,,False
2026-02-11 09:42:06,7025000,,False
2026-02-11 09:42:11,7050000,,False
2026-02-11 09:42:11,7050000,,False
2026-02-11 09:42:17,3525000,342.2919131133776,True
2026-02-11 09:42:17,3525000,342.2919131133776,True
2026-02-11 09:42:22,3550000,396.7823297749242,True
2026-02-11 09:42:22,3550000,396.7823297749242,True
2026-02-11 09:42:27,3575000,405.22450700417795,True
2026-02-11 09:42:27,3575000,405.224507004178,True
2026-02-11 09:47:33,7000000,,False
2026-02-11 09:47:33,7000000,,False
2026-02-11 09:47:38,7025000,,False
2026-02-11 09:47:38,7025000,,False
2026-02-11 09:47:43,7050000,,False
2026-02-11 09:47:43,7050000,,False
2026-02-11 09:47:48,3525000,,False
2026-02-11 09:47:48,3525000,,False
2026-02-11 09:47:54,3550000,343.82685442778734,True
2026-02-11 09:47:54,3550000,343.82685442778734,True
2026-02-11 09:47:59,3575000,,False
2026-02-11 09:47:59,3575000,,False
2026-02-11 09:53:04,7000000,,False
2026-02-11 09:53:04,7000000,,False
2026-02-11 09:53:10,7025000,,False
2026-02-11 09:53:10,7025000,,False
2026-02-11 09:53:15,7050000,,False
2026-02-11 09:53:15,7050000,,False
2026-02-11 09:53:20,3525000,,False
2026-02-11 09:53:20,3525000,,False
2026-02-11 09:53:25,3550000,365.31603282952403,True
2026-02-11 09:53:25,3550000,365.316032829524,True
2026-02-11 09:53:31,3575000,,False
2026-02-11 09:53:31,3575000,,False
2026-02-11 09:58:36,7000000,,False
2026-02-11 09:58:36,7000000,,False
2026-02-11 09:58:41,7025000,,False
2026-02-11 09:58:41,7025000,,False
2026-02-11 09:58:46,7050000,,False
2026-02-11 09:58:46,7050000,,False
2026-02-11 09:58:52,3525000,,False
2026-02-11 09:58:52,3525000,,False
2026-02-11 09:58:57,3550000,330.0123825980994,True
2026-02-11 09:58:57,3550000,330.0123825980994,True
2026-02-11 09:59:02,3575000,,False
2026-02-11 09:59:02,3575000,,False
2026-02-11 10:04:08,7000000,,False
2026-02-11 10:04:08,7000000,,False
2026-02-11 10:04:13,7025000,,False
2026-02-11 10:04:13,7025000,,False
2026-02-11 10:04:18,7050000,,False
2026-02-11 10:04:18,7050000,,False
2026-02-11 10:04:23,3525000,,False
2026-02-11 10:04:23,3525000,,False
2026-02-11 10:04:29,3550000,,False
2026-02-11 10:04:29,3550000,,False
2026-02-11 10:04:34,3575000,,False
2026-02-11 10:04:34,3575000,,False
2026-02-11 10:09:39,7000000,,False
2026-02-11 10:09:39,7000000,,False
2026-02-11 10:09:45,7025000,,False
2026-02-11 10:09:45,7025000,,False
2026-02-11 10:09:50,7050000,,False
2026-02-11 10:09:50,7050000,,False
2026-02-11 10:09:55,3525000,,False
2026-02-11 10:09:55,3525000,,False
2026-02-11 10:10:00,3550000,330.0123825980994,True
2026-02-11 10:10:00,3550000,330.0123825980994,True
2026-02-11 10:10:06,3575000,,False
2026-02-11 10:10:06,3575000,,False
2026-02-11 10:15:11,7000000,,False
2026-02-11 10:15:11,7000000,,False
2026-02-11 10:15:16,7025000,,False
2026-02-11 10:15:16,7025000,,False
2026-02-11 10:15:22,7050000,,False
2026-02-11 10:15:22,7050000,,False
2026-02-11 10:15:27,3525000,,False
2026-02-11 10:15:27,3525000,,False
2026-02-11 10:15:32,3550000,,False
2026-02-11 10:15:32,3550000,,False
2026-02-11 10:15:37,3575000,,False
2026-02-11 10:15:37,3575000,,False
2026-02-11 10:20:43,7000000,,False
2026-02-11 10:20:43,7000000,,False
2026-02-11 10:20:48,7025000,,False
2026-02-11 10:20:48,7025000,,False
2026-02-11 10:20:53,7050000,,False
2026-02-11 10:20:53,7050000,,False
2026-02-11 10:20:58,3525000,,False
2026-02-11 10:20:58,3525000,,False
2026-02-11 10:21:04,3550000,,False
2026-02-11 10:21:04,3550000,,False
2026-02-11 10:21:09,3575000,,False
2026-02-11 10:21:09,3575000,,False
2026-02-11 10:26:14,7000000,,False
2026-02-11 10:26:14,7000000,,False
2026-02-11 10:26:20,7025000,,False
2026-02-11 10:26:20,7025000,,False
2026-02-11 10:26:25,7050000,,False
2026-02-11 10:26:25,7050000,,False
2026-02-11 10:26:30,3525000,,False
2026-02-11 10:26:30,3525000,,False
2026-02-11 10:26:35,3550000,,False
2026-02-11 10:26:35,3550000,,False
2026-02-11 10:26:41,3575000,,False
2026-02-11 10:26:41,3575000,,False
2026-02-11 10:31:46,7000000,,False
2026-02-11 10:31:46,7000000,,False
2026-02-11 10:31:51,7025000,,False
2026-02-11 10:31:51,7025000,,False
2026-02-11 10:31:57,7050000,,False
2026-02-11 10:31:57,7050000,,False
2026-02-11 10:32:02,3525000,,False
2026-02-11 10:32:02,3525000,,False
2026-02-11 10:32:07,3550000,,False
2026-02-11 10:32:07,3550000,,False
2026-02-11 10:32:12,3575000,,False
2026-02-11 10:32:12,3575000,,False
2026-02-11 10:37:18,7000000,,False
2026-02-11 10:37:18,7000000,,False
2026-02-11 10:37:23,7025000,,False
2026-02-11 10:37:23,7025000,,False
2026-02-11 10:37:28,7050000,,False
2026-02-11 10:37:28,7050000,,False
2026-02-11 10:37:33,3525000,,False
2026-02-11 10:37:33,3525000,,False
2026-02-11 10:37:39,3550000,,False
2026-02-11 10:37:39,3550000,,False
2026-02-11 10:37:44,3575000,282.4292018513967,True
2026-02-11 10:37:44,3575000,282.4292018513967,True
2026-02-11 10:42:49,7000000,,False
2026-02-11 10:42:49,7000000,,False
2026-02-11 10:42:55,7025000,,False
2026-02-11 10:42:55,7025000,,False
2026-02-11 10:43:00,7050000,,False
2026-02-11 10:43:00,7050000,,False
2026-02-11 10:43:05,3525000,,False
2026-02-11 10:43:05,3525000,,False
2026-02-11 10:43:10,3550000,,False
2026-02-11 10:43:10,3550000,,False
2026-02-11 10:43:16,3575000,,False
2026-02-11 10:43:16,3575000,,False
2026-02-11 10:48:21,7000000,,False
2026-02-11 10:48:21,7000000,,False
2026-02-11 10:48:26,7025000,,False
2026-02-11 10:48:26,7025000,,False
2026-02-11 10:48:32,7050000,,False
2026-02-11 10:48:32,7050000,,False
2026-02-11 10:48:37,3525000,,False
2026-02-11 10:48:37,3525000,,False
2026-02-11 10:48:42,3550000,,False
2026-02-11 10:48:42,3550000,,False
2026-02-11 10:48:47,3575000,,False
2026-02-11 10:48:47,3575000,,False
2026-02-11 10:53:53,7000000,,False
2026-02-11 10:53:53,7000000,,False
2026-02-11 10:53:58,7025000,,False
2026-02-11 10:53:58,7025000,,False
2026-02-11 10:54:03,7050000,,False
2026-02-11 10:54:03,7050000,,False
2026-02-11 10:54:09,3525000,,False
2026-02-11 10:54:09,3525000,,False
2026-02-11 10:54:14,3550000,,False
2026-02-11 10:54:14,3550000,,False
2026-02-11 10:54:19,3575000,,False
2026-02-11 10:54:19,3575000,,False
2026-02-11 10:59:24,7000000,,False
2026-02-11 10:59:24,7000000,,False
2026-02-11 10:59:30,7025000,,False
2026-02-11 10:59:30,7025000,,False
2026-02-11 10:59:35,7050000,,False
2026-02-11 10:59:35,7050000,,False
2026-02-11 10:59:40,3525000,,False
2026-02-11 10:59:40,3525000,,False
2026-02-11 10:59:45,3550000,,False
2026-02-11 10:59:45,3550000,,False
2026-02-11 10:59:51,3575000,,False
2026-02-11 10:59:51,3575000,,False
2026-02-11 11:04:56,7000000,,False
2026-02-11 11:04:56,7000000,,False
2026-02-11 11:05:01,7025000,,False
2026-02-11 11:05:01,7025000,,False
2026-02-11 11:05:07,7050000,,False
2026-02-11 11:05:07,7050000,,False
2026-02-11 11:05:12,3525000,,False
2026-02-11 11:05:12,3525000,,False
2026-02-11 11:05:17,3550000,,False
2026-02-11 11:05:17,3550000,,False
2026-02-11 11:05:22,3575000,,False
2026-02-11 11:05:22,3575000,,False
2026-02-11 11:10:28,7000000,,False
2026-02-11 11:10:28,7000000,,False
2026-02-11 11:10:33,7025000,,False
2026-02-11 11:10:33,7025000,,False
2026-02-11 11:10:38,7050000,,False
2026-02-11 11:10:38,7050000,,False
2026-02-11 11:10:44,3525000,,False
2026-02-11 11:10:44,3525000,,False
2026-02-11 11:10:49,3550000,,False
2026-02-11 11:10:49,3550000,,False
2026-02-11 11:10:54,3575000,,False
2026-02-11 11:10:54,3575000,,False
2026-02-11 11:15:59,7000000,,False
2026-02-11 11:15:59,7000000,,False
2026-02-11 11:16:05,7025000,,False
2026-02-11 11:16:05,7025000,,False
2026-02-11 11:16:10,7050000,,False
2026-02-11 11:16:10,7050000,,False
2026-02-11 11:16:15,3525000,,False
2026-02-11 11:16:15,3525000,,False
2026-02-11 11:16:21,3550000,,False
2026-02-11 11:16:21,3550000,,False
2026-02-11 11:16:26,3575000,,False
2026-02-11 11:16:26,3575000,,False
2026-02-11 11:21:31,7000000,,False
2026-02-11 11:21:31,7000000,,False
2026-02-11 11:21:36,7025000,376.8280926875973,True
2026-02-11 11:21:36,7025000,376.8280926875973,True
2026-02-11 11:21:42,7050000,,False
2026-02-11 11:21:42,7050000,,False
2026-02-11 11:21:47,3525000,,False
2026-02-11 11:21:47,3525000,,False
2026-02-11 11:21:52,3550000,,False
2026-02-11 11:21:52,3550000,,False
2026-02-11 11:21:57,3575000,,False
2026-02-11 11:21:57,3575000,,False
2026-02-11 11:27:03,7000000,,False
2026-02-11 11:27:03,7000000,,False
2026-02-11 11:27:08,7025000,,False
2026-02-11 11:27:08,7025000,,False
2026-02-11 11:27:13,7050000,,False
2026-02-11 11:27:13,7050000,,False
2026-02-11 11:27:19,3525000,,False
2026-02-11 11:27:19,3525000,,False
2026-02-11 11:27:24,3550000,,False
2026-02-11 11:27:24,3550000,,False
2026-02-11 11:27:29,3575000,,False
2026-02-11 11:27:29,3575000,,False
2026-02-11 11:32:34,7000000,,False
2026-02-11 11:32:34,7000000,,False
2026-02-11 11:32:40,7025000,,False
2026-02-11 11:32:40,7025000,,False
2026-02-11 11:32:45,7050000,,False
2026-02-11 11:32:45,7050000,,False
2026-02-11 11:32:50,3525000,261.7074941068649,True
2026-02-11 11:32:50,3525000,261.7074941068649,True
2026-02-11 11:32:56,3550000,,False
2026-02-11 11:32:56,3550000,,False
2026-02-11 11:33:01,3575000,,False
2026-02-11 11:33:01,3575000,,False
2026-02-11 11:38:06,7000000,,False
2026-02-11 11:38:06,7000000,,False
2026-02-11 11:38:12,7025000,,False
2026-02-11 11:38:12,7025000,,False
2026-02-11 11:38:17,7050000,,False
2026-02-11 11:38:17,7050000,,False
2026-02-11 11:38:22,3525000,,False
2026-02-11 11:38:22,3525000,,False
2026-02-11 11:38:27,3550000,,False
2026-02-11 11:38:27,3550000,,False
2026-02-11 11:38:33,3575000,,False
2026-02-11 11:38:33,3575000,,False
2026-02-11 11:43:38,7000000,,False
2026-02-11 11:43:38,7000000,,False
2026-02-11 11:43:43,7025000,,False
2026-02-11 11:43:43,7025000,,False
2026-02-11 11:43:49,7050000,,False
2026-02-11 11:43:49,7050000,,False
2026-02-11 11:43:55,3525000,,False
2026-02-11 11:43:55,3525000,,False
2026-02-11 11:44:00,3550000,,False
2026-02-11 11:44:00,3550000,,False
2026-02-11 11:44:05,3575000,,False
2026-02-11 11:44:05,3575000,,False
2026-02-11 11:49:10,7000000,,False
2026-02-11 11:49:10,7000000,,False
2026-02-11 11:49:16,7025000,,False
2026-02-11 11:49:16,7025000,,False
2026-02-11 11:49:21,7050000,,False
2026-02-11 11:49:21,7050000,,False
2026-02-11 11:49:26,3525000,,False
2026-02-11 11:49:26,3525000,,False
2026-02-11 11:49:31,3550000,,False
2026-02-11 11:49:31,3550000,,False
2026-02-11 11:49:37,3575000,,False
2026-02-11 11:49:37,3575000,,False
2026-02-11 11:54:42,7000000,,False
2026-02-11 11:54:42,7000000,,False
2026-02-11 11:54:47,7025000,,False
2026-02-11 11:54:47,7025000,,False
2026-02-11 11:54:53,7050000,,False
2026-02-11 11:54:53,7050000,,False
2026-02-11 11:54:58,3525000,,False
2026-02-11 11:54:58,3525000,,False
2026-02-11 11:55:03,3550000,248.66049293438192,True
2026-02-11 11:55:03,3550000,248.66049293438192,True
2026-02-11 11:55:08,3575000,,False
2026-02-11 11:55:08,3575000,,False
2026-02-11 12:00:14,7000000,,False
2026-02-11 12:00:14,7000000,,False
2026-02-11 12:00:19,7025000,,False
2026-02-11 12:00:19,7025000,,False
2026-02-11 12:00:24,7050000,,False
2026-02-11 12:00:24,7050000,,False
2026-02-11 12:00:30,3525000,,False
2026-02-11 12:00:30,3525000,,False
2026-02-11 12:00:35,3550000,,False
2026-02-11 12:00:35,3550000,,False
2026-02-11 12:00:40,3575000,,False
2026-02-11 12:00:40,3575000,,False
2026-02-11 12:05:45,7000000,372.223268744368,True
2026-02-11 12:05:45,7000000,372.223268744368,True
2026-02-11 12:05:51,7025000,,False
2026-02-11 12:05:51,7025000,,False
2026-02-11 12:05:56,7050000,,False
2026-02-11 12:05:56,7050000,,False
2026-02-11 12:06:01,3525000,,False
2026-02-11 12:06:01,3525000,,False
2026-02-11 12:06:07,3550000,,False
2026-02-11 12:06:07,3550000,,False
2026-02-11 12:06:12,3575000,,False
2026-02-11 12:06:12,3575000,,False
2026-02-11 12:11:17,7000000,300.081026967109,True
2026-02-11 12:11:17,7000000,300.081026967109,True
2026-02-11 12:11:23,7025000,296.2436736810846,True
2026-02-11 12:11:23,7025000,296.2436736810846,True
2026-02-11 12:11:28,7050000,305.4533215675432,True
2026-02-11 12:11:28,7050000,305.4533215675432,True
2026-02-11 12:11:33,3525000,,False
2026-02-11 12:11:33,3525000,,False
2026-02-11 12:11:38,3550000,,False
2026-02-11 12:11:38,3550000,,False
2026-02-11 12:11:44,3575000,,False
2026-02-11 12:11:44,3575000,,False
2026-02-11 12:16:49,7000000,,False
2026-02-11 12:16:49,7000000,,False
2026-02-11 12:16:54,7025000,296.2436736810846,True
2026-02-11 12:16:54,7025000,296.2436736810846,True
2026-02-11 12:16:59,7050000,,False
2026-02-11 12:16:59,7050000,,False
2026-02-11 12:17:05,3525000,,False
2026-02-11 12:17:05,3525000,,False
2026-02-11 12:17:10,3550000,,False
2026-02-11 12:17:10,3550000,,False
2026-02-11 12:17:15,3575000,,False
2026-02-11 12:17:15,3575000,,False
2026-02-11 12:22:21,7000000,,False
2026-02-11 12:22:21,7000000,,False
2026-02-11 12:22:26,7025000,385.27026991685096,True
2026-02-11 12:22:26,7025000,385.27026991685096,True
2026-02-11 12:22:31,7050000,,False
2026-02-11 12:22:31,7050000,,False
2026-02-11 12:22:36,3525000,,False
2026-02-11 12:22:36,3525000,,False
2026-02-11 12:22:42,3550000,,False
2026-02-11 12:22:42,3550000,,False
2026-02-11 12:22:47,3575000,,False
2026-02-11 12:22:47,3575000,,False
2026-02-11 12:27:52,7000000,277.0569072509626,True
2026-02-11 12:27:52,7000000,277.0569072509626,True
2026-02-11 12:27:58,7025000,,False
2026-02-11 12:27:58,7025000,,False
2026-02-11 12:28:03,7050000,,False
2026-02-11 12:28:03,7050000,,False
2026-02-11 12:28:09,3525000,,False
2026-02-11 12:28:09,3525000,,False
2026-02-11 12:28:14,3550000,,False
2026-02-11 12:28:14,3550000,,False
2026-02-11 12:28:19,3575000,,False
2026-02-11 12:28:19,3575000,,False
2026-02-11 12:33:24,7000000,297.01114433828945,True
2026-02-11 12:33:24,7000000,297.01114433828945,True
2026-02-11 12:33:30,7025000,260.94002344966003,True
2026-02-11 12:33:30,7025000,260.94002344966003,True
2026-02-11 12:33:35,7050000,,False
2026-02-11 12:33:35,7050000,,False
2026-02-11 12:33:40,3525000,,False
2026-02-11 12:33:40,3525000,,False
2026-02-11 12:33:45,3550000,,False
2026-02-11 12:33:45,3550000,,False
2026-02-11 12:33:51,3575000,,False
2026-02-11 12:33:51,3575000,,False
2026-02-11 12:38:56,7000000,253.26531687761118,True
2026-02-11 12:38:56,7000000,253.2653168776112,True
2026-02-11 12:39:01,7025000,266.31231805009423,True
2026-02-11 12:39:01,7025000,266.31231805009423,True
2026-02-11 12:39:07,7050000,,False
2026-02-11 12:39:07,7050000,,False
2026-02-11 12:39:12,3525000,,False
2026-02-11 12:39:12,3525000,,False
2026-02-11 12:39:17,3550000,,False
2026-02-11 12:39:17,3550000,,False
2026-02-11 12:39:22,3575000,,False
2026-02-11 12:39:22,3575000,,False
2026-02-11 12:44:28,7000000,,False
2026-02-11 12:44:28,7000000,,False
2026-02-11 12:44:33,7025000,,False
2026-02-11 12:44:33,7025000,,False
2026-02-11 12:44:38,7050000,,False
2026-02-11 12:44:38,7050000,,False
2026-02-11 12:44:44,3525000,,False
2026-02-11 12:44:44,3525000,,False
2026-02-11 12:44:49,3550000,,False
2026-02-11 12:44:49,3550000,,False
2026-02-11 12:44:54,3575000,,False
2026-02-11 12:44:54,3575000,,False
2026-02-11 12:49:59,7000000,239.4508450479233,True
2026-02-11 12:49:59,7000000,239.4508450479233,True
2026-02-11 12:50:05,7025000,,False
2026-02-11 12:50:05,7025000,,False
2026-02-11 12:50:10,7050000,,False
2026-02-11 12:50:10,7050000,,False
2026-02-11 12:50:15,3525000,,False
2026-02-11 12:50:15,3525000,,False
2026-02-11 12:50:20,3550000,,False
2026-02-11 12:50:20,3550000,,False
2026-02-11 12:50:26,3575000,,False
2026-02-11 12:50:26,3575000,,False
2026-02-11 12:55:31,7000000,241.75325701953795,True
2026-02-11 12:55:31,7000000,241.75325701953795,True
2026-02-11 12:55:36,7025000,,False
2026-02-11 12:55:36,7025000,,False
2026-02-11 12:55:42,7050000,254.03278753481607,True
2026-02-11 12:55:42,7050000,254.03278753481607,True
2026-02-11 12:55:47,3525000,,False
2026-02-11 12:55:47,3525000,,False
2026-02-11 12:55:52,3550000,,False
2026-02-11 12:55:52,3550000,,False
2026-02-11 12:55:57,3575000,,False
2026-02-11 12:55:57,3575000,,False
2026-02-11 13:01:03,7000000,243.2881983339477,True
2026-02-11 13:01:03,7000000,243.28819833394772,True
2026-02-11 13:01:08,7025000,,False
2026-02-11 13:01:08,7025000,,False
2026-02-11 13:01:13,7050000,230.24119716146473,True
2026-02-11 13:01:13,7050000,230.24119716146475,True
2026-02-11 13:01:19,3525000,,False
2026-02-11 13:01:19,3525000,,False
2026-02-11 13:01:24,3550000,,False
2026-02-11 13:01:24,3550000,,False
2026-02-11 13:01:29,3575000,,False
2026-02-11 13:01:29,3575000,,False
2026-02-11 13:06:34,7000000,,False
2026-02-11 13:06:34,7000000,,False
2026-02-11 13:06:40,7025000,,False
2026-02-11 13:06:40,7025000,,False
2026-02-11 13:06:45,7050000,,False
2026-02-11 13:06:45,7050000,,False
2026-02-11 13:06:50,3525000,,False
2026-02-11 13:06:50,3525000,,False
2026-02-11 13:06:56,3550000,,False
2026-02-11 13:06:56,3550000,,False
2026-02-11 13:07:01,3575000,,False
2026-02-11 13:07:01,3575000,,False
2026-02-11 13:12:06,7000000,240.2183157051282,True
2026-02-11 13:12:06,7000000,240.2183157051282,True
2026-02-11 13:12:11,7025000,,False
2026-02-11 13:12:11,7025000,,False
2026-02-11 13:12:17,7050000,,False
2026-02-11 13:12:17,7050000,,False
2026-02-11 13:12:22,3525000,,False
2026-02-11 13:12:22,3525000,,False
2026-02-11 13:12:27,3550000,,False
2026-02-11 13:12:27,3550000,,False
2026-02-11 13:12:32,3575000,,False
2026-02-11 13:12:32,3575000,,False
2026-02-11 13:17:38,7000000,289.3364377662407,True
2026-02-11 13:17:38,7000000,289.3364377662407,True
2026-02-11 13:17:43,7025000,,False
2026-02-11 13:17:43,7025000,,False
2026-02-11 13:17:48,7050000,,False
2026-02-11 13:17:48,7050000,,False
2026-02-11 13:17:54,3525000,,False
2026-02-11 13:17:54,3525000,,False
2026-02-11 13:17:59,3550000,,False
2026-02-11 13:17:59,3550000,,False
2026-02-11 13:18:04,3575000,,False
2026-02-11 13:18:04,3575000,,False
2026-02-11 13:23:09,7000000,260.1725527924551,True
2026-02-11 13:23:09,7000000,260.1725527924551,True
2026-02-11 13:23:15,7025000,270.91714199332347,True
2026-02-11 13:23:15,7025000,270.91714199332347,True
2026-02-11 13:23:21,7050000,,False
2026-02-11 13:23:21,7050000,,False
2026-02-11 13:23:26,3525000,,False
2026-02-11 13:23:26,3525000,,False
2026-02-11 13:23:31,3550000,,False
2026-02-11 13:23:31,3550000,,False
2026-02-11 13:23:36,3575000,,False
2026-02-11 13:23:36,3575000,,False
2026-02-11 13:28:42,7000000,241.75325701953795,True
2026-02-11 13:28:42,7000000,241.75325701953795,True
2026-02-11 13:28:47,7025000,,False
2026-02-11 13:28:47,7025000,,False
2026-02-11 13:28:52,7050000,,False
2026-02-11 13:28:52,7050000,,False
2026-02-11 13:28:57,3525000,,False
2026-02-11 13:28:57,3525000,,False
2026-02-11 13:29:03,3550000,,False
2026-02-11 13:29:03,3550000,,False
2026-02-11 13:29:08,3575000,,False
2026-02-11 13:29:08,3575000,,False
2026-02-11 13:34:13,7000000,273.21955396493814,True
2026-02-11 13:34:13,7000000,273.21955396493814,True
2026-02-11 13:34:19,7025000,,False
2026-02-11 13:34:19,7025000,,False
2026-02-11 13:34:24,7050000,,False
2026-02-11 13:34:24,7050000,,False
2026-02-11 13:34:29,3525000,,False
2026-02-11 13:34:29,3525000,,False
2026-02-11 13:34:34,3550000,,False
2026-02-11 13:34:34,3550000,,False
2026-02-11 13:34:40,3575000,,False
2026-02-11 13:34:40,3575000,,False
2026-02-11 13:39:45,7000000,,False
2026-02-11 13:39:45,7000000,,False
2026-02-11 13:39:50,7025000,,False
2026-02-11 13:39:50,7025000,,False
2026-02-11 13:39:55,7050000,,False
2026-02-11 13:39:55,7050000,,False
2026-02-11 13:40:01,3525000,,False
2026-02-11 13:40:01,3525000,,False
2026-02-11 13:40:06,3550000,,False
2026-02-11 13:40:06,3550000,,False
2026-02-11 13:40:11,3575000,,False
2026-02-11 13:40:11,3575000,,False
2026-02-11 13:45:16,7000000,237.91590373351355,True
2026-02-11 13:45:16,7000000,237.91590373351357,True
2026-02-11 13:45:22,7025000,,False
2026-02-11 13:45:22,7025000,,False
2026-02-11 13:45:27,7050000,260.1725527924551,True
2026-02-11 13:45:27,7050000,260.1725527924551,True
2026-02-11 13:45:32,3525000,,False
2026-02-11 13:45:32,3525000,,False
2026-02-11 13:45:38,3550000,,False
2026-02-11 13:45:38,3550000,,False
2026-02-11 13:45:43,3575000,,False
2026-02-11 13:45:43,3575000,,False
2026-02-11 13:50:48,7000000,231.7761384758745,True
2026-02-11 13:50:48,7000000,231.7761384758745,True
2026-02-11 13:50:54,7025000,254.03278753481607,True
2026-02-11 13:50:54,7025000,254.03278753481607,True
2026-02-11 13:50:59,7050000,,False
2026-02-11 13:50:59,7050000,,False
2026-02-11 13:51:04,3525000,,False
2026-02-11 13:51:04,3525000,,False
2026-02-11 13:51:09,3550000,,False
2026-02-11 13:51:09,3550000,,False
2026-02-11 13:51:15,3575000,,False
2026-02-11 13:51:15,3575000,,False
2026-02-11 13:56:20,7000000,,False
2026-02-11 13:56:20,7000000,,False
2026-02-11 13:56:25,7025000,295.4762030238797,True
2026-02-11 13:56:25,7025000,295.4762030238797,True
2026-02-11 13:56:31,7050000,,False
2026-02-11 13:56:31,7050000,,False
2026-02-11 13:56:36,3525000,,False
2026-02-11 13:56:36,3525000,,False
2026-02-11 13:56:41,3550000,,False
2026-02-11 13:56:41,3550000,,False
2026-02-11 13:56:47,3575000,,False
2026-02-11 13:56:47,3575000,,False
2026-02-11 14:01:52,7000000,244.0556689911526,True
2026-02-11 14:01:52,7000000,244.0556689911526,True
2026-02-11 14:01:57,7025000,293.9412617094699,True
2026-02-11 14:01:57,7025000,293.9412617094699,True
2026-02-11 14:02:03,7050000,267.84725936450394,True
2026-02-11 14:02:03,7050000,267.84725936450394,True
2026-02-11 14:02:08,3525000,,False
2026-02-11 14:02:08,3525000,,False
2026-02-11 14:02:14,3550000,,False
2026-02-11 14:02:14,3550000,,False
2026-02-11 14:02:19,3575000,,False
2026-02-11 14:02:19,3575000,,False
2026-02-11 14:07:24,7000000,238.68337439071843,True
2026-02-11 14:07:24,7000000,238.68337439071843,True
2026-02-11 14:07:30,7025000,,False
2026-02-11 14:07:30,7025000,,False
2026-02-11 14:07:35,7050000,,False
2026-02-11 14:07:35,7050000,,False
2026-02-11 14:07:41,3525000,,False
2026-02-11 14:07:41,3525000,,False
2026-02-11 14:07:46,3550000,,False
2026-02-11 14:07:46,3550000,,False
2026-02-11 14:07:51,3575000,,False
2026-02-11 14:07:51,3575000,,False
2026-02-11 14:12:57,7000000,244.0556689911526,True
2026-02-11 14:12:57,7000000,244.0556689911526,True
2026-02-11 14:13:02,7025000,,False
2026-02-11 14:13:02,7025000,,False
2026-02-11 14:13:08,7050000,,False
2026-02-11 14:13:08,7050000,,False
2026-02-11 14:13:13,3525000,,False
2026-02-11 14:13:13,3525000,,False
2026-02-11 14:13:18,3550000,,False
2026-02-11 14:13:18,3550000,,False
2026-02-11 14:13:24,3575000,,False
2026-02-11 14:13:24,3575000,,False
2026-02-11 14:18:29,7000000,248.66049293438192,True
2026-02-11 14:18:29,7000000,248.66049293438192,True
2026-02-11 14:18:34,7025000,,False
2026-02-11 14:18:34,7025000,,False
2026-02-11 14:18:40,7050000,,False
2026-02-11 14:18:40,7050000,,False
2026-02-11 14:18:45,3525000,,False
2026-02-11 14:18:45,3525000,,False
2026-02-11 14:18:51,3550000,,False
2026-02-11 14:18:51,3550000,,False
2026-02-11 14:18:56,3575000,,False
2026-02-11 14:18:56,3575000,,False
2026-02-11 14:24:01,7000000,256.33519950643074,True
2026-02-11 14:24:01,7000000,256.33519950643074,True
2026-02-11 14:24:07,7025000,,False
2026-02-11 14:24:07,7025000,,False
2026-02-11 14:24:12,7050000,269.3822006789137,True
2026-02-11 14:24:12,7050000,269.3822006789137,True
2026-02-11 14:24:18,3525000,,False
2026-02-11 14:24:18,3525000,,False
2026-02-11 14:24:23,3550000,,False
2026-02-11 14:24:23,3550000,,False
2026-02-11 14:24:28,3575000,,False
2026-02-11 14:24:28,3575000,,False
2026-02-11 14:29:33,7000000,243.28819833394772,True
2026-02-11 14:29:33,7000000,243.2881983339477,True
2026-02-11 14:29:39,7025000,,False
2026-02-11 14:29:39,7025000,,False
2026-02-11 14:29:45,7050000,,False
2026-02-11 14:29:45,7050000,,False
2026-02-11 14:29:50,3525000,,False
2026-02-11 14:29:50,3525000,,False
2026-02-11 14:29:55,3550000,,False
2026-02-11 14:29:55,3550000,,False
2026-02-11 14:30:00,3575000,,False
2026-02-11 14:30:00,3575000,,False
2026-02-11 14:35:06,7000000,,False
2026-02-11 14:35:06,7000000,,False
2026-02-11 14:35:11,7025000,,False
2026-02-11 14:35:11,7025000,,False
2026-02-11 14:35:17,7050000,,False
2026-02-11 14:35:17,7050000,,False
2026-02-11 14:35:22,3525000,,False
2026-02-11 14:35:22,3525000,,False
2026-02-11 14:35:27,3550000,,False
2026-02-11 14:35:27,3550000,,False
2026-02-11 14:35:33,3575000,,False
2026-02-11 14:35:33,3575000,,False
2026-02-11 14:40:38,7000000,,False
2026-02-11 14:40:38,7000000,,False
2026-02-11 14:40:43,7025000,,False
2026-02-11 14:40:43,7025000,,False
2026-02-11 14:40:49,7050000,,False
2026-02-11 14:40:49,7050000,,False
2026-02-11 14:40:54,3525000,,False
2026-02-11 14:40:54,3525000,,False
2026-02-11 14:41:00,3550000,,False
2026-02-11 14:41:00,3550000,,False
2026-02-11 14:41:05,3575000,,False
2026-02-11 14:41:05,3575000,,False
2026-02-11 14:46:10,7000000,247.12555161997213,True
2026-02-11 14:46:10,7000000,247.12555161997213,True
2026-02-11 14:46:16,7025000,,False
2026-02-11 14:46:16,7025000,,False
2026-02-11 14:46:22,7050000,261.7074941068649,True
2026-02-11 14:46:22,7050000,261.7074941068649,True
2026-02-11 14:46:27,3525000,,False
2026-02-11 14:46:27,3525000,,False
2026-02-11 14:46:32,3550000,,False
2026-02-11 14:46:32,3550000,,False
2026-02-11 14:46:37,3575000,,False
2026-02-11 14:46:37,3575000,,False
2026-02-11 14:51:43,7000000,244.82313964835748,True
2026-02-11 14:51:43,7000000,244.82313964835748,True
2026-02-11 14:51:48,7025000,391.41003517449,True
2026-02-11 14:51:48,7025000,391.41003517449,True
2026-02-11 14:51:54,7050000,,False
2026-02-11 14:51:54,7050000,,False
2026-02-11 14:51:59,3525000,,False
2026-02-11 14:51:59,3525000,,False
2026-02-11 14:52:04,3550000,,False
2026-02-11 14:52:04,3550000,,False
2026-02-11 14:52:10,3575000,,False
2026-02-11 14:52:10,3575000,,False
2026-02-11 14:57:15,7000000,248.66049293438192,True
2026-02-11 14:57:15,7000000,248.66049293438192,True
2026-02-11 14:57:20,7025000,250.96290490599657,True
2026-02-11 14:57:20,7025000,250.96290490599657,True
2026-02-11 14:57:26,7050000,247.12555161997213,True
2026-02-11 14:57:26,7050000,247.12555161997213,True
2026-02-11 14:57:31,3525000,,False
2026-02-11 14:57:31,3525000,,False
2026-02-11 14:57:36,3550000,,False
2026-02-11 14:57:36,3550000,,False
2026-02-11 14:57:41,3575000,,False
2026-02-11 14:57:41,3575000,,False
2026-02-11 15:02:47,7000000,255.56772884922583,True
2026-02-11 15:02:47,7000000,255.56772884922583,True
2026-02-11 15:02:52,7025000,252.4978462204063,True
2026-02-11 15:02:52,7025000,252.4978462204063,True
2026-02-11 15:02:57,7050000,,False
2026-02-11 15:02:57,7050000,,False
2026-02-11 15:03:02,3525000,,False
2026-02-11 15:03:02,3525000,,False
2026-02-11 15:03:08,3550000,,False
2026-02-11 15:03:08,3550000,,False
2026-02-11 15:03:13,3575000,,False
2026-02-11 15:03:13,3575000,,False
2026-02-11 15:08:18,7000000,247.12555161997213,True
2026-02-11 15:08:18,7000000,247.12555161997213,True
2026-02-11 15:08:24,7025000,,False
2026-02-11 15:08:24,7025000,,False
2026-02-11 15:08:29,7050000,,False
2026-02-11 15:08:29,7050000,,False
2026-02-11 15:08:34,3525000,,False
2026-02-11 15:08:34,3525000,,False
2026-02-11 15:08:39,3550000,,False
2026-02-11 15:08:39,3550000,,False
2026-02-11 15:08:45,3575000,,False
2026-02-11 15:08:45,3575000,,False
2026-02-11 15:13:50,7000000,,False
2026-02-11 15:13:50,7000000,,False
2026-02-11 15:13:55,7025000,,False
2026-02-11 15:13:55,7025000,,False
2026-02-11 15:14:01,7050000,254.80025819202092,True
2026-02-11 15:14:01,7050000,254.80025819202095,True
2026-02-11 15:14:06,3525000,,False
2026-02-11 15:14:06,3525000,,False
2026-02-11 15:14:12,3550000,,False
2026-02-11 15:14:12,3550000,,False
2026-02-11 15:14:17,3575000,,False
2026-02-11 15:14:17,3575000,,False
2026-02-11 15:19:22,7000000,258.63761147804536,True
2026-02-11 15:19:22,7000000,258.63761147804536,True
2026-02-11 15:19:28,7025000,,False
2026-02-11 15:19:28,7025000,,False
2026-02-11 15:19:33,7050000,,False
2026-02-11 15:19:33,7050000,,False
2026-02-11 15:19:38,3525000,,False
2026-02-11 15:19:38,3525000,,False
2026-02-11 15:19:44,3550000,,False
2026-02-11 15:19:44,3550000,,False
2026-02-11 15:19:49,3575000,,False
2026-02-11 15:19:49,3575000,,False
2026-02-11 15:24:54,7000000,253.2653168776112,True
2026-02-11 15:24:54,7000000,253.26531687761118,True
2026-02-11 15:25:00,7025000,254.03278753481607,True
2026-02-11 15:25:00,7025000,254.03278753481607,True
2026-02-11 15:25:05,7050000,,False
2026-02-11 15:25:05,7050000,,False
2026-02-11 15:25:10,3525000,,False
2026-02-11 15:25:10,3525000,,False
2026-02-11 15:25:15,3550000,,False
2026-02-11 15:25:15,3550000,,False
2026-02-11 15:25:21,3575000,,False
2026-02-11 15:25:21,3575000,,False
2026-02-11 15:30:26,7000000,257.1026701636356,True
2026-02-11 15:30:26,7000000,257.1026701636356,True
2026-02-11 15:30:31,7025000,257.8701408208405,True
2026-02-11 15:30:31,7025000,257.8701408208405,True
2026-02-11 15:30:36,7050000,,False
2026-02-11 15:30:36,7050000,,False
2026-02-11 15:30:42,3525000,,False
2026-02-11 15:30:42,3525000,,False
2026-02-11 15:30:47,3550000,,False
2026-02-11 15:30:47,3550000,,False
2026-02-11 15:30:52,3575000,,False
2026-02-11 15:30:52,3575000,,False
2026-02-11 15:35:58,7000000,264.7773767356844,True
2026-02-11 15:35:58,7000000,264.7773767356844,True
2026-02-11 15:36:03,7025000,261.7074941068649,True
2026-02-11 15:36:03,7025000,261.7074941068649,True
2026-02-11 15:36:08,7050000,,False
2026-02-11 15:36:08,7050000,,False
2026-02-11 15:36:13,3525000,,False
2026-02-11 15:36:13,3525000,,False
2026-02-11 15:36:19,3550000,,False
2026-02-11 15:36:19,3550000,,False
2026-02-11 15:36:24,3575000,,False
2026-02-11 15:36:24,3575000,,False
2026-02-11 15:41:29,7000000,250.19543424879168,True
2026-02-11 15:41:29,7000000,250.19543424879168,True
2026-02-11 15:41:35,7025000,247.12555161997213,True
2026-02-11 15:41:35,7025000,247.12555161997213,True
2026-02-11 15:41:40,7050000,,False
2026-02-11 15:41:40,7050000,,False
2026-02-11 15:41:45,3525000,,False
2026-02-11 15:41:45,3525000,,False
2026-02-11 15:41:50,3550000,,False
2026-02-11 15:41:50,3550000,,False
2026-02-11 15:41:56,3575000,,False
2026-02-11 15:41:56,3575000,,False
2026-02-11 15:47:01,7000000,251.73037556320145,True
2026-02-11 15:47:01,7000000,251.73037556320145,True
2026-02-11 15:47:06,7025000,250.96290490599657,True
2026-02-11 15:47:06,7025000,250.96290490599657,True
2026-02-11 15:47:11,7050000,,False
2026-02-11 15:47:11,7050000,,False
2026-02-11 15:47:17,3525000,230.24119716146473,True
2026-02-11 15:47:17,3525000,230.24119716146475,True
2026-02-11 15:47:22,3550000,,False
2026-02-11 15:47:22,3550000,,False
2026-02-11 15:47:27,3575000,,False
2026-02-11 15:47:27,3575000,,False
2026-02-11 15:52:32,7000000,250.19543424879168,True
2026-02-11 15:52:32,7000000,250.19543424879168,True
2026-02-11 15:52:38,7025000,254.03278753481607,True
2026-02-11 15:52:38,7025000,254.03278753481607,True
2026-02-11 15:52:43,7050000,,False
2026-02-11 15:52:43,7050000,,False
2026-02-11 15:52:48,3525000,,False
2026-02-11 15:52:48,3525000,,False
2026-02-11 15:52:54,3550000,,False
2026-02-11 15:52:54,3550000,,False
2026-02-11 15:52:59,3575000,,False
2026-02-11 15:52:59,3575000,,False
2026-02-11 15:58:04,7000000,250.96290490599657,True
2026-02-11 15:58:04,7000000,250.96290490599657,True
2026-02-11 15:58:10,7025000,245.5906103055624,True
2026-02-11 15:58:10,7025000,245.59061030556236,True
2026-02-11 15:58:15,7050000,,False
2026-02-11 15:58:15,7050000,,False
2026-02-11 15:58:20,3525000,,False
2026-02-11 15:58:20,3525000,,False
2026-02-11 15:58:25,3550000,,False
2026-02-11 15:58:25,3550000,,False
2026-02-11 15:58:31,3575000,,False
2026-02-11 15:58:31,3575000,,False
2026-02-11 16:03:36,7000000,247.12555161997213,True
2026-02-11 16:03:36,7000000,247.12555161997213,True
2026-02-11 16:03:41,7025000,,False
2026-02-11 16:03:41,7025000,,False
2026-02-11 16:03:47,7050000,,False
2026-02-11 16:03:47,7050000,,False
2026-02-11 16:03:52,3525000,,False
2026-02-11 16:03:52,3525000,,False
2026-02-11 16:03:57,3550000,,False
2026-02-11 16:03:57,3550000,,False
2026-02-11 16:04:03,3575000,,False
2026-02-11 16:04:03,3575000,,False
2026-02-11 16:09:08,7000000,244.82313964835748,True
2026-02-11 16:09:08,7000000,244.82313964835748,True
2026-02-11 16:09:13,7025000,,False
2026-02-11 16:09:13,7025000,,False
2026-02-11 16:09:18,7050000,,False
2026-02-11 16:09:18,7050000,,False
2026-02-11 16:09:24,3525000,,False
2026-02-11 16:09:24,3525000,,False
2026-02-11 16:09:29,3550000,,False
2026-02-11 16:09:29,3550000,,False
2026-02-11 16:09:34,3575000,,False
2026-02-11 16:09:34,3575000,,False
2026-02-11 16:14:40,7000000,244.82313964835748,True
2026-02-11 16:14:40,7000000,244.82313964835748,True
2026-02-11 16:14:45,7025000,,False
2026-02-11 16:14:45,7025000,,False
2026-02-11 16:14:50,7050000,,False
2026-02-11 16:14:50,7050000,,False
2026-02-11 16:14:55,3525000,,False
2026-02-11 16:14:55,3525000,,False
2026-02-11 16:15:01,3550000,,False
2026-02-11 16:15:01,3550000,,False
2026-02-11 16:15:06,3575000,,False
2026-02-11 16:15:06,3575000,,False
2026-02-11 16:20:11,7000000,260.94002344966003,True
2026-02-11 16:20:11,7000000,260.94002344966003,True
2026-02-11 16:20:17,7025000,260.94002344966003,True
2026-02-11 16:20:17,7025000,260.94002344966003,True
2026-02-11 16:20:22,7050000,,False
2026-02-11 16:20:22,7050000,,False
2026-02-11 16:20:27,3525000,,False
2026-02-11 16:20:27,3525000,,False
2026-02-11 16:20:32,3550000,,False
2026-02-11 16:20:32,3550000,,False
2026-02-11 16:20:38,3575000,,False
2026-02-11 16:20:38,3575000,,False
2026-02-11 16:25:43,7000000,,False
2026-02-11 16:25:43,7000000,,False
2026-02-11 16:25:48,7025000,250.96290490599657,True
2026-02-11 16:25:48,7025000,250.96290490599657,True
2026-02-11 16:25:54,7050000,,False
2026-02-11 16:25:54,7050000,,False
2026-02-11 16:25:59,3525000,,False
2026-02-11 16:25:59,3525000,,False
2026-02-11 16:26:04,3550000,,False
2026-02-11 16:26:04,3550000,,False
2026-02-11 16:26:09,3575000,,False
2026-02-11 16:26:09,3575000,,False
2026-02-11 16:31:15,7000000,,False
2026-02-11 16:31:15,7000000,,False
2026-02-11 16:31:20,7025000,,False
2026-02-11 16:31:20,7025000,,False
2026-02-11 16:31:25,7050000,,False
2026-02-11 16:31:25,7050000,,False
2026-02-11 16:31:30,3525000,,False
2026-02-11 16:31:30,3525000,,False
2026-02-11 16:31:36,3550000,,False
2026-02-11 16:31:36,3550000,,False
2026-02-11 16:31:41,3575000,,False
2026-02-11 16:31:41,3575000,,False
2026-02-11 16:36:46,7000000,240.98578636233307,True
2026-02-11 16:36:46,7000000,240.98578636233307,True
2026-02-11 16:36:52,7025000,245.5906103055624,True
2026-02-11 16:36:52,7025000,245.59061030556236,True
2026-02-11 16:36:57,7050000,240.2183157051282,True
2026-02-11 16:36:57,7050000,240.2183157051282,True
2026-02-11 16:37:02,3525000,,False
2026-02-11 16:37:02,3525000,,False
2026-02-11 16:37:07,3550000,,False
2026-02-11 16:37:07,3550000,,False
2026-02-11 16:37:13,3575000,,False
2026-02-11 16:37:13,3575000,,False
2026-02-11 16:42:18,7000000,,False
2026-02-11 16:42:18,7000000,,False
2026-02-11 16:42:23,7025000,,False
2026-02-11 16:42:23,7025000,,False
2026-02-11 16:42:28,7050000,,False
2026-02-11 16:42:28,7050000,,False
2026-02-11 16:42:34,3525000,,False
2026-02-11 16:42:34,3525000,,False
2026-02-11 16:42:39,3550000,,False
2026-02-11 16:42:39,3550000,,False
2026-02-11 16:42:44,3575000,,False
2026-02-11 16:42:44,3575000,,False
2026-02-11 16:47:49,7000000,,False
2026-02-11 16:47:49,7000000,,False
2026-02-11 16:47:55,7025000,250.19543424879168,True
2026-02-11 16:47:55,7025000,250.19543424879168,True
2026-02-11 16:48:00,7050000,,False
2026-02-11 16:48:00,7050000,,False
2026-02-11 16:48:05,3525000,,False
2026-02-11 16:48:05,3525000,,False
2026-02-11 16:48:11,3550000,,False
2026-02-11 16:48:11,3550000,,False
2026-02-11 16:48:16,3575000,,False
2026-02-11 16:48:16,3575000,,False
2026-02-11 16:53:21,7000000,251.73037556320145,True
2026-02-11 16:53:21,7000000,251.73037556320145,True
2026-02-11 16:53:26,7025000,251.73037556320145,True
2026-02-11 16:53:26,7025000,251.73037556320145,True
2026-02-11 16:53:32,7050000,250.96290490599657,True
2026-02-11 16:53:32,7050000,250.96290490599657,True
2026-02-11 16:53:37,3525000,,False
2026-02-11 16:53:37,3525000,,False
2026-02-11 16:53:42,3550000,,False
2026-02-11 16:53:42,3550000,,False
2026-02-11 16:53:47,3575000,,False
2026-02-11 16:53:47,3575000,,False
2026-02-11 16:58:53,7000000,,False
2026-02-11 16:58:53,7000000,,False
2026-02-11 16:58:58,7025000,254.03278753481607,True
2026-02-11 16:58:58,7025000,254.03278753481607,True
2026-02-11 16:59:03,7050000,,False
2026-02-11 16:59:03,7050000,,False
2026-02-11 16:59:09,3525000,,False
2026-02-11 16:59:09,3525000,,False
2026-02-11 16:59:14,3550000,,False
2026-02-11 16:59:14,3550000,,False
2026-02-11 16:59:19,3575000,,False
2026-02-11 16:59:19,3575000,,False
2026-02-11 17:04:24,7000000,264.00990607847956,True
2026-02-11 17:04:24,7000000,264.0099060784796,True
2026-02-11 17:04:30,7025000,,False
2026-02-11 17:04:30,7025000,,False
2026-02-11 17:04:35,7050000,,False
2026-02-11 17:04:35,7050000,,False
2026-02-11 17:04:40,3525000,,False
2026-02-11 17:04:40,3525000,,False
2026-02-11 17:04:46,3550000,,False
2026-02-11 17:04:46,3550000,,False
2026-02-11 17:04:51,3575000,,False
2026-02-11 17:04:51,3575000,,False
2026-02-11 17:09:56,7000000,241.75325701953795,True
2026-02-11 17:09:56,7000000,241.75325701953795,True
2026-02-11 17:10:01,7025000,256.33519950643074,True
2026-02-11 17:10:01,7025000,256.33519950643074,True
2026-02-11 17:10:07,7050000,,False
2026-02-11 17:10:07,7050000,,False
2026-02-11 17:10:12,3525000,,False
2026-02-11 17:10:12,3525000,,False
2026-02-11 17:10:17,3550000,,False
2026-02-11 17:10:17,3550000,,False
2026-02-11 17:10:22,3575000,,False
2026-02-11 17:10:22,3575000,,False
2026-02-11 17:15:28,7000000,245.59061030556236,True
2026-02-11 17:15:28,7000000,245.5906103055624,True
2026-02-11 17:15:33,7025000,,False
2026-02-11 17:15:33,7025000,,False
2026-02-11 17:15:39,7050000,,False
2026-02-11 17:15:39,7050000,,False
2026-02-11 17:15:44,3525000,,False
2026-02-11 17:15:44,3525000,,False
2026-02-11 17:15:49,3550000,,False
2026-02-11 17:15:49,3550000,,False
2026-02-11 17:15:55,3575000,,False
2026-02-11 17:15:55,3575000,,False
2026-02-11 17:21:00,7000000,240.98578636233307,True
2026-02-11 17:21:00,7000000,240.98578636233307,True
2026-02-11 17:21:05,7025000,,False
2026-02-11 17:21:05,7025000,,False
2026-02-11 17:21:11,7050000,,False
2026-02-11 17:21:11,7050000,,False
2026-02-11 17:21:16,3525000,,False
2026-02-11 17:21:16,3525000,,False
2026-02-11 17:21:22,3550000,,False
2026-02-11 17:21:22,3550000,,False
2026-02-11 17:21:27,3575000,,False
2026-02-11 17:21:27,3575000,,False
2026-02-11 17:26:32,7000000,245.5906103055624,True
2026-02-11 17:26:32,7000000,245.59061030556236,True
2026-02-11 17:26:38,7025000,,False
2026-02-11 17:26:38,7025000,,False
2026-02-11 17:26:44,7050000,,False
2026-02-11 17:26:44,7050000,,False
2026-02-11 17:26:49,3525000,,False
2026-02-11 17:26:49,3525000,,False
2026-02-11 17:26:54,3550000,,False
2026-02-11 17:26:54,3550000,,False
2026-02-11 17:26:59,3575000,,False
2026-02-11 17:26:59,3575000,,False
2026-02-11 17:32:05,7000000,,False
2026-02-11 17:32:05,7000000,,False
2026-02-11 17:32:10,7025000,,False
2026-02-11 17:32:10,7025000,,False
2026-02-11 17:32:15,7050000,,False
2026-02-11 17:32:15,7050000,,False
2026-02-11 17:32:20,3525000,,False
2026-02-11 17:32:20,3525000,,False
2026-02-11 17:32:26,3550000,,False
2026-02-11 17:32:26,3550000,,False
2026-02-11 17:32:31,3575000,,False
2026-02-11 17:32:31,3575000,,False
2026-02-11 17:37:36,7000000,237.91590373351357,True
2026-02-11 17:37:36,7000000,237.91590373351355,True
2026-02-11 17:37:42,7025000,240.98578636233307,True
2026-02-11 17:37:42,7025000,240.98578636233307,True
2026-02-11 17:37:47,7050000,241.75325701953795,True
2026-02-11 17:37:47,7050000,241.75325701953795,True
2026-02-11 17:37:52,3525000,,False
2026-02-11 17:37:52,3525000,,False
2026-02-11 17:37:57,3550000,,False
2026-02-11 17:37:57,3550000,,False
2026-02-11 17:38:03,3575000,,False
2026-02-11 17:38:03,3575000,,False
2026-02-11 17:43:08,7000000,243.28819833394772,True
2026-02-11 17:43:08,7000000,243.2881983339477,True
2026-02-11 17:43:13,7025000,,False
2026-02-11 17:43:13,7025000,,False
2026-02-11 17:43:19,7050000,,False
2026-02-11 17:43:19,7050000,,False
2026-02-11 17:43:24,3525000,,False
2026-02-11 17:43:24,3525000,,False
2026-02-11 17:43:30,3550000,,False
2026-02-11 17:43:30,3550000,,False
2026-02-11 17:43:35,3575000,,False
2026-02-11 17:43:35,3575000,,False
2026-02-11 17:48:40,7000000,240.98578636233307,True
2026-02-11 17:48:40,7000000,240.98578636233307,True
2026-02-11 17:48:46,7025000,,False
2026-02-11 17:48:46,7025000,,False
2026-02-11 17:48:51,7050000,240.98578636233307,True
2026-02-11 17:48:51,7050000,240.98578636233307,True
2026-02-11 17:48:57,3525000,,False
2026-02-11 17:48:57,3525000,,False
2026-02-11 17:49:02,3550000,,False
2026-02-11 17:49:02,3550000,,False
2026-02-11 17:49:07,3575000,,False
2026-02-11 17:49:07,3575000,,False
2026-02-11 17:54:12,7000000,254.03278753481607,True
2026-02-11 17:54:12,7000000,254.03278753481607,True
2026-02-11 17:54:18,7025000,257.1026701636356,True
2026-02-11 17:54:18,7025000,257.1026701636356,True
2026-02-11 17:54:23,7050000,254.03278753481607,True
2026-02-11 17:54:23,7050000,254.03278753481607,True
2026-02-11 17:54:28,3525000,,False
2026-02-11 17:54:28,3525000,,False
2026-02-11 17:54:33,3550000,,False
2026-02-11 17:54:33,3550000,,False
2026-02-11 17:54:39,3575000,,False
2026-02-11 17:54:39,3575000,,False
2026-02-11 17:59:44,7000000,255.56772884922583,True
2026-02-11 17:59:44,7000000,255.56772884922583,True
2026-02-11 17:59:49,7025000,,False
2026-02-11 17:59:49,7025000,,False
2026-02-11 17:59:55,7050000,,False
2026-02-11 17:59:55,7050000,,False
2026-02-11 18:00:00,3525000,,False
2026-02-11 18:00:00,3525000,,False
2026-02-11 18:00:06,3550000,,False
2026-02-11 18:00:06,3550000,,False
2026-02-11 18:00:11,3575000,,False
2026-02-11 18:00:11,3575000,,False
2026-02-11 18:05:16,7000000,257.1026701636356,True
2026-02-11 18:05:16,7000000,257.1026701636356,True
2026-02-11 18:05:22,7025000,,False
2026-02-11 18:05:22,7025000,,False
2026-02-11 18:05:27,7050000,,False
2026-02-11 18:05:27,7050000,,False
2026-02-11 18:05:33,3525000,,False
2026-02-11 18:05:33,3525000,,False
2026-02-11 18:05:38,3550000,,False
2026-02-11 18:05:38,3550000,,False
2026-02-11 18:05:43,3575000,,False
2026-02-11 18:05:43,3575000,,False
2026-02-11 18:10:49,7000000,260.1725527924551,True
2026-02-11 18:10:49,7000000,260.1725527924551,True
2026-02-11 18:10:54,7025000,,False
2026-02-11 18:10:54,7025000,,False
2026-02-11 18:11:00,7050000,261.7074941068649,True
2026-02-11 18:11:00,7050000,261.7074941068649,True
2026-02-11 18:11:05,3525000,,False
2026-02-11 18:11:05,3525000,,False
2026-02-11 18:11:10,3550000,,False
2026-02-11 18:11:10,3550000,,False
2026-02-11 18:11:16,3575000,,False
2026-02-11 18:11:16,3575000,,False
2026-02-11 18:16:21,7000000,260.1725527924551,True
2026-02-11 18:16:21,7000000,260.1725527924551,True
2026-02-11 18:16:26,7025000,,False
2026-02-11 18:16:26,7025000,,False
2026-02-11 18:16:32,7050000,,False
2026-02-11 18:16:32,7050000,,False
2026-02-11 18:16:37,3525000,,False
2026-02-11 18:16:37,3525000,,False
2026-02-11 18:16:43,3550000,,False
2026-02-11 18:16:43,3550000,,False
2026-02-11 18:16:48,3575000,,False
2026-02-11 18:16:48,3575000,,False
2026-02-11 18:21:53,7000000,251.73037556320145,True
2026-02-11 18:21:53,7000000,251.73037556320145,True
2026-02-11 18:21:59,7025000,,False
2026-02-11 18:21:59,7025000,,False
2026-02-11 18:22:04,7050000,,False
2026-02-11 18:22:04,7050000,,False
2026-02-11 18:22:10,3525000,,False
2026-02-11 18:22:10,3525000,,False
2026-02-11 18:22:15,3550000,,False
2026-02-11 18:22:15,3550000,,False
2026-02-11 18:22:20,3575000,,False
2026-02-11 18:22:20,3575000,,False
2026-02-11 18:27:25,7000000,253.26531687761118,True
2026-02-11 18:27:25,7000000,253.2653168776112,True
2026-02-11 18:27:31,7025000,,False
2026-02-11 18:27:31,7025000,,False
2026-02-11 18:27:37,7050000,,False
2026-02-11 18:27:37,7050000,,False
2026-02-11 18:27:42,3525000,,False
2026-02-11 18:27:42,3525000,,False
2026-02-11 18:27:47,3550000,,False
2026-02-11 18:27:47,3550000,,False
2026-02-11 18:27:52,3575000,,False
2026-02-11 18:27:52,3575000,,False
2026-02-11 18:32:58,7000000,254.80025819202095,True
2026-02-11 18:32:58,7000000,254.80025819202092,True
2026-02-11 18:33:03,7025000,,False
2026-02-11 18:33:03,7025000,,False
2026-02-11 18:33:09,7050000,,False
2026-02-11 18:33:09,7050000,,False
2026-02-11 18:33:14,3525000,,False
2026-02-11 18:33:14,3525000,,False
2026-02-11 18:33:19,3550000,,False
2026-02-11 18:33:19,3550000,,False
2026-02-11 18:33:25,3575000,,False
2026-02-11 18:33:25,3575000,,False
2026-02-11 18:38:30,7000000,,False
2026-02-11 18:38:30,7000000,,False
2026-02-11 18:38:35,7025000,230.24119716146475,True
2026-02-11 18:38:35,7025000,230.24119716146473,True
2026-02-11 18:38:41,7050000,,False
2026-02-11 18:38:41,7050000,,False
2026-02-11 18:38:46,3525000,,False
2026-02-11 18:38:46,3525000,,False
2026-02-11 18:38:52,3550000,,False
2026-02-11 18:38:52,3550000,,False
2026-02-11 18:38:57,3575000,,False
2026-02-11 18:38:57,3575000,,False
2026-02-11 18:44:02,7000000,259.40508213525027,True
2026-02-11 18:44:02,7000000,259.40508213525027,True
2026-02-11 18:44:08,7025000,,False
2026-02-11 18:44:08,7025000,,False
2026-02-11 18:44:14,7050000,,False
2026-02-11 18:44:14,7050000,,False
2026-02-11 18:44:19,3525000,,False
2026-02-11 18:44:19,3525000,,False
2026-02-11 18:44:24,3550000,,False
2026-02-11 18:44:24,3550000,,False
2026-02-11 18:44:29,3575000,,False
2026-02-11 18:44:29,3575000,,False
2026-02-11 18:49:35,7000000,260.94002344966003,True
2026-02-11 18:49:35,7000000,260.94002344966003,True
2026-02-11 18:49:40,7025000,,False
2026-02-11 18:49:40,7025000,,False
2026-02-11 18:49:46,7050000,262.4749647640698,True
2026-02-11 18:49:46,7050000,262.4749647640698,True
2026-02-11 18:49:51,3525000,,False
2026-02-11 18:49:51,3525000,,False
2026-02-11 18:49:56,3550000,,False
2026-02-11 18:49:56,3550000,,False
2026-02-11 18:50:02,3575000,,False
2026-02-11 18:50:02,3575000,,False
2026-02-11 18:55:07,7000000,257.1026701636356,True
2026-02-11 18:55:07,7000000,257.1026701636356,True
2026-02-11 18:55:12,7025000,,False
2026-02-11 18:55:12,7025000,,False
2026-02-11 18:55:18,7050000,263.24243542127465,True
2026-02-11 18:55:18,7050000,263.24243542127465,True
2026-02-11 18:55:23,3525000,,False
2026-02-11 18:55:23,3525000,,False
2026-02-11 18:55:29,3550000,,False
2026-02-11 18:55:29,3550000,,False
2026-02-11 18:55:34,3575000,,False
2026-02-11 18:55:34,3575000,,False
2026-02-11 19:00:39,7000000,,False
2026-02-11 19:00:39,7000000,,False
2026-02-11 19:00:44,7025000,,False
2026-02-11 19:00:44,7025000,,False
2026-02-11 19:00:50,7050000,,False
2026-02-11 19:00:50,7050000,,False
2026-02-11 19:00:55,3525000,,False
2026-02-11 19:00:55,3525000,,False
2026-02-11 19:01:01,3550000,,False
2026-02-11 19:01:01,3550000,,False
2026-02-11 19:01:06,3575000,,False
2026-02-11 19:01:06,3575000,,False
2026-02-11 19:06:11,7000000,262.4749647640698,True
2026-02-11 19:06:11,7000000,262.4749647640698,True
2026-02-11 19:06:17,7025000,,False
2026-02-11 19:06:17,7025000,,False
2026-02-11 19:06:22,7050000,,False
2026-02-11 19:06:22,7050000,,False
2026-02-11 19:06:28,3525000,,False
2026-02-11 19:06:28,3525000,,False
2026-02-11 19:06:33,3550000,,False
2026-02-11 19:06:33,3550000,,False
2026-02-11 19:06:38,3575000,,False
2026-02-11 19:06:38,3575000,,False
2026-02-11 19:11:44,7000000,257.8701408208405,True
2026-02-11 19:11:44,7000000,257.8701408208405,True
2026-02-11 19:11:49,7025000,,False
2026-02-11 19:11:49,7025000,,False
2026-02-11 19:11:55,7050000,,False
2026-02-11 19:11:55,7050000,,False
2026-02-11 19:12:00,3525000,,False
2026-02-11 19:12:00,3525000,,False
2026-02-11 19:12:05,3550000,,False
2026-02-11 19:12:05,3550000,,False
2026-02-11 19:12:10,3575000,,False
2026-02-11 19:12:10,3575000,,False
2026-02-11 19:17:16,7000000,257.8701408208405,True
2026-02-11 19:17:16,7000000,257.8701408208405,True
2026-02-11 19:17:21,7025000,,False
2026-02-11 19:17:21,7025000,,False
2026-02-11 19:17:27,7050000,257.8701408208405,True
2026-02-11 19:17:27,7050000,257.8701408208405,True
2026-02-11 19:17:32,3525000,,False
2026-02-11 19:17:32,3525000,,False
2026-02-11 19:17:37,3550000,,False
2026-02-11 19:17:37,3550000,,False
2026-02-11 19:17:43,3575000,,False
2026-02-11 19:17:43,3575000,,False
2026-02-11 19:22:48,7000000,258.63761147804536,True
2026-02-11 19:22:48,7000000,258.63761147804536,True
2026-02-11 19:22:53,7025000,,False
2026-02-11 19:22:53,7025000,,False
2026-02-11 19:22:59,7050000,257.8701408208405,True
2026-02-11 19:22:59,7050000,257.8701408208405,True
2026-02-11 19:23:05,3525000,,False
2026-02-11 19:23:05,3525000,,False
2026-02-11 19:23:10,3550000,,False
2026-02-11 19:23:10,3550000,,False
2026-02-11 19:23:15,3575000,,False
2026-02-11 19:23:15,3575000,,False
2026-02-11 19:28:20,7000000,261.7074941068649,True
2026-02-11 19:28:20,7000000,261.7074941068649,True
2026-02-11 19:28:26,7025000,,False
2026-02-11 19:28:26,7025000,,False
2026-02-11 19:28:32,7050000,262.4749647640698,True
2026-02-11 19:28:32,7050000,262.4749647640698,True
2026-02-11 19:28:37,3525000,,False
2026-02-11 19:28:37,3525000,,False
2026-02-11 19:28:42,3550000,,False
2026-02-11 19:28:42,3550000,,False
2026-02-11 19:28:47,3575000,,False
2026-02-11 19:28:47,3575000,,False
2026-02-11 19:33:53,7000000,257.8701408208405,True
2026-02-11 19:33:53,7000000,257.8701408208405,True
2026-02-11 19:33:58,7025000,255.56772884922583,True
2026-02-11 19:33:58,7025000,255.56772884922583,True
2026-02-11 19:34:03,7050000,,False
2026-02-11 19:34:03,7050000,,False
2026-02-11 19:34:08,3525000,,False
2026-02-11 19:34:08,3525000,,False
2026-02-11 19:34:14,3550000,,False
2026-02-11 19:34:14,3550000,,False
2026-02-11 19:34:19,3575000,,False
2026-02-11 19:34:19,3575000,,False
2026-02-11 19:39:24,7000000,251.73037556320145,True
2026-02-11 19:39:24,7000000,251.73037556320145,True
2026-02-11 19:39:30,7025000,,False
2026-02-11 19:39:30,7025000,,False
2026-02-11 19:39:35,7050000,247.12555161997213,True
2026-02-11 19:39:35,7050000,247.12555161997213,True
2026-02-11 19:39:41,3525000,,False
2026-02-11 19:39:41,3525000,,False
2026-02-11 19:39:46,3550000,,False
2026-02-11 19:39:46,3550000,,False
2026-02-11 19:39:51,3575000,,False
2026-02-11 19:39:51,3575000,,False
2026-02-11 19:44:56,7000000,247.12555161997213,True
2026-02-11 19:44:56,7000000,247.12555161997213,True
2026-02-11 19:45:02,7025000,234.84602110469402,True
2026-02-11 19:45:02,7025000,234.846021104694,True
2026-02-11 19:45:07,7050000,,False
2026-02-11 19:45:07,7050000,,False
2026-02-11 19:45:12,3525000,,False
2026-02-11 19:45:12,3525000,,False
2026-02-11 19:45:17,3550000,,False
2026-02-11 19:45:17,3550000,,False
2026-02-11 19:45:23,3575000,,False
2026-02-11 19:45:23,3575000,,False
2026-02-11 19:50:28,7000000,247.893022277177,True
2026-02-11 19:50:28,7000000,247.893022277177,True
2026-02-11 19:50:33,7025000,250.19543424879168,True
2026-02-11 19:50:33,7025000,250.19543424879168,True
2026-02-11 19:50:39,7050000,290.87137908065046,True
2026-02-11 19:50:39,7050000,290.87137908065046,True
2026-02-11 19:50:44,3525000,,False
2026-02-11 19:50:44,3525000,,False
2026-02-11 19:50:49,3550000,,False
2026-02-11 19:50:49,3550000,,False
2026-02-11 19:50:54,3575000,,False
2026-02-11 19:50:54,3575000,,False
2026-02-11 19:56:00,7000000,244.0556689911526,True
2026-02-11 19:56:00,7000000,244.0556689911526,True
2026-02-11 19:56:05,7025000,,False
2026-02-11 19:56:05,7025000,,False
2026-02-11 19:56:10,7050000,240.2183157051282,True
2026-02-11 19:56:10,7050000,240.2183157051282,True
2026-02-11 19:56:16,3525000,,False
2026-02-11 19:56:16,3525000,,False
2026-02-11 19:56:21,3550000,,False
2026-02-11 19:56:21,3550000,,False
2026-02-11 19:56:26,3575000,,False
2026-02-11 19:56:26,3575000,,False
2026-02-11 20:01:31,7000000,246.35808096276725,True
2026-02-11 20:01:31,7000000,246.35808096276725,True
2026-02-11 20:01:37,7025000,248.66049293438192,True
2026-02-11 20:01:37,7025000,248.66049293438192,True
2026-02-11 20:01:42,7050000,246.35808096276725,True
2026-02-11 20:01:42,7050000,246.35808096276725,True
2026-02-11 20:01:47,3525000,,False
2026-02-11 20:01:47,3525000,,False
2026-02-11 20:01:53,3550000,,False
2026-02-11 20:01:53,3550000,,False
2026-02-11 20:01:58,3575000,,False
2026-02-11 20:01:58,3575000,,False
2026-02-11 20:07:03,7000000,253.2653168776112,True
2026-02-11 20:07:03,7000000,253.26531687761118,True
2026-02-11 20:07:08,7025000,250.19543424879168,True
2026-02-11 20:07:08,7025000,250.19543424879168,True
2026-02-11 20:07:14,7050000,255.56772884922583,True
2026-02-11 20:07:14,7050000,255.56772884922583,True
2026-02-11 20:07:19,3525000,,False
2026-02-11 20:07:19,3525000,,False
2026-02-11 20:07:24,3550000,,False
2026-02-11 20:07:24,3550000,,False
2026-02-11 20:07:29,3575000,,False
2026-02-11 20:07:29,3575000,,False
2026-02-11 20:12:35,7000000,247.12555161997213,True
2026-02-11 20:12:35,7000000,247.12555161997213,True
2026-02-11 20:12:40,7025000,251.73037556320145,True
2026-02-11 20:12:40,7025000,251.73037556320145,True
2026-02-11 20:12:45,7050000,,False
2026-02-11 20:12:45,7050000,,False
2026-02-11 20:12:51,3525000,,False
2026-02-11 20:12:51,3525000,,False
2026-02-11 20:12:56,3550000,,False
2026-02-11 20:12:56,3550000,,False
2026-02-11 20:13:01,3575000,,False
2026-02-11 20:13:01,3575000,,False
2026-02-11 20:18:06,7000000,249.4279635915868,True
2026-02-11 20:18:06,7000000,249.4279635915868,True
2026-02-11 20:18:12,7025000,250.19543424879168,True
2026-02-11 20:18:12,7025000,250.19543424879168,True
2026-02-11 20:18:17,7050000,249.4279635915868,True
2026-02-11 20:18:17,7050000,249.4279635915868,True
2026-02-11 20:18:22,3525000,,False
2026-02-11 20:18:22,3525000,,False
2026-02-11 20:18:27,3550000,,False
2026-02-11 20:18:27,3550000,,False
2026-02-11 20:18:33,3575000,,False
2026-02-11 20:18:33,3575000,,False
2026-02-11 20:23:38,7000000,252.4978462204063,True
2026-02-11 20:23:38,7000000,252.4978462204063,True
2026-02-11 20:23:43,7025000,252.4978462204063,True
2026-02-11 20:23:43,7025000,252.4978462204063,True
2026-02-11 20:23:49,7050000,254.80025819202092,True
2026-02-11 20:23:49,7050000,254.80025819202095,True
2026-02-11 20:23:54,3525000,,False
2026-02-11 20:23:54,3525000,,False
2026-02-11 20:23:59,3550000,,False
2026-02-11 20:23:59,3550000,,False
2026-02-11 20:24:04,3575000,,False
2026-02-11 20:24:04,3575000,,False
2026-02-11 20:29:10,7000000,255.56772884922583,True
2026-02-11 20:29:10,7000000,255.56772884922583,True
2026-02-11 20:29:15,7025000,,False
2026-02-11 20:29:15,7025000,,False
2026-02-11 20:29:21,7050000,,False
2026-02-11 20:29:21,7050000,,False
2026-02-11 20:29:26,3525000,,False
2026-02-11 20:29:26,3525000,,False
2026-02-11 20:29:31,3550000,,False
2026-02-11 20:29:31,3550000,,False
2026-02-11 20:29:37,3575000,,False
2026-02-11 20:29:37,3575000,,False
2026-02-11 20:34:42,7000000,,False
2026-02-11 20:34:42,7000000,,False
2026-02-11 20:34:47,7025000,261.7074941068649,True
2026-02-11 20:34:47,7025000,261.7074941068649,True
2026-02-11 20:34:53,7050000,,False
2026-02-11 20:34:53,7050000,,False
2026-02-11 20:34:58,3525000,,False
2026-02-11 20:34:58,3525000,,False
2026-02-11 20:35:03,3550000,,False
2026-02-11 20:35:03,3550000,,False
2026-02-11 20:35:08,3575000,,False
2026-02-11 20:35:08,3575000,,False
2026-02-11 20:40:14,7000000,250.96290490599657,True
2026-02-11 20:40:14,7000000,250.96290490599657,True
2026-02-11 20:40:19,7025000,,False
2026-02-11 20:40:19,7025000,,False
2026-02-11 20:40:24,7050000,250.19543424879168,True
2026-02-11 20:40:24,7050000,250.19543424879168,True
2026-02-11 20:40:29,3525000,,False
2026-02-11 20:40:29,3525000,,False
2026-02-11 20:40:35,3550000,,False
2026-02-11 20:40:35,3550000,,False
2026-02-11 20:40:40,3575000,,False
2026-02-11 20:40:40,3575000,,False
2026-02-11 20:45:45,7000000,249.4279635915868,True
2026-02-11 20:45:45,7000000,249.4279635915868,True
2026-02-11 20:45:51,7025000,,False
2026-02-11 20:45:51,7025000,,False
2026-02-11 20:45:56,7050000,,False
2026-02-11 20:45:56,7050000,,False
2026-02-11 20:46:01,3525000,,False
2026-02-11 20:46:01,3525000,,False
2026-02-11 20:46:06,3550000,,False
2026-02-11 20:46:06,3550000,,False
2026-02-11 20:46:12,3575000,,False
2026-02-11 20:46:12,3575000,,False
2026-02-11 20:51:17,7000000,248.66049293438192,True
2026-02-11 20:51:17,7000000,248.66049293438192,True
2026-02-11 20:51:22,7025000,248.66049293438192,True
2026-02-11 20:51:22,7025000,248.66049293438192,True
2026-02-11 20:51:28,7050000,434.38839197796347,True
2026-02-11 20:51:28,7050000,434.38839197796347,True
2026-02-11 20:51:33,3525000,,False
2026-02-11 20:51:33,3525000,,False
2026-02-11 20:51:38,3550000,,False
2026-02-11 20:51:38,3550000,,False
2026-02-11 20:51:43,3575000,,False
2026-02-11 20:51:43,3575000,,False
2026-02-11 20:56:49,7000000,257.1026701636356,True
2026-02-11 20:56:49,7000000,257.1026701636356,True
2026-02-11 20:56:54,7025000,255.56772884922583,True
2026-02-11 20:56:54,7025000,255.56772884922583,True
2026-02-11 20:56:59,7050000,,False
2026-02-11 20:56:59,7050000,,False
2026-02-11 20:57:05,3525000,,False
2026-02-11 20:57:05,3525000,,False
2026-02-11 20:57:10,3550000,,False
2026-02-11 20:57:10,3550000,,False
2026-02-11 20:57:15,3575000,,False
2026-02-11 20:57:15,3575000,,False
2026-02-11 21:02:20,7000000,253.26531687761118,True
2026-02-11 21:02:20,7000000,253.2653168776112,True
2026-02-11 21:02:26,7025000,253.26531687761118,True
2026-02-11 21:02:26,7025000,253.2653168776112,True
2026-02-11 21:02:31,7050000,,False
2026-02-11 21:02:31,7050000,,False
2026-02-11 21:02:36,3525000,,False
2026-02-11 21:02:36,3525000,,False
2026-02-11 21:02:41,3550000,,False
2026-02-11 21:02:41,3550000,,False
2026-02-11 21:02:47,3575000,,False
2026-02-11 21:02:47,3575000,,False
2026-02-11 21:07:52,7000000,256.33519950643074,True
2026-02-11 21:07:52,7000000,256.33519950643074,True
2026-02-11 21:07:57,7025000,260.94002344966003,True
2026-02-11 21:07:57,7025000,260.94002344966003,True
2026-02-11 21:08:02,7050000,,False
2026-02-11 21:08:02,7050000,,False
2026-02-11 21:08:08,3525000,,False
2026-02-11 21:08:08,3525000,,False
2026-02-11 21:08:13,3550000,,False
2026-02-11 21:08:13,3550000,,False
2026-02-11 21:08:18,3575000,,False
2026-02-11 21:08:18,3575000,,False
2026-02-11 21:13:24,7000000,255.56772884922583,True
2026-02-11 21:13:24,7000000,255.56772884922583,True
2026-02-11 21:13:29,7025000,265.5448473928893,True
2026-02-11 21:13:29,7025000,265.5448473928893,True
2026-02-11 21:13:34,7050000,,False
2026-02-11 21:13:34,7050000,,False
2026-02-11 21:13:39,3525000,,False
2026-02-11 21:13:39,3525000,,False
2026-02-11 21:13:45,3550000,,False
2026-02-11 21:13:45,3550000,,False
2026-02-11 21:13:50,3575000,,False
2026-02-11 21:13:50,3575000,,False
2026-02-11 21:18:55,7000000,260.1725527924551,True
2026-02-11 21:18:55,7000000,260.1725527924551,True
2026-02-11 21:19:01,7025000,,False
2026-02-11 21:19:01,7025000,,False
2026-02-11 21:19:06,7050000,,False
2026-02-11 21:19:06,7050000,,False
2026-02-11 21:19:11,3525000,,False
2026-02-11 21:19:11,3525000,,False
2026-02-11 21:19:16,3550000,,False
2026-02-11 21:19:16,3550000,,False
2026-02-11 21:19:22,3575000,,False
2026-02-11 21:19:22,3575000,,False
2026-02-11 21:24:27,7000000,258.63761147804536,True
2026-02-11 21:24:27,7000000,258.63761147804536,True
2026-02-11 21:24:32,7025000,237.14843307630863,True
2026-02-11 21:24:32,7025000,237.14843307630863,True
2026-02-11 21:24:37,7050000,260.1725527924551,True
2026-02-11 21:24:37,7050000,260.1725527924551,True
2026-02-11 21:24:43,3525000,,False
2026-02-11 21:24:43,3525000,,False
2026-02-11 21:24:48,3550000,,False
2026-02-11 21:24:48,3550000,,False
2026-02-11 21:24:53,3575000,,False
2026-02-11 21:24:53,3575000,,False
2026-02-11 21:29:59,7000000,254.80025819202092,True
2026-02-11 21:29:59,7000000,254.80025819202095,True
2026-02-11 21:30:04,7025000,254.03278753481607,True
2026-02-11 21:30:04,7025000,254.03278753481607,True
2026-02-11 21:30:09,7050000,,False
2026-02-11 21:30:09,7050000,,False
2026-02-11 21:30:14,3525000,,False
2026-02-11 21:30:14,3525000,,False
2026-02-11 21:30:20,3550000,,False
2026-02-11 21:30:20,3550000,,False
2026-02-11 21:30:25,3575000,,False
2026-02-11 21:30:25,3575000,,False
2026-02-11 21:35:30,7000000,252.4978462204063,True
2026-02-11 21:35:30,7000000,252.4978462204063,True
2026-02-11 21:35:36,7025000,252.4978462204063,True
2026-02-11 21:35:36,7025000,252.4978462204063,True
2026-02-11 21:35:41,7050000,,False
2026-02-11 21:35:41,7050000,,False
2026-02-11 21:35:46,3525000,,False
2026-02-11 21:35:46,3525000,,False
2026-02-11 21:35:51,3550000,,False
2026-02-11 21:35:51,3550000,,False
2026-02-11 21:35:57,3575000,,False
2026-02-11 21:35:57,3575000,,False
2026-02-11 21:41:02,7000000,251.73037556320145,True
2026-02-11 21:41:02,7000000,251.73037556320145,True
2026-02-11 21:41:07,7025000,,False
2026-02-11 21:41:07,7025000,,False
2026-02-11 21:41:13,7050000,258.63761147804536,True
2026-02-11 21:41:13,7050000,258.63761147804536,True
2026-02-11 21:41:18,3525000,,False
2026-02-11 21:41:18,3525000,,False
2026-02-11 21:41:23,3550000,,False
2026-02-11 21:41:23,3550000,,False
2026-02-11 21:41:28,3575000,,False
2026-02-11 21:41:28,3575000,,False
2026-02-11 21:46:34,7000000,263.24243542127465,True
2026-02-11 21:46:34,7000000,263.24243542127465,True
2026-02-11 21:46:39,7025000,260.94002344966003,True
2026-02-11 21:46:39,7025000,260.94002344966003,True
2026-02-11 21:46:44,7050000,260.94002344966003,True
2026-02-11 21:46:44,7050000,260.94002344966003,True
2026-02-11 21:46:49,3525000,,False
2026-02-11 21:46:49,3525000,,False
2026-02-11 21:46:55,3550000,,False
2026-02-11 21:46:55,3550000,,False
2026-02-11 21:47:00,3575000,,False
2026-02-11 21:47:00,3575000,,False
2026-02-11 21:52:05,7000000,254.80025819202092,True
2026-02-11 21:52:05,7000000,254.80025819202095,True
2026-02-11 21:52:11,7025000,250.19543424879168,True
2026-02-11 21:52:11,7025000,250.19543424879168,True
2026-02-11 21:52:16,7050000,,False
2026-02-11 21:52:16,7050000,,False
2026-02-11 21:52:21,3525000,,False
2026-02-11 21:52:21,3525000,,False
2026-02-11 21:52:26,3550000,,False
2026-02-11 21:52:26,3550000,,False
2026-02-11 21:52:32,3575000,247.893022277177,True
2026-02-11 21:52:32,3575000,247.893022277177,True
2026-02-11 21:57:37,7000000,,False
2026-02-11 21:57:37,7000000,,False
2026-02-11 21:57:42,7025000,254.80025819202095,True
2026-02-11 21:57:42,7025000,254.80025819202092,True
2026-02-11 21:57:48,7050000,,False
2026-02-11 21:57:48,7050000,,False
2026-02-11 21:57:53,3525000,231.7761384758745,True
2026-02-11 21:57:53,3525000,231.7761384758745,True
2026-02-11 21:57:58,3550000,,False
2026-02-11 21:57:58,3550000,,False
2026-02-11 21:58:03,3575000,,False
2026-02-11 21:58:03,3575000,,False
2026-02-11 22:03:09,7000000,254.03278753481607,True
2026-02-11 22:03:09,7000000,254.03278753481607,True
2026-02-11 22:03:14,7025000,250.19543424879168,True
2026-02-11 22:03:14,7025000,250.19543424879168,True
2026-02-11 22:03:19,7050000,,False
2026-02-11 22:03:19,7050000,,False
2026-02-11 22:03:24,3525000,,False
2026-02-11 22:03:24,3525000,,False
2026-02-11 22:03:30,3550000,,False
2026-02-11 22:03:30,3550000,,False
2026-02-11 22:03:35,3575000,,False
2026-02-11 22:03:35,3575000,,False
2026-02-11 22:08:40,7000000,247.12555161997213,True
2026-02-11 22:08:40,7000000,247.12555161997213,True
2026-02-11 22:08:46,7025000,255.56772884922583,True
2026-02-11 22:08:46,7025000,255.56772884922583,True
2026-02-11 22:08:51,7050000,,False
2026-02-11 22:08:51,7050000,,False
2026-02-11 22:08:56,3525000,,False
2026-02-11 22:08:56,3525000,,False
2026-02-11 22:09:01,3550000,249.4279635915868,True
2026-02-11 22:09:01,3550000,249.4279635915868,True
2026-02-11 22:09:07,3575000,269.3822006789137,True
2026-02-11 22:09:07,3575000,269.3822006789137,True
2026-02-11 22:14:12,7000000,254.80025819202095,True
2026-02-11 22:14:12,7000000,254.80025819202092,True
2026-02-11 22:14:17,7025000,241.75325701953795,True
2026-02-11 22:14:17,7025000,241.75325701953795,True
2026-02-11 22:14:23,7050000,,False
2026-02-11 22:14:23,7050000,,False
2026-02-11 22:14:28,3525000,,False
2026-02-11 22:14:28,3525000,,False
2026-02-11 22:14:33,3550000,418.2715081766609,True
2026-02-11 22:14:33,3550000,418.2715081766609,True
2026-02-11 22:14:38,3575000,,False
2026-02-11 22:14:38,3575000,,False
2026-02-11 22:19:44,7000000,,False
2026-02-11 22:19:44,7000000,,False
2026-02-11 22:19:49,7025000,,False
2026-02-11 22:19:49,7025000,,False
2026-02-11 22:19:55,7050000,242.52072767674284,True
2026-02-11 22:19:55,7050000,242.52072767674284,True
2026-02-11 22:20:00,3525000,,False
2026-02-11 22:20:00,3525000,,False
2026-02-11 22:20:05,3550000,,False
2026-02-11 22:20:05,3550000,,False
2026-02-11 22:20:11,3575000,,False
2026-02-11 22:20:11,3575000,,False
2026-02-11 22:25:16,7000000,,False
2026-02-11 22:25:16,7000000,,False
2026-02-11 22:25:21,7025000,,False
2026-02-11 22:25:21,7025000,,False
2026-02-11 22:25:27,7050000,,False
2026-02-11 22:25:27,7050000,,False
2026-02-11 22:25:32,3525000,,False
2026-02-11 22:25:32,3525000,,False
2026-02-11 22:25:37,3550000,,False
2026-02-11 22:25:37,3550000,,False
2026-02-11 22:25:43,3575000,,False
2026-02-11 22:25:43,3575000,,False
2026-02-11 22:30:48,7000000,,False
2026-02-11 22:30:48,7000000,,False
2026-02-11 22:30:53,7025000,,False
2026-02-11 22:30:53,7025000,,False
2026-02-11 22:30:59,7050000,,False
2026-02-11 22:30:59,7050000,,False
2026-02-11 22:31:04,3525000,,False
2026-02-11 22:31:04,3525000,,False
2026-02-11 22:31:10,3550000,267.0797887072991,True
2026-02-11 22:31:10,3550000,267.0797887072991,True
2026-02-11 22:31:15,3575000,,False
2026-02-11 22:31:15,3575000,,False
2026-02-11 22:36:20,7000000,258.63761147804536,True
2026-02-11 22:36:20,7000000,258.63761147804536,True
2026-02-11 22:36:25,7025000,,False
2026-02-11 22:36:25,7025000,,False
2026-02-11 22:36:31,7050000,,False
2026-02-11 22:36:31,7050000,,False
2026-02-11 22:36:36,3525000,,False
2026-02-11 22:36:36,3525000,,False
2026-02-11 22:36:42,3550000,,False
2026-02-11 22:36:42,3550000,,False
2026-02-11 22:36:47,3575000,,False
2026-02-11 22:36:47,3575000,,False
2026-02-11 22:41:52,7000000,,False
2026-02-11 22:41:52,7000000,,False
2026-02-11 22:41:58,7025000,,False
2026-02-11 22:41:58,7025000,,False
2026-02-11 22:42:03,7050000,,False
2026-02-11 22:42:03,7050000,,False
2026-02-11 22:42:09,3525000,237.14843307630863,True
2026-02-11 22:42:09,3525000,237.14843307630863,True
2026-02-11 22:42:14,3550000,,False
2026-02-11 22:42:14,3550000,,False
2026-02-11 22:42:19,3575000,,False
2026-02-11 22:42:19,3575000,,False
2026-02-11 22:47:25,7000000,254.80025819202092,True
2026-02-11 22:47:25,7000000,254.80025819202095,True
2026-02-11 22:47:30,7025000,262.4749647640698,True
2026-02-11 22:47:30,7025000,262.4749647640698,True
2026-02-11 22:47:35,7050000,,False
2026-02-11 22:47:35,7050000,,False
2026-02-11 22:47:40,3525000,243.2881983339477,True
2026-02-11 22:47:40,3525000,243.28819833394772,True
2026-02-11 22:47:46,3550000,,False
2026-02-11 22:47:46,3550000,,False
2026-02-11 22:47:51,3575000,,False
2026-02-11 22:47:51,3575000,,False
2026-02-11 22:52:56,7000000,,False
2026-02-11 22:52:56,7000000,,False
2026-02-11 22:53:02,7025000,,False
2026-02-11 22:53:02,7025000,,False
2026-02-11 22:53:07,7050000,,False
2026-02-11 22:53:07,7050000,,False
2026-02-11 22:53:13,3525000,,False
2026-02-11 22:53:13,3525000,,False
2026-02-11 22:53:18,3550000,,False
2026-02-11 22:53:18,3550000,,False
2026-02-11 22:53:23,3575000,,False
2026-02-11 22:53:23,3575000,,False
2026-02-11 22:58:28,7000000,253.2653168776112,True
2026-02-11 22:58:28,7000000,253.26531687761118,True
2026-02-11 22:58:34,7025000,268.61473002170885,True
2026-02-11 22:58:34,7025000,268.61473002170885,True
2026-02-11 22:58:39,7050000,269.3822006789137,True
2026-02-11 22:58:39,7050000,269.3822006789137,True
2026-02-11 22:58:44,3525000,,False
2026-02-11 22:58:44,3525000,,False
2026-02-11 22:58:49,3550000,,False
2026-02-11 22:58:49,3550000,,False
2026-02-11 22:58:55,3575000,,False
2026-02-11 22:58:55,3575000,,False
2026-02-11 23:04:00,7000000,,False
2026-02-11 23:04:00,7000000,,False
2026-02-11 23:04:05,7025000,267.84725936450394,True
2026-02-11 23:04:05,7025000,267.84725936450394,True
2026-02-11 23:04:11,7050000,244.0556689911526,True
2026-02-11 23:04:11,7050000,244.0556689911526,True
2026-02-11 23:04:16,3525000,,False
2026-02-11 23:04:16,3525000,,False
2026-02-11 23:04:21,3550000,,False
2026-02-11 23:04:21,3550000,,False
2026-02-11 23:04:26,3575000,,False
2026-02-11 23:04:26,3575000,,False
2026-02-11 23:09:32,7000000,237.14843307630863,True
2026-02-11 23:09:32,7000000,237.14843307630863,True
2026-02-11 23:09:37,7025000,249.4279635915868,True
2026-02-11 23:09:37,7025000,249.4279635915868,True
2026-02-11 23:09:42,7050000,,False
2026-02-11 23:09:42,7050000,,False
2026-02-11 23:09:48,3525000,,False
2026-02-11 23:09:48,3525000,,False
2026-02-11 23:09:53,3550000,,False
2026-02-11 23:09:53,3550000,,False
2026-02-11 23:09:58,3575000,234.846021104694,True
2026-02-11 23:09:58,3575000,234.84602110469402,True
2026-02-11 23:15:03,7000000,231.7761384758745,True
2026-02-11 23:15:03,7000000,231.7761384758745,True
2026-02-11 23:15:09,7025000,277.82437790816743,True
2026-02-11 23:15:09,7025000,277.82437790816743,True
2026-02-11 23:15:14,7050000,242.52072767674284,True
2026-02-11 23:15:14,7050000,242.52072767674284,True
2026-02-11 23:15:19,3525000,,False
2026-02-11 23:15:19,3525000,,False
2026-02-11 23:15:24,3550000,,False
2026-02-11 23:15:24,3550000,,False
2026-02-11 23:15:30,3575000,,False
2026-02-11 23:15:30,3575000,,False
2026-02-11 23:20:35,7000000,247.12555161997213,True
2026-02-11 23:20:35,7000000,247.12555161997213,True
2026-02-11 23:20:40,7025000,316.1979107684116,True
2026-02-11 23:20:40,7025000,316.1979107684116,True
2026-02-11 23:20:46,7050000,264.0099060784796,True
2026-02-11 23:20:46,7050000,264.00990607847956,True
2026-02-11 23:20:51,3525000,,False
2026-02-11 23:20:51,3525000,,False
2026-02-11 23:20:56,3550000,,False
2026-02-11 23:20:56,3550000,,False
2026-02-11 23:21:01,3575000,,False
2026-02-11 23:21:01,3575000,,False
2026-02-11 23:26:07,7000000,304.68585091033833,True
2026-02-11 23:26:07,7000000,304.6858509103384,True
2026-02-11 23:26:12,7025000,313.8954987967969,True
2026-02-11 23:26:12,7025000,313.8954987967969,True
2026-02-11 23:26:17,7050000,,False
2026-02-11 23:26:17,7050000,,False
2026-02-11 23:26:22,3525000,240.2183157051282,True
2026-02-11 23:26:22,3525000,240.2183157051282,True
2026-02-11 23:26:28,3550000,,False
2026-02-11 23:26:28,3550000,,False
2026-02-11 23:26:33,3575000,,False
2026-02-11 23:26:33,3575000,,False
2026-02-11 23:31:38,7000000,342.2919131133776,True
2026-02-11 23:31:38,7000000,342.2919131133776,True
2026-02-11 23:31:44,7025000,,False
2026-02-11 23:31:44,7025000,,False
2026-02-11 23:31:49,7050000,,False
2026-02-11 23:31:49,7050000,,False
2026-02-11 23:31:54,3525000,,False
2026-02-11 23:31:54,3525000,,False
2026-02-11 23:31:59,3550000,,False
2026-02-11 23:31:59,3550000,,False
2026-02-11 23:32:05,3575000,,False
2026-02-11 23:32:05,3575000,,False
2026-02-11 23:37:10,7000000,357.6413262574752,True
2026-02-11 23:37:10,7000000,357.64132625747516,True
2026-02-11 23:37:15,7025000,371.4557980871631,True
2026-02-11 23:37:15,7025000,371.4557980871631,True
2026-02-11 23:37:20,7050000,394.4799178033096,True
2026-02-11 23:37:20,7050000,394.47991780330955,True
2026-02-11 23:37:26,3525000,,False
2026-02-11 23:37:26,3525000,,False
2026-02-11 23:37:31,3550000,,False
2026-02-11 23:37:31,3550000,,False
2026-02-11 23:37:36,3575000,,False
2026-02-11 23:37:36,3575000,,False
2026-02-11 23:42:42,7000000,432.0859800063488,True
2026-02-11 23:42:42,7000000,432.0859800063488,True
2026-02-11 23:42:47,7025000,,False
2026-02-11 23:42:47,7025000,,False
2026-02-11 23:42:52,7050000,296.2436736810846,True
2026-02-11 23:42:52,7050000,296.2436736810846,True
2026-02-11 23:42:57,3525000,231.0086678186696,True
2026-02-11 23:42:57,3525000,231.0086678186696,True
2026-02-11 23:43:03,3550000,235.6134917618989,True
2026-02-11 23:43:03,3550000,235.6134917618989,True
2026-02-11 23:43:08,3575000,,False
2026-02-11 23:43:08,3575000,,False
2026-02-11 23:48:13,7000000,,False
2026-02-11 23:48:13,7000000,,False
2026-02-11 23:48:19,7025000,,False
2026-02-11 23:48:19,7025000,,False
2026-02-11 23:48:24,7050000,,False
2026-02-11 23:48:24,7050000,,False
2026-02-11 23:48:29,3525000,231.0086678186696,True
2026-02-11 23:48:29,3525000,231.0086678186696,True
2026-02-11 23:48:34,3550000,240.2183157051282,True
2026-02-11 23:48:34,3550000,240.2183157051282,True
2026-02-11 23:48:40,3575000,,False
2026-02-11 23:48:40,3575000,,False
2026-02-11 23:53:45,7000000,,False
2026-02-11 23:53:45,7000000,,False
2026-02-11 23:53:50,7025000,,False
2026-02-11 23:53:50,7025000,,False
2026-02-11 23:53:56,7050000,,False
2026-02-11 23:53:56,7050000,,False
2026-02-11 23:54:01,3525000,,False
2026-02-11 23:54:01,3525000,,False
2026-02-11 23:54:06,3550000,,False
2026-02-11 23:54:06,3550000,,False
2026-02-11 23:54:11,3575000,,False
2026-02-11 23:54:11,3575000,,False
2026-02-11 23:59:17,7000000,,False
2026-02-11 23:59:17,7000000,,False
2026-02-11 23:59:22,7025000,,False
2026-02-11 23:59:22,7025000,,False
2026-02-11 23:59:27,7050000,,False
2026-02-11 23:59:27,7050000,,False
2026-02-11 23:59:32,3525000,239.4508450479233,True
2026-02-11 23:59:32,3525000,239.4508450479233,True
2026-02-11 23:59:38,3550000,,False
2026-02-11 23:59:38,3550000,,False
2026-02-11 23:59:43,3575000,,False
2026-02-11 23:59:43,3575000,,False
