utc_times,frequencies_Hz,virtual_heights_km,echo_detected
2026-03-02 00:02:51,7000000,277.82437790816743,True
2026-03-02 00:02:51,7000000,277.82437790816743,True
2026-03-02 00:02:57,7025000,268.61473002170885,True
2026-03-02 00:02:57,7025000,268.61473002170885,True
2026-03-02 00:03:02,7050000,,False
2026-03-02 00:03:02,7050000,,False
2026-03-02 00:03:07,3525000,,False
2026-03-02 00:03:07,3525000,,False
2026-03-02 00:03:12,3550000,,False
2026-03-02 00:03:12,3550000,,False
2026-03-02 00:03:17,3575000,276.28943659375767,True
2026-03-02 00:03:17,3575000,276.28943659375767,True
2026-03-02 00:08:23,7000000,295.4762030238797,True
2026-03-02 00:08:23,7000000,295.4762030238797,True
2026-03-02 00:08:28,7025000,,False
2026-03-02 00:08:28,7025000,,False
2026-03-02 00:08:33,7050000,276.28943659375767,True
2026-03-02 00:08:33,7050000,276.28943659375767,True
2026-03-02 00:08:38,3525000,,False
2026-03-02 00:08:38,3525000,,False
2026-03-02 00:08:43,3550000,,False
2026-03-02 00:08:43,3550000,,False
2026-03-02 00:08:49,3575000,,False
2026-03-02 00:08:49,3575000,,False
2026-03-02 00:13:54,7000000,304.6858509103384,True
2026-03-02 00:13:54,7000000,304.68585091033833,True
2026-03-02 00:13:59,7025000,287.8014964518309,True
2026-03-02 00:13:59,7025000,287.8014964518309,True
2026-03-02 00:14:04,7050000,,False
2026-03-02 00:14:04,7050000,,False
2026-03-02 00:14:09,3525000,,False
2026-03-02 00:14:09,3525000,,False
2026-03-02 00:14:15,3550000,,False
2026-03-02 00:14:15,3550000,,False
2026-03-02 00:14:20,3575000,,False
2026-03-02 00:14:20,3575000,,False
2026-03-02 00:19:25,7000000,296.2436736810846,True
2026-03-02 00:19:25,7000000,296.2436736810846,True
2026-03-02 00:19:30,7025000,393.7124471461047,True
2026-03-02 00:19:30,7025000,393.7124471461047,True
2026-03-02 00:19:35,7050000,280.89426053698696,True
2026-03-02 00:19:35,7050000,280.89426053698696,True
2026-03-02 00:19:41,3525000,,False
2026-03-02 00:19:41,3525000,,False
2026-03-02 00:19:46,3550000,,False
2026-03-02 00:19:46,3550000,,False
2026-03-02 00:19:51,3575000,,False
2026-03-02 00:19:51,3575000,,False
2026-03-02 00:24:56,7000000,313.12802813959206,True
2026-03-02 00:24:56,7000000,313.12802813959206,True
2026-03-02 00:25:01,7025000,304.68585091033833,True
2026-03-02 00:25:01,7025000,304.6858509103384,True
2026-03-02 00:25:07,7050000,292.4063203950602,True
2026-03-02 00:25:07,7050000,292.4063203950602,True
2026-03-02 00:25:12,3525000,320.8027347116408,True
2026-03-02 00:25:12,3525000,320.8027347116408,True
2026-03-02 00:25:17,3550000,,False
2026-03-02 00:25:17,3550000,,False
2026-03-02 00:25:22,3575000,,False
2026-03-02 00:25:22,3575000,,False
2026-03-02 00:30:27,7000000,270.91714199332347,True
2026-03-02 00:30:27,7000000,270.91714199332347,True
2026-03-02 00:30:33,7025000,283.1966725086016,True
2026-03-02 00:30:33,7025000,283.1966725086016,True
2026-03-02 00:30:38,7050000,276.28943659375767,True
2026-03-02 00:30:38,7050000,276.28943659375767,True
2026-03-02 00:30:43,3525000,,False
2026-03-02 00:30:43,3525000,,False
2026-03-02 00:30:48,3550000,,False
2026-03-02 00:30:48,3550000,,False
2026-03-02 00:30:53,3575000,,False
2026-03-02 00:30:53,3575000,,False
2026-03-02 00:35:59,7000000,285.49908448021625,True
2026-03-02 00:35:59,7000000,285.49908448021625,True
2026-03-02 00:36:04,7025000,,False
2026-03-02 00:36:04,7025000,,False
2026-03-02 00:36:09,7050000,289.3364377662407,True
2026-03-02 00:36:09,7050000,289.3364377662407,True
2026-03-02 00:36:14,3525000,,False
2026-03-02 00:36:14,3525000,,False
2026-03-02 00:36:19,3550000,,False
2026-03-02 00:36:19,3550000,,False
2026-03-02 00:36:25,3575000,,False
2026-03-02 00:36:25,3575000,,False
2026-03-02 00:41:30,7000000,,False
2026-03-02 00:41:30,7000000,,False
2026-03-02 00:41:35,7025000,,False
2026-03-02 00:41:35,7025000,,False
2026-03-02 00:41:40,7050000,,False
2026-03-02 00:41:40,7050000,,False
2026-03-02 00:41:45,3525000,,False
2026-03-02 00:41:45,3525000,,False
2026-03-02 00:41:51,3550000,,False
2026-03-02 00:41:51,3550000,,False
2026-03-02 00:41:56,3575000,,False
2026-03-02 00:41:56,3575000,,False
2026-03-02 00:47:01,7000000,289.3364377662407,True
2026-03-02 00:47:01,7000000,289.3364377662407,True
2026-03-02 00:47:06,7025000,290.10390842344555,True
2026-03-02 00:47:06,7025000,290.10390842344555,True
2026-03-02 00:47:11,7050000,,False
2026-03-02 00:47:11,7050000,,False
2026-03-02 00:47:17,3525000,,False
2026-03-02 00:47:17,3525000,,False
2026-03-02 00:47:22,3550000,,False
2026-03-02 00:47:22,3550000,,False
2026-03-02 00:47:27,3575000,,False
2026-03-02 00:47:27,3575000,,False
2026-03-02 00:52:32,7000000,279.3593192225772,True
2026-03-02 00:52:32,7000000,279.3593192225772,True
2026-03-02 00:52:37,7025000,290.10390842344555,True
2026-03-02 00:52:37,7025000,290.10390842344555,True
2026-03-02 00:52:43,7050000,,False
2026-03-02 00:52:43,7050000,,False
2026-03-02 00:52:48,3525000,,False
2026-03-02 00:52:48,3525000,,False
2026-03-02 00:52:53,3550000,,False
2026-03-02 00:52:53,3550000,,False
2026-03-02 00:52:58,3575000,,False
2026-03-02 00:52:58,3575000,,False
2026-03-02 00:58:03,7000000,270.1496713361186,True
2026-03-02 00:58:03,7000000,270.1496713361186,True
2026-03-02 00:58:09,7025000,,False
2026-03-02 00:58:09,7025000,,False
2026-03-02 00:58:14,7050000,313.8954987967969,True
2026-03-02 00:58:14,7050000,313.8954987967969,True
2026-03-02 00:58:19,3525000,,False
2026-03-02 00:58:19,3525000,,False
2026-03-02 00:58:24,3550000,,False
2026-03-02 00:58:24,3550000,,False
2026-03-02 00:58:29,3575000,,False
2026-03-02 00:58:29,3575000,,False
2026-03-02 01:03:34,7000000,286.2665551374211,True
2026-03-02 01:03:34,7000000,286.2665551374211,True
2026-03-02 01:03:40,7025000,,False
2026-03-02 01:03:40,7025000,,False
2026-03-02 01:03:45,7050000,,False
2026-03-02 01:03:45,7050000,,False
2026-03-02 01:03:50,3525000,,False
2026-03-02 01:03:50,3525000,,False
2026-03-02 01:03:55,3550000,,False
2026-03-02 01:03:55,3550000,,False
2026-03-02 01:04:00,3575000,,False
2026-03-02 01:04:00,3575000,,False
2026-03-02 01:09:06,7000000,273.987024622143,True
2026-03-02 01:09:06,7000000,273.987024622143,True
2026-03-02 01:09:11,7025000,266.31231805009423,True
2026-03-02 01:09:11,7025000,266.31231805009423,True
2026-03-02 01:09:16,7050000,254.03278753481607,True
2026-03-02 01:09:16,7050000,254.03278753481607,True
2026-03-02 01:09:21,3525000,,False
2026-03-02 01:09:21,3525000,,False
2026-03-02 01:09:26,3550000,,False
2026-03-02 01:09:26,3550000,,False
2026-03-02 01:09:31,3575000,,False
2026-03-02 01:09:31,3575000,,False
2026-03-02 01:14:37,7000000,277.82437790816743,True
2026-03-02 01:14:37,7000000,277.82437790816743,True
2026-03-02 01:14:42,7025000,278.59184856537235,True
2026-03-02 01:14:42,7025000,278.59184856537235,True
2026-03-02 01:14:47,7050000,,False
2026-03-02 01:14:47,7050000,,False
2026-03-02 01:14:52,3525000,,False
2026-03-02 01:14:52,3525000,,False
2026-03-02 01:14:57,3550000,,False
2026-03-02 01:14:57,3550000,,False
2026-03-02 01:15:03,3575000,,False
2026-03-02 01:15:03,3575000,,False
2026-03-02 01:20:08,7000000,273.987024622143,True
2026-03-02 01:20:08,7000000,273.987024622143,True
2026-03-02 01:20:13,7025000,324.6400879976652,True
2026-03-02 01:20:13,7025000,324.6400879976652,True
2026-03-02 01:20:18,7050000,,False
2026-03-02 01:20:18,7050000,,False
2026-03-02 01:20:23,3525000,,False
2026-03-02 01:20:23,3525000,,False
2026-03-02 01:20:29,3550000,,False
2026-03-02 01:20:29,3550000,,False
2026-03-02 01:20:34,3575000,,False
2026-03-02 01:20:34,3575000,,False
2026-03-02 01:25:39,7000000,,False
2026-03-02 01:25:39,7000000,,False
2026-03-02 01:25:44,7025000,287.8014964518309,True
2026-03-02 01:25:44,7025000,287.8014964518309,True
2026-03-02 01:25:50,7050000,,False
2026-03-02 01:25:50,7050000,,False
2026-03-02 01:25:55,3525000,,False
2026-03-02 01:25:55,3525000,,False
2026-03-02 01:26:00,3550000,,False
2026-03-02 01:26:00,3550000,,False
2026-03-02 01:26:05,3575000,,False
2026-03-02 01:26:05,3575000,,False
2026-03-02 01:31:10,7000000,284.73161382301134,True
2026-03-02 01:31:10,7000000,284.73161382301134,True
2026-03-02 01:31:15,7025000,339.9895011417629,True
2026-03-02 01:31:15,7025000,339.9895011417629,True
2026-03-02 01:31:21,7050000,,False
2026-03-02 01:31:21,7050000,,False
2026-03-02 01:31:26,3525000,,False
2026-03-02 01:31:26,3525000,,False
2026-03-02 01:31:31,3550000,,False
2026-03-02 01:31:31,3550000,,False
2026-03-02 01:31:36,3575000,,False
2026-03-02 01:31:36,3575000,,False
2026-03-02 01:36:41,7000000,304.68585091033833,True
2026-03-02 01:36:41,7000000,304.6858509103384,True
2026-03-02 01:36:47,7025000,303.9183802531334,True
2026-03-02 01:36:47,7025000,303.9183802531334,True
2026-03-02 01:36:52,7050000,335.3846771985336,True
2026-03-02 01:36:52,7050000,335.3846771985336,True
2026-03-02 01:36:57,3525000,,False
2026-03-02 01:36:57,3525000,,False
2026-03-02 01:37:02,3550000,,False
2026-03-02 01:37:02,3550000,,False
2026-03-02 01:37:07,3575000,,False
2026-03-02 01:37:07,3575000,,False
2026-03-02 01:42:12,7000000,389.10762320287535,True
2026-03-02 01:42:12,7000000,389.10762320287535,True
2026-03-02 01:42:18,7025000,308.5232041963627,True
2026-03-02 01:42:18,7025000,308.5232041963627,True
2026-03-02 01:42:23,7050000,,False
2026-03-02 01:42:23,7050000,,False
2026-03-02 01:42:28,3525000,,False
2026-03-02 01:42:28,3525000,,False
2026-03-02 01:42:33,3550000,,False
2026-03-02 01:42:33,3550000,,False
2026-03-02 01:42:38,3575000,,False
2026-03-02 01:42:38,3575000,,False
2026-03-02 01:47:44,7000000,314.6629694540018,True
2026-03-02 01:47:44,7000000,314.6629694540018,True
2026-03-02 01:47:49,7025000,326.9424999692799,True
2026-03-02 01:47:49,7025000,326.9424999692799,True
2026-03-02 01:47:54,7050000,340.7569717989678,True
2026-03-02 01:47:54,7050000,340.7569717989678,True
2026-03-02 01:47:59,3525000,,False
2026-03-02 01:47:59,3525000,,False
2026-03-02 01:48:04,3550000,,False
2026-03-02 01:48:04,3550000,,False
2026-03-02 01:48:09,3575000,231.0086678186696,True
2026-03-02 01:48:09,3575000,231.0086678186696,True
2026-03-02 01:53:15,7000000,333.08226522691893,True
2026-03-02 01:53:15,7000000,333.08226522691893,True
2026-03-02 01:53:20,7025000,329.24491194089455,True
2026-03-02 01:53:20,7025000,329.2449119408945,True
2026-03-02 01:53:25,7050000,,False
2026-03-02 01:53:25,7050000,,False
2026-03-02 01:53:30,3525000,,False
2026-03-02 01:53:30,3525000,,False
2026-03-02 01:53:35,3550000,,False
2026-03-02 01:53:35,3550000,,False
2026-03-02 01:53:41,3575000,,False
2026-03-02 01:53:41,3575000,,False
2026-03-02 01:58:46,7000000,316.1979107684116,True
2026-03-02 01:58:46,7000000,316.1979107684116,True
2026-03-02 01:58:51,7025000,371.4557980871631,True
2026-03-02 01:58:51,7025000,371.4557980871631,True
2026-03-02 01:58:56,7050000,,False
2026-03-02 01:58:56,7050000,,False
2026-03-02 01:59:01,3525000,,False
2026-03-02 01:59:01,3525000,,False
2026-03-02 01:59:07,3550000,,False
2026-03-02 01:59:07,3550000,,False
2026-03-02 01:59:12,3575000,,False
2026-03-02 01:59:12,3575000,,False
2026-03-02 02:04:17,7000000,343.82685442778734,True
2026-03-02 02:04:17,7000000,343.82685442778734,True
2026-03-02 02:04:22,7025000,333.08226522691893,True
2026-03-02 02:04:22,7025000,333.08226522691893,True
2026-03-02 02:04:27,7050000,357.6413262574752,True
2026-03-02 02:04:27,7050000,357.64132625747516,True
2026-03-02 02:04:33,3525000,,False
2026-03-02 02:04:33,3525000,,False
2026-03-02 02:04:38,3550000,,False
2026-03-02 02:04:38,3550000,,False
2026-03-02 02:04:43,3575000,,False
2026-03-02 02:04:43,3575000,,False
2026-03-02 02:09:48,7000000,362.2461502007045,True
2026-03-02 02:09:48,7000000,362.2461502007045,True
2026-03-02 02:09:53,7025000,,False
2026-03-02 02:09:53,7025000,,False
2026-03-02 02:09:59,7050000,362.2461502007045,True
2026-03-02 02:09:59,7050000,362.2461502007045,True
2026-03-02 02:10:04,3525000,,False
2026-03-02 02:10:04,3525000,,False
2026-03-02 02:10:09,3550000,,False
2026-03-02 02:10:09,3550000,,False
2026-03-02 02:10:14,3575000,254.03278753481607,True
2026-03-02 02:10:14,3575000,254.03278753481607,True
2026-03-02 02:15:19,7000000,360.71120888629474,True
2026-03-02 02:15:19,7000000,360.71120888629474,True
2026-03-02 02:15:25,7025000,374.5256807159826,True
2026-03-02 02:15:25,7025000,374.5256807159826,True
2026-03-02 02:15:30,7050000,,False
2026-03-02 02:15:30,7050000,,False
2026-03-02 02:15:35,3525000,,False
2026-03-02 02:15:35,3525000,,False
2026-03-02 02:15:40,3550000,,False
2026-03-02 02:15:40,3550000,,False
2026-03-02 02:15:45,3575000,,False
2026-03-02 02:15:45,3575000,,False
2026-03-02 02:20:50,7000000,,False
2026-03-02 02:20:50,7000000,,False
2026-03-02 02:20:56,7025000,,False
2026-03-02 02:20:56,7025000,,False
2026-03-02 02:21:01,7050000,,False
2026-03-02 02:21:01,7050000,,False
2026-03-02 02:21:06,3525000,,False
2026-03-02 02:21:06,3525000,,False
2026-03-02 02:21:11,3550000,,False
2026-03-02 02:21:11,3550000,,False
2026-03-02 02:21:16,3575000,234.846021104694,True
2026-03-02 02:21:16,3575000,234.84602110469402,True
2026-03-02 02:26:22,7000000,,False
2026-03-02 02:26:22,7000000,,False
2026-03-02 02:26:27,7025000,419.8064494910707,True
2026-03-02 02:26:27,7025000,419.8064494910707,True
2026-03-02 02:26:32,7050000,,False
2026-03-02 02:26:32,7050000,,False
2026-03-02 02:26:37,3525000,,False
2026-03-02 02:26:37,3525000,,False
2026-03-02 02:26:42,3550000,,False
2026-03-02 02:26:42,3550000,,False
2026-03-02 02:26:48,3575000,,False
2026-03-02 02:26:48,3575000,,False
2026-03-02 02:31:53,7000000,,False
2026-03-02 02:31:53,7000000,,False
2026-03-02 02:31:58,7025000,376.8280926875973,True
2026-03-02 02:31:58,7025000,376.8280926875973,True
2026-03-02 02:32:03,7050000,,False
2026-03-02 02:32:03,7050000,,False
2026-03-02 02:32:08,3525000,,False
2026-03-02 02:32:08,3525000,,False
2026-03-02 02:32:13,3550000,,False
2026-03-02 02:32:13,3550000,,False
2026-03-02 02:32:19,3575000,249.4279635915868,True
2026-03-02 02:32:19,3575000,249.4279635915868,True
2026-03-02 02:37:24,7000000,435.9233332923732,True
2026-03-02 02:37:24,7000000,435.92333329237323,True
2026-03-02 02:37:29,7025000,,False
2026-03-02 02:37:29,7025000,,False
2026-03-02 02:37:34,7050000,434.38839197796347,True
2026-03-02 02:37:34,7050000,434.38839197796347,True
2026-03-02 02:37:39,3525000,,False
2026-03-02 02:37:39,3525000,,False
2026-03-02 02:37:45,3550000,,False
2026-03-02 02:37:45,3550000,,False
2026-03-02 02:37:50,3575000,,False
2026-03-02 02:37:50,3575000,,False
2026-03-02 02:42:55,7000000,427.4811560631195,True
2026-03-02 02:42:55,7000000,427.4811560631195,True
2026-03-02 02:43:00,7025000,,False
2026-03-02 02:43:00,7025000,,False
2026-03-02 02:43:05,7050000,,False
2026-03-02 02:43:05,7050000,,False
2026-03-02 02:43:11,3525000,,False
2026-03-02 02:43:11,3525000,,False
2026-03-02 02:43:16,3550000,287.8014964518309,True
2026-03-02 02:43:16,3550000,287.8014964518309,True
2026-03-02 02:43:21,3575000,,False
2026-03-02 02:43:21,3575000,,False
2026-03-02 02:48:26,7000000,,False
2026-03-02 02:48:26,7000000,,False
2026-03-02 02:48:31,7025000,,False
2026-03-02 02:48:31,7025000,,False
2026-03-02 02:48:37,7050000,,False
2026-03-02 02:48:37,7050000,,False
2026-03-02 02:48:42,3525000,,False
2026-03-02 02:48:42,3525000,,False
2026-03-02 02:48:47,3550000,,False
2026-03-02 02:48:47,3550000,,False
2026-03-02 02:48:52,3575000,,False
2026-03-02 02:48:52,3575000,,False
2026-03-02 02:53:57,7000000,,False
2026-03-02 02:53:57,7000000,,False
2026-03-02 02:54:03,7025000,,False
2026-03-02 02:54:03,7025000,,False
2026-03-02 02:54:08,7050000,,False
2026-03-02 02:54:08,7050000,,False
2026-03-02 02:54:13,3525000,,False
2026-03-02 02:54:13,3525000,,False
2026-03-02 02:54:18,3550000,,False
2026-03-02 02:54:18,3550000,,False
2026-03-02 02:54:23,3575000,,False
2026-03-02 02:54:23,3575000,,False
2026-03-02 02:59:28,7000000,,False
2026-03-02 02:59:28,7000000,,False
2026-03-02 02:59:34,7025000,,False
2026-03-02 02:59:34,7025000,,False
2026-03-02 02:59:39,7050000,,False
2026-03-02 02:59:39,7050000,,False
2026-03-02 02:59:44,3525000,,False
2026-03-02 02:59:44,3525000,,False
2026-03-02 02:59:49,3550000,,False
2026-03-02 02:59:49,3550000,,False
2026-03-02 02:59:54,3575000,,False
2026-03-02 02:59:54,3575000,,False
2026-03-02 03:05:00,7000000,,False
2026-03-02 03:05:00,7000000,,False
2026-03-02 03:05:05,7025000,,False
2026-03-02 03:05:05,7025000,,False
2026-03-02 03:05:10,7050000,,False
2026-03-02 03:05:10,7050000,,False
2026-03-02 03:05:15,3525000,,False
2026-03-02 03:05:15,3525000,,False
2026-03-02 03:05:20,3550000,,False
2026-03-02 03:05:20,3550000,,False
2026-03-02 03:05:26,3575000,,False
2026-03-02 03:05:26,3575000,,False
2026-03-02 03:10:31,7000000,,False
2026-03-02 03:10:31,7000000,,False
2026-03-02 03:10:36,7025000,,False
2026-03-02 03:10:36,7025000,,False
2026-03-02 03:10:41,7050000,,False
2026-03-02 03:10:41,7050000,,False
2026-03-02 03:10:46,3525000,,False
2026-03-02 03:10:46,3525000,,False
2026-03-02 03:10:52,3550000,,False
2026-03-02 03:10:52,3550000,,False
2026-03-02 03:10:57,3575000,,False
2026-03-02 03:10:57,3575000,,False
2026-03-02 03:16:02,7000000,,False
2026-03-02 03:16:02,7000000,,False
2026-03-02 03:16:07,7025000,,False
2026-03-02 03:16:07,7025000,,False
2026-03-02 03:16:12,7050000,,False
2026-03-02 03:16:12,7050000,,False
2026-03-02 03:16:17,3525000,,False
2026-03-02 03:16:17,3525000,,False
2026-03-02 03:16:23,3550000,,False
2026-03-02 03:16:23,3550000,,False
2026-03-02 03:16:28,3575000,,False
2026-03-02 03:16:28,3575000,,False
2026-03-02 03:21:33,7000000,,False
2026-03-02 03:21:33,7000000,,False
2026-03-02 03:21:38,7025000,,False
2026-03-02 03:21:38,7025000,,False
2026-03-02 03:21:43,7050000,,False
2026-03-02 03:21:43,7050000,,False
2026-03-02 03:21:49,3525000,398.317271089334,True
2026-03-02 03:21:49,3525000,398.317271089334,True
2026-03-02 03:21:54,3550000,,False
2026-03-02 03:21:54,3550000,,False
2026-03-02 03:21:59,3575000,,False
2026-03-02 03:21:59,3575000,,False
2026-03-02 03:27:04,7000000,,False
2026-03-02 03:27:04,7000000,,False
2026-03-02 03:27:09,7025000,,False
2026-03-02 03:27:09,7025000,,False
2026-03-02 03:27:15,7050000,,False
2026-03-02 03:27:15,7050000,,False
2026-03-02 03:27:20,3525000,,False
2026-03-02 03:27:20,3525000,,False
2026-03-02 03:27:25,3550000,264.7773767356844,True
2026-03-02 03:27:25,3550000,264.7773767356844,True
2026-03-02 03:27:30,3575000,247.12555161997213,True
2026-03-02 03:27:30,3575000,247.12555161997213,True
2026-03-02 03:32:35,7000000,,False
2026-03-02 03:32:35,7000000,,False
2026-03-02 03:32:41,7025000,,False
2026-03-02 03:32:41,7025000,,False
2026-03-02 03:32:46,7050000,,False
2026-03-02 03:32:46,7050000,,False
2026-03-02 03:32:51,3525000,,False
2026-03-02 03:32:51,3525000,,False
2026-03-02 03:32:56,3550000,289.3364377662407,True
2026-03-02 03:32:56,3550000,289.3364377662407,True
2026-03-02 03:33:01,3575000,,False
2026-03-02 03:33:01,3575000,,False
2026-03-02 03:38:07,7000000,,False
2026-03-02 03:38:07,7000000,,False
2026-03-02 03:38:12,7025000,,False
2026-03-02 03:38:12,7025000,,False
2026-03-02 03:38:17,7050000,,False
2026-03-02 03:38:17,7050000,,False
2026-03-02 03:38:22,3525000,,False
2026-03-02 03:38:22,3525000,,False
2026-03-02 03:38:27,3550000,,False
2026-03-02 03:38:27,3550000,,False
2026-03-02 03:38:32,3575000,,False
2026-03-02 03:38:32,3575000,,False
2026-03-02 03:43:38,7000000,,False
2026-03-02 03:43:38,7000000,,False
2026-03-02 03:43:43,7025000,,False
2026-03-02 03:43:43,7025000,,False
2026-03-02 03:43:48,7050000,,False
2026-03-02 03:43:48,7050000,,False
2026-03-02 03:43:53,3525000,,False
2026-03-02 03:43:53,3525000,,False
2026-03-02 03:43:58,3550000,259.40508213525027,True
2026-03-02 03:43:58,3550000,259.40508213525027,True
2026-03-02 03:44:04,3575000,,False
2026-03-02 03:44:04,3575000,,False
2026-03-02 03:49:09,7000000,,False
2026-03-02 03:49:09,7000000,,False
2026-03-02 03:49:14,7025000,,False
2026-03-02 03:49:14,7025000,,False
2026-03-02 03:49:19,7050000,,False
2026-03-02 03:49:19,7050000,,False
2026-03-02 03:49:24,3525000,,False
2026-03-02 03:49:24,3525000,,False
2026-03-02 03:49:30,3550000,,False
2026-03-02 03:49:30,3550000,,False
2026-03-02 03:49:35,3575000,,False
2026-03-02 03:49:35,3575000,,False
2026-03-02 03:54:40,7000000,,False
2026-03-02 03:54:40,7000000,,False
2026-03-02 03:54:45,7025000,,False
2026-03-02 03:54:45,7025000,,False
2026-03-02 03:54:50,7050000,,False
2026-03-02 03:54:50,7050000,,False
2026-03-02 03:54:56,3525000,,False
2026-03-02 03:54:56,3525000,,False
2026-03-02 03:55:01,3550000,,False
2026-03-02 03:55:01,3550000,,False
2026-03-02 03:55:06,3575000,,False
2026-03-02 03:55:06,3575000,,False
2026-03-02 04:00:11,7000000,,False
2026-03-02 04:00:11,7000000,,False
2026-03-02 04:00:16,7025000,,False
2026-03-02 04:00:16,7025000,,False
2026-03-02 04:00:22,7050000,293.1737910522651,True
2026-03-02 04:00:22,7050000,293.1737910522651,True
2026-03-02 04:00:27,3525000,,False
2026-03-02 04:00:27,3525000,,False
2026-03-02 04:00:32,3550000,265.5448473928893,True
2026-03-02 04:00:32,3550000,265.5448473928893,True
2026-03-02 04:00:37,3575000,,False
2026-03-02 04:00:37,3575000,,False
2026-03-02 04:05:42,7000000,,False
2026-03-02 04:05:42,7000000,,False
2026-03-02 04:05:48,7025000,,False
2026-03-02 04:05:48,7025000,,False
2026-03-02 04:05:53,7050000,,False
2026-03-02 04:05:53,7050000,,False
2026-03-02 04:05:58,3525000,,False
2026-03-02 04:05:58,3525000,,False
2026-03-02 04:06:03,3550000,,False
2026-03-02 04:06:03,3550000,,False
2026-03-02 04:06:08,3575000,,False
2026-03-02 04:06:08,3575000,,False
2026-03-02 04:11:13,7000000,,False
2026-03-02 04:11:13,7000000,,False
2026-03-02 04:11:19,7025000,,False
2026-03-02 04:11:19,7025000,,False
2026-03-02 04:11:24,7050000,,False
2026-03-02 04:11:24,7050000,,False
2026-03-02 04:11:29,3525000,,False
2026-03-02 04:11:29,3525000,,False
2026-03-02 04:11:34,3550000,260.1725527924551,True
2026-03-02 04:11:34,3550000,260.1725527924551,True
2026-03-02 04:11:39,3575000,,False
2026-03-02 04:11:39,3575000,,False
2026-03-02 04:16:44,7000000,,False
2026-03-02 04:16:44,7000000,,False
2026-03-02 04:16:50,7025000,,False
2026-03-02 04:16:50,7025000,,False
2026-03-02 04:16:55,7050000,,False
2026-03-02 04:16:55,7050000,,False
2026-03-02 04:17:00,3525000,,False
2026-03-02 04:17:00,3525000,,False
2026-03-02 04:17:05,3550000,,False
2026-03-02 04:17:05,3550000,,False
2026-03-02 04:17:10,3575000,,False
2026-03-02 04:17:10,3575000,,False
2026-03-02 04:22:16,7000000,,False
2026-03-02 04:22:16,7000000,,False
2026-03-02 04:22:21,7025000,,False
2026-03-02 04:22:21,7025000,,False
2026-03-02 04:22:26,7050000,,False
2026-03-02 04:22:26,7050000,,False
2026-03-02 04:22:31,3525000,,False
2026-03-02 04:22:31,3525000,,False
2026-03-02 04:22:36,3550000,,False
2026-03-02 04:22:36,3550000,,False
2026-03-02 04:22:42,3575000,,False
2026-03-02 04:22:42,3575000,,False
2026-03-02 04:27:47,7000000,,False
2026-03-02 04:27:47,7000000,,False
2026-03-02 04:27:52,7025000,,False
2026-03-02 04:27:52,7025000,,False
2026-03-02 04:27:57,7050000,,False
2026-03-02 04:27:57,7050000,,False
2026-03-02 04:28:02,3525000,,False
2026-03-02 04:28:02,3525000,,False
2026-03-02 04:28:08,3550000,,False
2026-03-02 04:28:08,3550000,,False
2026-03-02 04:28:13,3575000,,False
2026-03-02 04:28:13,3575000,,False
2026-03-02 04:33:18,7000000,,False
2026-03-02 04:33:18,7000000,,False
2026-03-02 04:33:23,7025000,,False
2026-03-02 04:33:23,7025000,,False
2026-03-02 04:33:28,7050000,,False
2026-03-02 04:33:28,7050000,,False
2026-03-02 04:33:34,3525000,,False
2026-03-02 04:33:34,3525000,,False
2026-03-02 04:33:39,3550000,313.12802813959206,True
2026-03-02 04:33:39,3550000,313.12802813959206,True
2026-03-02 04:33:44,3575000,,False
2026-03-02 04:33:44,3575000,,False
2026-03-02 04:38:49,7000000,,False
2026-03-02 04:38:49,7000000,,False
2026-03-02 04:38:54,7025000,,False
2026-03-02 04:38:54,7025000,,False
2026-03-02 04:39:00,7050000,,False
2026-03-02 04:39:00,7050000,,False
2026-03-02 04:39:05,3525000,326.9424999692799,True
2026-03-02 04:39:05,3525000,326.9424999692799,True
2026-03-02 04:39:10,3550000,,False
2026-03-02 04:39:10,3550000,,False
2026-03-02 04:39:15,3575000,,False
2026-03-02 04:39:15,3575000,,False
2026-03-02 04:44:20,7000000,,False
2026-03-02 04:44:20,7000000,,False
2026-03-02 04:44:26,7025000,,False
2026-03-02 04:44:26,7025000,,False
2026-03-02 04:44:31,7050000,,False
2026-03-02 04:44:31,7050000,,False
2026-03-02 04:44:36,3525000,,False
2026-03-02 04:44:36,3525000,,False
2026-03-02 04:44:41,3550000,,False
2026-03-02 04:44:41,3550000,,False
2026-03-02 04:44:46,3575000,,False
2026-03-02 04:44:46,3575000,,False
2026-03-02 04:49:51,7000000,,False
2026-03-02 04:49:51,7000000,,False
2026-03-02 04:49:57,7025000,422.1088614626853,True
2026-03-02 04:49:57,7025000,422.1088614626853,True
2026-03-02 04:50:02,7050000,,False
2026-03-02 04:50:02,7050000,,False
2026-03-02 04:50:07,3525000,,False
2026-03-02 04:50:07,3525000,,False
2026-03-02 04:50:12,3550000,,False
2026-03-02 04:50:12,3550000,,False
2026-03-02 04:50:17,3575000,260.94002344966003,True
2026-03-02 04:50:17,3575000,260.94002344966003,True
2026-03-02 04:55:23,7000000,,False
2026-03-02 04:55:23,7000000,,False
2026-03-02 04:55:28,7025000,,False
2026-03-02 04:55:28,7025000,,False
2026-03-02 04:55:33,7050000,,False
2026-03-02 04:55:33,7050000,,False
2026-03-02 04:55:38,3525000,,False
2026-03-02 04:55:38,3525000,,False
2026-03-02 04:55:43,3550000,,False
2026-03-02 04:55:43,3550000,,False
2026-03-02 04:55:48,3575000,,False
2026-03-02 04:55:48,3575000,,False
2026-03-02 05:00:54,7000000,,False
2026-03-02 05:00:54,7000000,,False
2026-03-02 05:00:59,7025000,,False
2026-03-02 05:00:59,7025000,,False
2026-03-02 05:01:04,7050000,,False
2026-03-02 05:01:04,7050000,,False
2026-03-02 05:01:09,3525000,,False
2026-03-02 05:01:09,3525000,,False
2026-03-02 05:01:15,3550000,,False
2026-03-02 05:01:15,3550000,,False
2026-03-02 05:01:20,3575000,,False
2026-03-02 05:01:20,3575000,,False
2026-03-02 05:06:25,7000000,,False
2026-03-02 05:06:25,7000000,,False
2026-03-02 05:06:30,7025000,,False
2026-03-02 05:06:30,7025000,,False
2026-03-02 05:06:35,7050000,,False
2026-03-02 05:06:35,7050000,,False
2026-03-02 05:06:41,3525000,,False
2026-03-02 05:06:41,3525000,,False
2026-03-02 05:06:46,3550000,,False
2026-03-02 05:06:46,3550000,,False
2026-03-02 05:06:51,3575000,,False
2026-03-02 05:06:51,3575000,,False
2026-03-02 05:11:56,7000000,,False
2026-03-02 05:11:56,7000000,,False
2026-03-02 05:12:01,7025000,,False
2026-03-02 05:12:01,7025000,,False
2026-03-02 05:12:07,7050000,,False
2026-03-02 05:12:07,7050000,,False
2026-03-02 05:12:12,3525000,,False
2026-03-02 05:12:12,3525000,,False
2026-03-02 05:12:17,3550000,,False
2026-03-02 05:12:17,3550000,,False
2026-03-02 05:12:22,3575000,,False
2026-03-02 05:12:22,3575000,,False
2026-03-02 05:17:27,7000000,,False
2026-03-02 05:17:27,7000000,,False
2026-03-02 05:17:32,7025000,,False
2026-03-02 05:17:32,7025000,,False
2026-03-02 05:17:38,7050000,,False
2026-03-02 05:17:38,7050000,,False
2026-03-02 05:17:43,3525000,,False
2026-03-02 05:17:43,3525000,,False
2026-03-02 05:17:48,3550000,,False
2026-03-02 05:17:48,3550000,,False
2026-03-02 05:17:53,3575000,,False
2026-03-02 05:17:53,3575000,,False
2026-03-02 05:22:58,7000000,,False
2026-03-02 05:22:58,7000000,,False
2026-03-02 05:23:04,7025000,,False
2026-03-02 05:23:04,7025000,,False
2026-03-02 05:23:09,7050000,,False
2026-03-02 05:23:09,7050000,,False
2026-03-02 05:23:14,3525000,,False
2026-03-02 05:23:14,3525000,,False
2026-03-02 05:23:19,3550000,,False
2026-03-02 05:23:19,3550000,,False
2026-03-02 05:23:24,3575000,283.9641431658065,True
2026-03-02 05:23:24,3575000,283.9641431658065,True
2026-03-02 05:28:29,7000000,,False
2026-03-02 05:28:29,7000000,,False
2026-03-02 05:28:35,7025000,,False
2026-03-02 05:28:35,7025000,,False
2026-03-02 05:28:40,7050000,,False
2026-03-02 05:28:40,7050000,,False
2026-03-02 05:28:45,3525000,,False
2026-03-02 05:28:45,3525000,,False
2026-03-02 05:28:50,3550000,,False
2026-03-02 05:28:50,3550000,,False
2026-03-02 05:28:55,3575000,,False
2026-03-02 05:28:55,3575000,,False
2026-03-02 05:34:01,7000000,,False
2026-03-02 05:34:01,7000000,,False
2026-03-02 05:34:06,7025000,,False
2026-03-02 05:34:06,7025000,,False
2026-03-02 05:34:11,7050000,,False
2026-03-02 05:34:11,7050000,,False
2026-03-02 05:34:16,3525000,,False
2026-03-02 05:34:16,3525000,,False
2026-03-02 05:34:21,3550000,,False
2026-03-02 05:34:21,3550000,,False
2026-03-02 05:34:27,3575000,342.2919131133776,True
2026-03-02 05:34:27,3575000,342.2919131133776,True
2026-03-02 05:39:32,7000000,,False
2026-03-02 05:39:32,7000000,,False
2026-03-02 05:39:37,7025000,,False
2026-03-02 05:39:37,7025000,,False
2026-03-02 05:39:42,7050000,,False
2026-03-02 05:39:42,7050000,,False
2026-03-02 05:39:47,3525000,,False
2026-03-02 05:39:47,3525000,,False
2026-03-02 05:39:53,3550000,,False
2026-03-02 05:39:53,3550000,,False
2026-03-02 05:39:58,3575000,393.7124471461047,True
2026-03-02 05:39:58,3575000,393.7124471461047,True
2026-03-02 05:45:03,7000000,,False
2026-03-02 05:45:03,7000000,,False
2026-03-02 05:45:08,7025000,,False
2026-03-02 05:45:08,7025000,,False
2026-03-02 05:45:13,7050000,,False
2026-03-02 05:45:13,7050000,,False
2026-03-02 05:45:19,3525000,,False
2026-03-02 05:45:19,3525000,,False
2026-03-02 05:45:24,3550000,,False
2026-03-02 05:45:24,3550000,,False
2026-03-02 05:45:29,3575000,354.57144362865563,True
2026-03-02 05:45:29,3575000,354.57144362865563,True
2026-03-02 05:50:34,7000000,,False
2026-03-02 05:50:34,7000000,,False
2026-03-02 05:50:39,7025000,,False
2026-03-02 05:50:39,7025000,,False
2026-03-02 05:50:45,7050000,,False
2026-03-02 05:50:45,7050000,,False
2026-03-02 05:50:50,3525000,,False
2026-03-02 05:50:50,3525000,,False
2026-03-02 05:50:55,3550000,,False
2026-03-02 05:50:55,3550000,,False
2026-03-02 05:51:00,3575000,,False
2026-03-02 05:51:00,3575000,,False
2026-03-02 05:56:05,7000000,,False
2026-03-02 05:56:05,7000000,,False
2026-03-02 05:56:11,7025000,,False
2026-03-02 05:56:11,7025000,,False
2026-03-02 05:56:16,7050000,,False
2026-03-02 05:56:16,7050000,,False
2026-03-02 05:56:21,3525000,,False
2026-03-02 05:56:21,3525000,,False
2026-03-02 05:56:26,3550000,,False
2026-03-02 05:56:26,3550000,,False
2026-03-02 05:56:31,3575000,322.3376760260506,True
2026-03-02 05:56:31,3575000,322.3376760260506,True
2026-03-02 06:01:36,7000000,,False
2026-03-02 06:01:36,7000000,,False
2026-03-02 06:01:42,7025000,,False
2026-03-02 06:01:42,7025000,,False
2026-03-02 06:01:47,7050000,,False
2026-03-02 06:01:47,7050000,,False
2026-03-02 06:01:52,3525000,,False
2026-03-02 06:01:52,3525000,,False
2026-03-02 06:01:57,3550000,357.64132625747516,True
2026-03-02 06:01:57,3550000,357.6413262574752,True
2026-03-02 06:02:02,3575000,,False
2026-03-02 06:02:02,3575000,,False
2026-03-02 06:07:08,7000000,,False
2026-03-02 06:07:08,7000000,,False
2026-03-02 06:07:13,7025000,,False
2026-03-02 06:07:13,7025000,,False
2026-03-02 06:07:18,7050000,,False
2026-03-02 06:07:18,7050000,,False
2026-03-02 06:07:23,3525000,,False
2026-03-02 06:07:23,3525000,,False
2026-03-02 06:07:28,3550000,,False
2026-03-02 06:07:28,3550000,,False
2026-03-02 06:07:34,3575000,,False
2026-03-02 06:07:34,3575000,,False
2026-03-02 06:12:39,7000000,,False
2026-03-02 06:12:39,7000000,,False
2026-03-02 06:12:44,7025000,,False
2026-03-02 06:12:44,7025000,,False
2026-03-02 06:12:49,7050000,,False
2026-03-02 06:12:49,7050000,,False
2026-03-02 06:12:54,3525000,,False
2026-03-02 06:12:54,3525000,,False
2026-03-02 06:13:00,3550000,429.01609737752926,True
2026-03-02 06:13:00,3550000,429.01609737752926,True
2026-03-02 06:13:05,3575000,384.50279925964605,True
2026-03-02 06:13:05,3575000,384.50279925964605,True
2026-03-02 06:18:10,7000000,,False
2026-03-02 06:18:10,7000000,,False
2026-03-02 06:18:15,7025000,,False
2026-03-02 06:18:15,7025000,,False
2026-03-02 06:18:20,7050000,,False
2026-03-02 06:18:20,7050000,,False
2026-03-02 06:18:26,3525000,,False
2026-03-02 06:18:26,3525000,,False
2026-03-02 06:18:31,3550000,333.84973588412385,True
2026-03-02 06:18:31,3550000,333.84973588412385,True
2026-03-02 06:18:36,3575000,,False
2026-03-02 06:18:36,3575000,,False
2026-03-02 06:23:41,7000000,,False
2026-03-02 06:23:41,7000000,,False
2026-03-02 06:23:46,7025000,,False
2026-03-02 06:23:46,7025000,,False
2026-03-02 06:23:52,7050000,,False
2026-03-02 06:23:52,7050000,,False
2026-03-02 06:23:57,3525000,,False
2026-03-02 06:23:57,3525000,,False
2026-03-02 06:24:02,3550000,,False
2026-03-02 06:24:02,3550000,,False
2026-03-02 06:24:07,3575000,448.2028638076513,True
2026-03-02 06:24:07,3575000,448.2028638076513,True
2026-03-02 06:29:12,7000000,,False
2026-03-02 06:29:12,7000000,,False
2026-03-02 06:29:18,7025000,,False
2026-03-02 06:29:18,7025000,,False
2026-03-02 06:29:23,7050000,,False
2026-03-02 06:29:23,7050000,,False
2026-03-02 06:29:28,3525000,,False
2026-03-02 06:29:28,3525000,,False
2026-03-02 06:29:33,3550000,364.5485621723191,True
2026-03-02 06:29:33,3550000,364.5485621723191,True
2026-03-02 06:29:38,3575000,,False
2026-03-02 06:29:38,3575000,,False
2026-03-02 06:34:43,7000000,,False
2026-03-02 06:34:43,7000000,,False
2026-03-02 06:34:49,7025000,,False
2026-03-02 06:34:49,7025000,,False
2026-03-02 06:34:54,7050000,,False
2026-03-02 06:34:54,7050000,,False
2026-03-02 06:34:59,3525000,,False
2026-03-02 06:34:59,3525000,,False
2026-03-02 06:35:04,3550000,,False
2026-03-02 06:35:04,3550000,,False
2026-03-02 06:35:09,3575000,420.57392014827553,True
2026-03-02 06:35:09,3575000,420.57392014827553,True
2026-03-02 06:40:15,7000000,,False
2026-03-02 06:40:15,7000000,,False
2026-03-02 06:40:20,7025000,,False
2026-03-02 06:40:20,7025000,,False
2026-03-02 06:40:25,7050000,,False
2026-03-02 06:40:25,7050000,,False
2026-03-02 06:40:30,3525000,,False
2026-03-02 06:40:30,3525000,,False
2026-03-02 06:40:35,3550000,,False
2026-03-02 06:40:35,3550000,,False
2026-03-02 06:40:40,3575000,,False
2026-03-02 06:40:40,3575000,,False
2026-03-02 06:45:46,7000000,,False
2026-03-02 06:45:46,7000000,,False
2026-03-02 06:45:51,7025000,,False
2026-03-02 06:45:51,7025000,,False
2026-03-02 06:45:56,7050000,,False
2026-03-02 06:45:56,7050000,,False
2026-03-02 06:46:01,3525000,,False
2026-03-02 06:46:01,3525000,,False
2026-03-02 06:46:06,3550000,,False
2026-03-02 06:46:06,3550000,,False
2026-03-02 06:46:12,3575000,,False
2026-03-02 06:46:12,3575000,,False
2026-03-02 06:51:17,7000000,,False
2026-03-02 06:51:17,7000000,,False
2026-03-02 06:51:22,7025000,,False
2026-03-02 06:51:22,7025000,,False
2026-03-02 06:51:27,7050000,,False
2026-03-02 06:51:27,7050000,,False
2026-03-02 06:51:32,3525000,,False
2026-03-02 06:51:32,3525000,,False
2026-03-02 06:51:38,3550000,,False
2026-03-02 06:51:38,3550000,,False
2026-03-02 06:51:43,3575000,421.34139080548044,True
2026-03-02 06:51:43,3575000,421.3413908054805,True
2026-03-02 06:56:48,7000000,,False
2026-03-02 06:56:48,7000000,,False
2026-03-02 06:56:53,7025000,,False
2026-03-02 06:56:53,7025000,,False
2026-03-02 06:56:58,7050000,,False
2026-03-02 06:56:58,7050000,,False
2026-03-02 06:57:03,3525000,,False
2026-03-02 06:57:03,3525000,,False
2026-03-02 06:57:09,3550000,247.893022277177,True
2026-03-02 06:57:09,3550000,247.893022277177,True
2026-03-02 06:57:14,3575000,424.4112734343,True
2026-03-02 06:57:14,3575000,424.41127343429997,True
2026-03-02 07:02:19,7000000,,False
2026-03-02 07:02:19,7000000,,False
2026-03-02 07:02:24,7025000,,False
2026-03-02 07:02:24,7025000,,False
2026-03-02 07:02:29,7050000,,False
2026-03-02 07:02:29,7050000,,False
2026-03-02 07:02:35,3525000,411.364272261817,True
2026-03-02 07:02:35,3525000,411.364272261817,True
2026-03-02 07:02:40,3550000,,False
2026-03-02 07:02:40,3550000,,False
2026-03-02 07:02:45,3575000,427.4811560631195,True
2026-03-02 07:02:45,3575000,427.4811560631195,True
2026-03-02 07:07:50,7000000,,False
2026-03-02 07:07:50,7000000,,False
2026-03-02 07:07:56,7025000,,False
2026-03-02 07:07:56,7025000,,False
2026-03-02 07:08:01,7050000,,False
2026-03-02 07:08:01,7050000,,False
2026-03-02 07:08:06,3525000,,False
2026-03-02 07:08:06,3525000,,False
2026-03-02 07:08:11,3550000,,False
2026-03-02 07:08:11,3550000,,False
2026-03-02 07:08:16,3575000,328.47744128368964,True
2026-03-02 07:08:16,3575000,328.47744128368964,True
2026-03-02 07:13:21,7000000,,False
2026-03-02 07:13:21,7000000,,False
2026-03-02 07:13:27,7025000,,False
2026-03-02 07:13:27,7025000,,False
2026-03-02 07:13:32,7050000,,False
2026-03-02 07:13:32,7050000,,False
2026-03-02 07:13:37,3525000,,False
2026-03-02 07:13:37,3525000,,False
2026-03-02 07:13:42,3550000,,False
2026-03-02 07:13:42,3550000,,False
2026-03-02 07:13:47,3575000,422.1088614626853,True
2026-03-02 07:13:47,3575000,422.1088614626853,True
2026-03-02 07:18:52,7000000,,False
2026-03-02 07:18:52,7000000,,False
2026-03-02 07:18:58,7025000,,False
2026-03-02 07:18:58,7025000,,False
2026-03-02 07:19:03,7050000,,False
2026-03-02 07:19:03,7050000,,False
2026-03-02 07:19:08,3525000,,False
2026-03-02 07:19:08,3525000,,False
2026-03-02 07:19:13,3550000,,False
2026-03-02 07:19:13,3550000,,False
2026-03-02 07:19:18,3575000,,False
2026-03-02 07:19:18,3575000,,False
2026-03-02 07:24:24,7000000,,False
2026-03-02 07:24:24,7000000,,False
2026-03-02 07:24:29,7025000,,False
2026-03-02 07:24:29,7025000,,False
2026-03-02 07:24:34,7050000,,False
2026-03-02 07:24:34,7050000,,False
2026-03-02 07:24:39,3525000,,False
2026-03-02 07:24:39,3525000,,False
2026-03-02 07:24:44,3550000,,False
2026-03-02 07:24:44,3550000,,False
2026-03-02 07:24:50,3575000,,False
2026-03-02 07:24:50,3575000,,False
2026-03-02 07:29:55,7000000,,False
2026-03-02 07:29:55,7000000,,False
2026-03-02 07:30:00,7025000,,False
2026-03-02 07:30:00,7025000,,False
2026-03-02 07:30:05,7050000,,False
2026-03-02 07:30:05,7050000,,False
2026-03-02 07:30:10,3525000,,False
2026-03-02 07:30:10,3525000,,False
2026-03-02 07:30:15,3550000,,False
2026-03-02 07:30:15,3550000,,False
2026-03-02 07:30:21,3575000,,False
2026-03-02 07:30:21,3575000,,False
2026-03-02 07:35:26,7000000,,False
2026-03-02 07:35:26,7000000,,False
2026-03-02 07:35:31,7025000,,False
2026-03-02 07:35:31,7025000,,False
2026-03-02 07:35:36,7050000,,False
2026-03-02 07:35:36,7050000,,False
2026-03-02 07:35:42,3525000,,False
2026-03-02 07:35:42,3525000,,False
2026-03-02 07:35:47,3550000,,False
2026-03-02 07:35:47,3550000,,False
2026-03-02 07:35:52,3575000,442.0630985500123,True
2026-03-02 07:35:52,3575000,442.0630985500123,True
2026-03-02 07:40:57,7000000,,False
2026-03-02 07:40:57,7000000,,False
2026-03-02 07:41:02,7025000,,False
2026-03-02 07:41:02,7025000,,False
2026-03-02 07:41:08,7050000,,False
2026-03-02 07:41:08,7050000,,False
2026-03-02 07:41:13,3525000,,False
2026-03-02 07:41:13,3525000,,False
2026-03-02 07:41:18,3550000,,False
2026-03-02 07:41:18,3550000,,False
2026-03-02 07:41:23,3575000,,False
2026-03-02 07:41:23,3575000,,False
2026-03-02 07:46:28,7000000,,False
2026-03-02 07:46:28,7000000,,False
2026-03-02 07:46:33,7025000,,False
2026-03-02 07:46:33,7025000,,False
2026-03-02 07:46:39,7050000,,False
2026-03-02 07:46:39,7050000,,False
2026-03-02 07:46:44,3525000,,False
2026-03-02 07:46:44,3525000,,False
2026-03-02 07:46:49,3550000,320.8027347116408,True
2026-03-02 07:46:49,3550000,320.8027347116408,True
2026-03-02 07:46:54,3575000,346.89673705660687,True
2026-03-02 07:46:54,3575000,346.89673705660687,True
2026-03-02 07:51:59,7000000,,False
2026-03-02 07:51:59,7000000,,False
2026-03-02 07:52:05,7025000,,False
2026-03-02 07:52:05,7025000,,False
2026-03-02 07:52:10,7050000,,False
2026-03-02 07:52:10,7050000,,False
2026-03-02 07:52:15,3525000,,False
2026-03-02 07:52:15,3525000,,False
2026-03-02 07:52:20,3550000,,False
2026-03-02 07:52:20,3550000,,False
2026-03-02 07:52:25,3575000,251.73037556320145,True
2026-03-02 07:52:25,3575000,251.73037556320145,True
2026-03-02 07:57:30,7000000,,False
2026-03-02 07:57:30,7000000,,False
2026-03-02 07:57:36,7025000,,False
2026-03-02 07:57:36,7025000,,False
2026-03-02 07:57:41,7050000,,False
2026-03-02 07:57:41,7050000,,False
2026-03-02 07:57:46,3525000,,False
2026-03-02 07:57:46,3525000,,False
2026-03-02 07:57:51,3550000,,False
2026-03-02 07:57:51,3550000,,False
2026-03-02 07:57:56,3575000,,False
2026-03-02 07:57:56,3575000,,False
2026-03-02 08:03:02,7000000,,False
2026-03-02 08:03:02,7000000,,False
2026-03-02 08:03:07,7025000,,False
2026-03-02 08:03:07,7025000,,False
2026-03-02 08:03:12,7050000,,False
2026-03-02 08:03:12,7050000,,False
2026-03-02 08:03:17,3525000,,False
2026-03-02 08:03:17,3525000,,False
2026-03-02 08:03:22,3550000,,False
2026-03-02 08:03:22,3550000,,False
2026-03-02 08:03:28,3575000,,False
2026-03-02 08:03:28,3575000,,False
2026-03-02 08:08:33,7000000,,False
2026-03-02 08:08:33,7000000,,False
2026-03-02 08:08:38,7025000,,False
2026-03-02 08:08:38,7025000,,False
2026-03-02 08:08:43,7050000,,False
2026-03-02 08:08:43,7050000,,False
2026-03-02 08:08:48,3525000,,False
2026-03-02 08:08:48,3525000,,False
2026-03-02 08:08:54,3550000,,False
2026-03-02 08:08:54,3550000,,False
2026-03-02 08:08:59,3575000,359.94373822908983,True
2026-03-02 08:08:59,3575000,359.94373822908983,True
2026-03-02 08:14:04,7000000,,False
2026-03-02 08:14:04,7000000,,False
2026-03-02 08:14:09,7025000,,False
2026-03-02 08:14:09,7025000,,False
2026-03-02 08:14:14,7050000,,False
2026-03-02 08:14:14,7050000,,False
2026-03-02 08:14:20,3525000,,False
2026-03-02 08:14:20,3525000,,False
2026-03-02 08:14:25,3550000,,False
2026-03-02 08:14:25,3550000,,False
2026-03-02 08:14:30,3575000,328.47744128368964,True
2026-03-02 08:14:30,3575000,328.47744128368964,True
2026-03-02 08:19:35,7000000,,False
2026-03-02 08:19:35,7000000,,False
2026-03-02 08:19:40,7025000,,False
2026-03-02 08:19:40,7025000,,False
2026-03-02 08:19:46,7050000,,False
2026-03-02 08:19:46,7050000,,False
2026-03-02 08:19:51,3525000,,False
2026-03-02 08:19:51,3525000,,False
2026-03-02 08:19:56,3550000,,False
2026-03-02 08:19:56,3550000,,False
2026-03-02 08:20:01,3575000,334.6172065413287,True
2026-03-02 08:20:01,3575000,334.6172065413287,True
2026-03-02 08:25:06,7000000,,False
2026-03-02 08:25:06,7000000,,False
2026-03-02 08:25:12,7025000,,False
2026-03-02 08:25:12,7025000,,False
2026-03-02 08:25:17,7050000,,False
2026-03-02 08:25:17,7050000,,False
2026-03-02 08:25:22,3525000,,False
2026-03-02 08:25:22,3525000,,False
2026-03-02 08:25:27,3550000,,False
2026-03-02 08:25:27,3550000,,False
2026-03-02 08:25:32,3575000,,False
2026-03-02 08:25:32,3575000,,False
2026-03-02 08:30:37,7000000,,False
2026-03-02 08:30:37,7000000,,False
2026-03-02 08:30:43,7025000,,False
2026-03-02 08:30:43,7025000,,False
2026-03-02 08:30:48,7050000,,False
2026-03-02 08:30:48,7050000,,False
2026-03-02 08:30:53,3525000,,False
2026-03-02 08:30:53,3525000,,False
2026-03-02 08:30:58,3550000,,False
2026-03-02 08:30:58,3550000,,False
2026-03-02 08:31:03,3575000,,False
2026-03-02 08:31:03,3575000,,False
2026-03-02 08:36:08,7000000,,False
2026-03-02 08:36:08,7000000,,False
2026-03-02 08:36:14,7025000,,False
2026-03-02 08:36:14,7025000,,False
2026-03-02 08:36:19,7050000,,False
2026-03-02 08:36:19,7050000,,False
2026-03-02 08:36:24,3525000,,False
2026-03-02 08:36:24,3525000,,False
2026-03-02 08:36:29,3550000,,False
2026-03-02 08:36:29,3550000,,False
2026-03-02 08:36:34,3575000,,False
2026-03-02 08:36:34,3575000,,False
2026-03-02 08:41:40,7000000,,False
2026-03-02 08:41:40,7000000,,False
2026-03-02 08:41:45,7025000,,False
2026-03-02 08:41:45,7025000,,False
2026-03-02 08:41:50,7050000,,False
2026-03-02 08:41:50,7050000,,False
2026-03-02 08:41:55,3525000,,False
2026-03-02 08:41:55,3525000,,False
2026-03-02 08:42:00,3550000,,False
2026-03-02 08:42:00,3550000,,False
2026-03-02 08:42:05,3575000,,False
2026-03-02 08:42:05,3575000,,False
2026-03-02 08:47:11,7000000,,False
2026-03-02 08:47:11,7000000,,False
2026-03-02 08:47:16,7025000,,False
2026-03-02 08:47:16,7025000,,False
2026-03-02 08:47:21,7050000,,False
2026-03-02 08:47:21,7050000,,False
2026-03-02 08:47:26,3525000,,False
2026-03-02 08:47:26,3525000,,False
2026-03-02 08:47:31,3550000,,False
2026-03-02 08:47:31,3550000,,False
2026-03-02 08:47:37,3575000,384.50279925964605,True
2026-03-02 08:47:37,3575000,384.50279925964605,True
2026-03-02 08:52:42,7000000,,False
2026-03-02 08:52:42,7000000,,False
2026-03-02 08:52:47,7025000,409.8293309474072,True
2026-03-02 08:52:47,7025000,409.82933094740724,True
2026-03-02 08:52:52,7050000,,False
2026-03-02 08:52:52,7050000,,False
2026-03-02 08:52:57,3525000,,False
2026-03-02 08:52:57,3525000,,False
2026-03-02 08:53:03,3550000,,False
2026-03-02 08:53:03,3550000,,False
2026-03-02 08:53:08,3575000,,False
2026-03-02 08:53:08,3575000,,False
2026-03-02 08:58:13,7000000,,False
2026-03-02 08:58:13,7000000,,False
2026-03-02 08:58:18,7025000,,False
2026-03-02 08:58:18,7025000,,False
2026-03-02 08:58:23,7050000,,False
2026-03-02 08:58:23,7050000,,False
2026-03-02 08:58:29,3525000,,False
2026-03-02 08:58:29,3525000,,False
2026-03-02 08:58:34,3550000,,False
2026-03-02 08:58:34,3550000,,False
2026-03-02 08:58:39,3575000,349.19914902822154,True
2026-03-02 08:58:39,3575000,349.19914902822154,True
2026-03-02 09:03:44,7000000,,False
2026-03-02 09:03:44,7000000,,False
2026-03-02 09:03:49,7025000,,False
2026-03-02 09:03:49,7025000,,False
2026-03-02 09:03:54,7050000,,False
2026-03-02 09:03:54,7050000,,False
2026-03-02 09:04:00,3525000,,False
2026-03-02 09:04:00,3525000,,False
2026-03-02 09:04:05,3550000,,False
2026-03-02 09:04:05,3550000,,False
2026-03-02 09:04:10,3575000,356.8738556002703,True
2026-03-02 09:04:10,3575000,356.8738556002703,True
2026-03-02 09:09:15,7000000,,False
2026-03-02 09:09:15,7000000,,False
2026-03-02 09:09:20,7025000,,False
2026-03-02 09:09:20,7025000,,False
2026-03-02 09:09:26,7050000,,False
2026-03-02 09:09:26,7050000,,False
2026-03-02 09:09:31,3525000,,False
2026-03-02 09:09:31,3525000,,False
2026-03-02 09:09:36,3550000,,False
2026-03-02 09:09:36,3550000,,False
2026-03-02 09:09:41,3575000,316.1979107684116,True
2026-03-02 09:09:41,3575000,316.1979107684116,True
2026-03-02 09:14:46,7000000,,False
2026-03-02 09:14:46,7000000,,False
2026-03-02 09:14:52,7025000,,False
2026-03-02 09:14:52,7025000,,False
2026-03-02 09:14:57,7050000,,False
2026-03-02 09:14:57,7050000,,False
2026-03-02 09:15:02,3525000,,False
2026-03-02 09:15:02,3525000,,False
2026-03-02 09:15:07,3550000,,False
2026-03-02 09:15:07,3550000,,False
2026-03-02 09:15:12,3575000,,False
2026-03-02 09:15:12,3575000,,False
2026-03-02 09:20:17,7000000,,False
2026-03-02 09:20:17,7000000,,False
2026-03-02 09:20:23,7025000,,False
2026-03-02 09:20:23,7025000,,False
2026-03-02 09:20:28,7050000,,False
2026-03-02 09:20:28,7050000,,False
2026-03-02 09:20:33,3525000,,False
2026-03-02 09:20:33,3525000,,False
2026-03-02 09:20:38,3550000,,False
2026-03-02 09:20:38,3550000,,False
2026-03-02 09:20:43,3575000,340.7569717989678,True
2026-03-02 09:20:43,3575000,340.7569717989678,True
2026-03-02 09:25:49,7000000,,False
2026-03-02 09:25:49,7000000,,False
2026-03-02 09:25:54,7025000,,False
2026-03-02 09:25:54,7025000,,False
2026-03-02 09:25:59,7050000,,False
2026-03-02 09:25:59,7050000,,False
2026-03-02 09:26:04,3525000,,False
2026-03-02 09:26:04,3525000,,False
2026-03-02 09:26:09,3550000,,False
2026-03-02 09:26:09,3550000,,False
2026-03-02 09:26:14,3575000,,False
2026-03-02 09:26:14,3575000,,False
2026-03-02 09:31:20,7000000,,False
2026-03-02 09:31:20,7000000,,False
2026-03-02 09:31:25,7025000,,False
2026-03-02 09:31:25,7025000,,False
2026-03-02 09:31:30,7050000,,False
2026-03-02 09:31:30,7050000,,False
2026-03-02 09:31:35,3525000,,False
2026-03-02 09:31:35,3525000,,False
2026-03-02 09:31:40,3550000,,False
2026-03-02 09:31:40,3550000,,False
2026-03-02 09:31:45,3575000,269.3822006789137,True
2026-03-02 09:31:45,3575000,269.3822006789137,True
2026-03-02 09:36:51,7000000,,False
2026-03-02 09:36:51,7000000,,False
2026-03-02 09:36:56,7025000,,False
2026-03-02 09:36:56,7025000,,False
2026-03-02 09:37:01,7050000,,False
2026-03-02 09:37:01,7050000,,False
2026-03-02 09:37:06,3525000,,False
2026-03-02 09:37:06,3525000,,False
2026-03-02 09:37:11,3550000,,False
2026-03-02 09:37:11,3550000,,False
2026-03-02 09:37:17,3575000,310.8256161679774,True
2026-03-02 09:37:17,3575000,310.8256161679774,True
2026-03-02 09:42:22,7000000,,False
2026-03-02 09:42:22,7000000,,False
2026-03-02 09:42:27,7025000,,False
2026-03-02 09:42:27,7025000,,False
2026-03-02 09:42:32,7050000,,False
2026-03-02 09:42:32,7050000,,False
2026-03-02 09:42:37,3525000,,False
2026-03-02 09:42:37,3525000,,False
2026-03-02 09:42:43,3550000,,False
2026-03-02 09:42:43,3550000,,False
2026-03-02 09:42:48,3575000,,False
2026-03-02 09:42:48,3575000,,False
2026-03-02 09:47:53,7000000,,False
2026-03-02 09:47:53,7000000,,False
2026-03-02 09:47:58,7025000,,False
2026-03-02 09:47:58,7025000,,False
2026-03-02 09:48:03,7050000,,False
2026-03-02 09:48:03,7050000,,False
2026-03-02 09:48:09,3525000,338.45455982735314,True
2026-03-02 09:48:09,3525000,338.45455982735314,True
2026-03-02 09:48:14,3550000,,False
2026-03-02 09:48:14,3550000,,False
2026-03-02 09:48:19,3575000,346.89673705660687,True
2026-03-02 09:48:19,3575000,346.89673705660687,True
2026-03-02 09:53:24,7000000,,False
2026-03-02 09:53:24,7000000,,False
2026-03-02 09:53:29,7025000,,False
2026-03-02 09:53:29,7025000,,False
2026-03-02 09:53:35,7050000,,False
2026-03-02 09:53:35,7050000,,False
2026-03-02 09:53:40,3525000,,False
2026-03-02 09:53:40,3525000,,False
2026-03-02 09:53:45,3550000,,False
2026-03-02 09:53:45,3550000,,False
2026-03-02 09:53:50,3575000,,False
2026-03-02 09:53:50,3575000,,False
2026-03-02 09:58:55,7000000,,False
2026-03-02 09:58:55,7000000,,False
2026-03-02 09:59:01,7025000,,False
2026-03-02 09:59:01,7025000,,False
2026-03-02 09:59:06,7050000,,False
2026-03-02 09:59:06,7050000,,False
2026-03-02 09:59:11,3525000,,False
2026-03-02 09:59:11,3525000,,False
2026-03-02 09:59:16,3550000,,False
2026-03-02 09:59:16,3550000,,False
2026-03-02 09:59:21,3575000,,False
2026-03-02 09:59:21,3575000,,False
2026-03-02 10:04:26,7000000,,False
2026-03-02 10:04:26,7000000,,False
2026-03-02 10:04:32,7025000,348.43167837101663,True
2026-03-02 10:04:32,7025000,348.43167837101663,True
2026-03-02 10:04:37,7050000,,False
2026-03-02 10:04:37,7050000,,False
2026-03-02 10:04:42,3525000,,False
2026-03-02 10:04:42,3525000,,False
2026-03-02 10:04:47,3550000,,False
2026-03-02 10:04:47,3550000,,False
2026-03-02 10:04:52,3575000,,False
2026-03-02 10:04:52,3575000,,False
2026-03-02 10:09:58,7000000,,False
2026-03-02 10:09:58,7000000,,False
2026-03-02 10:10:03,7025000,,False
2026-03-02 10:10:03,7025000,,False
2026-03-02 10:10:08,7050000,,False
2026-03-02 10:10:08,7050000,,False
2026-03-02 10:10:13,3525000,,False
2026-03-02 10:10:13,3525000,,False
2026-03-02 10:10:18,3550000,,False
2026-03-02 10:10:18,3550000,,False
2026-03-02 10:10:24,3575000,,False
2026-03-02 10:10:24,3575000,,False
2026-03-02 10:15:29,7000000,,False
2026-03-02 10:15:29,7000000,,False
2026-03-02 10:15:34,7025000,,False
2026-03-02 10:15:34,7025000,,False
2026-03-02 10:15:39,7050000,,False
2026-03-02 10:15:39,7050000,,False
2026-03-02 10:15:44,3525000,,False
2026-03-02 10:15:44,3525000,,False
2026-03-02 10:15:50,3550000,,False
2026-03-02 10:15:50,3550000,,False
2026-03-02 10:15:55,3575000,394.4799178033096,True
2026-03-02 10:15:55,3575000,394.47991780330955,True
2026-03-02 10:21:00,7000000,,False
2026-03-02 10:21:00,7000000,,False
2026-03-02 10:21:05,7025000,,False
2026-03-02 10:21:05,7025000,,False
2026-03-02 10:21:10,7050000,,False
2026-03-02 10:21:10,7050000,,False
2026-03-02 10:21:16,3525000,,False
2026-03-02 10:21:16,3525000,,False
2026-03-02 10:21:21,3550000,,False
2026-03-02 10:21:21,3550000,,False
2026-03-02 10:21:26,3575000,288.5689671090358,True
2026-03-02 10:21:26,3575000,288.5689671090358,True
2026-03-02 10:26:31,7000000,,False
2026-03-02 10:26:31,7000000,,False
2026-03-02 10:26:36,7025000,,False
2026-03-02 10:26:36,7025000,,False
2026-03-02 10:26:41,7050000,,False
2026-03-02 10:26:41,7050000,,False
2026-03-02 10:26:47,3525000,,False
2026-03-02 10:26:47,3525000,,False
2026-03-02 10:26:52,3550000,,False
2026-03-02 10:26:52,3550000,,False
2026-03-02 10:26:57,3575000,318.5003227400262,True
2026-03-02 10:26:57,3575000,318.5003227400262,True
2026-03-02 10:32:02,7000000,,False
2026-03-02 10:32:02,7000000,,False
2026-03-02 10:32:07,7025000,,False
2026-03-02 10:32:07,7025000,,False
2026-03-02 10:32:12,7050000,,False
2026-03-02 10:32:12,7050000,,False
2026-03-02 10:32:18,3525000,,False
2026-03-02 10:32:18,3525000,,False
2026-03-02 10:32:23,3550000,,False
2026-03-02 10:32:23,3550000,,False
2026-03-02 10:32:28,3575000,,False
2026-03-02 10:32:28,3575000,,False
2026-03-02 10:37:33,7000000,,False
2026-03-02 10:37:33,7000000,,False
2026-03-02 10:37:38,7025000,,False
2026-03-02 10:37:38,7025000,,False
2026-03-02 10:37:44,7050000,,False
2026-03-02 10:37:44,7050000,,False
2026-03-02 10:37:49,3525000,,False
2026-03-02 10:37:49,3525000,,False
2026-03-02 10:37:54,3550000,,False
2026-03-02 10:37:54,3550000,,False
2026-03-02 10:37:59,3575000,311.5930868251823,True
2026-03-02 10:37:59,3575000,311.5930868251823,True
2026-03-02 10:43:04,7000000,,False
2026-03-02 10:43:04,7000000,,False
2026-03-02 10:43:10,7025000,,False
2026-03-02 10:43:10,7025000,,False
2026-03-02 10:43:15,7050000,,False
2026-03-02 10:43:15,7050000,,False
2026-03-02 10:43:20,3525000,,False
2026-03-02 10:43:20,3525000,,False
2026-03-02 10:43:25,3550000,,False
2026-03-02 10:43:25,3550000,,False
2026-03-02 10:43:30,3575000,364.5485621723191,True
2026-03-02 10:43:30,3575000,364.5485621723191,True
2026-03-02 10:48:36,7000000,,False
2026-03-02 10:48:36,7000000,,False
2026-03-02 10:48:41,7025000,,False
2026-03-02 10:48:41,7025000,,False
2026-03-02 10:48:46,7050000,,False
2026-03-02 10:48:46,7050000,,False
2026-03-02 10:48:51,3525000,,False
2026-03-02 10:48:51,3525000,,False
2026-03-02 10:48:56,3550000,,False
2026-03-02 10:48:56,3550000,,False
2026-03-02 10:49:01,3575000,,False
2026-03-02 10:49:01,3575000,,False
2026-03-02 10:54:07,7000000,,False
2026-03-02 10:54:07,7000000,,False
2026-03-02 10:54:12,7025000,,False
2026-03-02 10:54:12,7025000,,False
2026-03-02 10:54:17,7050000,,False
2026-03-02 10:54:17,7050000,,False
2026-03-02 10:54:22,3525000,,False
2026-03-02 10:54:22,3525000,,False
2026-03-02 10:54:27,3550000,,False
2026-03-02 10:54:27,3550000,,False
2026-03-02 10:54:33,3575000,245.5906103055624,True
2026-03-02 10:54:33,3575000,245.59061030556236,True
2026-03-02 10:59:38,7000000,,False
2026-03-02 10:59:38,7000000,,False
2026-03-02 10:59:43,7025000,,False
2026-03-02 10:59:43,7025000,,False
2026-03-02 10:59:48,7050000,,False
2026-03-02 10:59:48,7050000,,False
2026-03-02 10:59:53,3525000,,False
2026-03-02 10:59:53,3525000,,False
2026-03-02 10:59:59,3550000,,False
2026-03-02 10:59:59,3550000,,False
2026-03-02 11:00:04,3575000,235.6134917618989,True
2026-03-02 11:00:04,3575000,235.6134917618989,True
2026-03-02 11:05:09,7000000,,False
2026-03-02 11:05:09,7000000,,False
2026-03-02 11:05:14,7025000,,False
2026-03-02 11:05:14,7025000,,False
2026-03-02 11:05:19,7050000,,False
2026-03-02 11:05:19,7050000,,False
2026-03-02 11:05:25,3525000,,False
2026-03-02 11:05:25,3525000,,False
2026-03-02 11:05:30,3550000,,False
2026-03-02 11:05:30,3550000,,False
2026-03-02 11:05:35,3575000,,False
2026-03-02 11:05:35,3575000,,False
2026-03-02 11:10:40,7000000,,False
2026-03-02 11:10:40,7000000,,False
2026-03-02 11:10:45,7025000,,False
2026-03-02 11:10:45,7025000,,False
2026-03-02 11:10:51,7050000,,False
2026-03-02 11:10:51,7050000,,False
2026-03-02 11:10:56,3525000,,False
2026-03-02 11:10:56,3525000,,False
2026-03-02 11:11:01,3550000,,False
2026-03-02 11:11:01,3550000,,False
2026-03-02 11:11:06,3575000,,False
2026-03-02 11:11:06,3575000,,False
2026-03-02 11:16:11,7000000,,False
2026-03-02 11:16:11,7000000,,False
2026-03-02 11:16:17,7025000,,False
2026-03-02 11:16:17,7025000,,False
2026-03-02 11:16:22,7050000,,False
2026-03-02 11:16:22,7050000,,False
2026-03-02 11:16:27,3525000,,False
2026-03-02 11:16:27,3525000,,False
2026-03-02 11:16:32,3550000,,False
2026-03-02 11:16:32,3550000,,False
2026-03-02 11:16:37,3575000,,False
2026-03-02 11:16:37,3575000,,False
2026-03-02 11:21:42,7000000,,False
2026-03-02 11:21:42,7000000,,False
2026-03-02 11:21:48,7025000,,False
2026-03-02 11:21:48,7025000,,False
2026-03-02 11:21:53,7050000,,False
2026-03-02 11:21:53,7050000,,False
2026-03-02 11:21:58,3525000,,False
2026-03-02 11:21:58,3525000,,False
2026-03-02 11:22:03,3550000,,False
2026-03-02 11:22:03,3550000,,False
2026-03-02 11:22:08,3575000,,False
2026-03-02 11:22:08,3575000,,False
2026-03-02 11:27:14,7000000,,False
2026-03-02 11:27:14,7000000,,False
2026-03-02 11:27:19,7025000,,False
2026-03-02 11:27:19,7025000,,False
2026-03-02 11:27:24,7050000,,False
2026-03-02 11:27:24,7050000,,False
2026-03-02 11:27:29,3525000,,False
2026-03-02 11:27:29,3525000,,False
2026-03-02 11:27:34,3550000,,False
2026-03-02 11:27:34,3550000,,False
2026-03-02 11:27:39,3575000,,False
2026-03-02 11:27:39,3575000,,False
2026-03-02 11:32:45,7000000,,False
2026-03-02 11:32:45,7000000,,False
2026-03-02 11:32:50,7025000,,False
2026-03-02 11:32:50,7025000,,False
2026-03-02 11:32:55,7050000,,False
2026-03-02 11:32:55,7050000,,False
2026-03-02 11:33:00,3525000,,False
2026-03-02 11:33:00,3525000,,False
2026-03-02 11:33:05,3550000,,False
2026-03-02 11:33:05,3550000,,False
2026-03-02 11:33:11,3575000,,False
2026-03-02 11:33:11,3575000,,False
2026-03-02 11:38:16,7000000,,False
2026-03-02 11:38:16,7000000,,False
2026-03-02 11:38:21,7025000,,False
2026-03-02 11:38:21,7025000,,False
2026-03-02 11:38:26,7050000,,False
2026-03-02 11:38:26,7050000,,False
2026-03-02 11:38:32,3525000,,False
2026-03-02 11:38:32,3525000,,False
2026-03-02 11:38:37,3550000,,False
2026-03-02 11:38:37,3550000,,False
2026-03-02 11:38:42,3575000,,False
2026-03-02 11:38:42,3575000,,False
2026-03-02 11:43:47,7000000,,False
2026-03-02 11:43:47,7000000,,False
2026-03-02 11:43:52,7025000,,False
2026-03-02 11:43:52,7025000,,False
2026-03-02 11:43:58,7050000,,False
2026-03-02 11:43:58,7050000,,False
2026-03-02 11:44:03,3525000,,False
2026-03-02 11:44:03,3525000,,False
2026-03-02 11:44:08,3550000,,False
2026-03-02 11:44:08,3550000,,False
2026-03-02 11:44:13,3575000,,False
2026-03-02 11:44:13,3575000,,False
2026-03-02 11:49:18,7000000,334.6172065413287,True
2026-03-02 11:49:18,7000000,334.6172065413287,True
2026-03-02 11:49:24,7025000,365.316032829524,True
2026-03-02 11:49:24,7025000,365.31603282952403,True
2026-03-02 11:49:29,7050000,,False
2026-03-02 11:49:29,7050000,,False
2026-03-02 11:49:34,3525000,,False
2026-03-02 11:49:34,3525000,,False
2026-03-02 11:49:39,3550000,,False
2026-03-02 11:49:39,3550000,,False
2026-03-02 11:49:44,3575000,,False
2026-03-02 11:49:44,3575000,,False
2026-03-02 11:54:49,7000000,307.75573353915786,True
2026-03-02 11:54:49,7000000,307.75573353915786,True
2026-03-02 11:54:55,7025000,316.1979107684116,True
2026-03-02 11:54:55,7025000,316.1979107684116,True
2026-03-02 11:55:00,7050000,303.9183802531334,True
2026-03-02 11:55:00,7050000,303.9183802531334,True
2026-03-02 11:55:05,3525000,,False
2026-03-02 11:55:05,3525000,,False
2026-03-02 11:55:10,3550000,,False
2026-03-02 11:55:10,3550000,,False
2026-03-02 11:55:15,3575000,,False
2026-03-02 11:55:15,3575000,,False
2026-03-02 12:00:21,7000000,282.4292018513967,True
2026-03-02 12:00:21,7000000,282.4292018513967,True
2026-03-02 12:00:26,7025000,295.4762030238797,True
2026-03-02 12:00:26,7025000,295.4762030238797,True
2026-03-02 12:00:31,7050000,,False
2026-03-02 12:00:31,7050000,,False
2026-03-02 12:00:36,3525000,,False
2026-03-02 12:00:36,3525000,,False
2026-03-02 12:00:41,3550000,,False
2026-03-02 12:00:41,3550000,,False
2026-03-02 12:00:46,3575000,,False
2026-03-02 12:00:46,3575000,,False
2026-03-02 12:05:52,7000000,415.96909620504624,True
2026-03-02 12:05:52,7000000,415.96909620504624,True
2026-03-02 12:05:57,7025000,270.91714199332347,True
2026-03-02 12:05:57,7025000,270.91714199332347,True
2026-03-02 12:06:02,7050000,324.6400879976652,True
2026-03-02 12:06:02,7050000,324.6400879976652,True
2026-03-02 12:06:08,3525000,,False
2026-03-02 12:06:08,3525000,,False
2026-03-02 12:06:13,3550000,,False
2026-03-02 12:06:13,3550000,,False
2026-03-02 12:06:18,3575000,,False
2026-03-02 12:06:18,3575000,,False
2026-03-02 12:11:23,7000000,276.28943659375767,True
2026-03-02 12:11:23,7000000,276.28943659375767,True
2026-03-02 12:11:28,7025000,261.7074941068649,True
2026-03-02 12:11:28,7025000,261.7074941068649,True
2026-03-02 12:11:34,7050000,,False
2026-03-02 12:11:34,7050000,,False
2026-03-02 12:11:39,3525000,,False
2026-03-02 12:11:39,3525000,,False
2026-03-02 12:11:44,3550000,,False
2026-03-02 12:11:44,3550000,,False
2026-03-02 12:11:49,3575000,,False
2026-03-02 12:11:49,3575000,,False
2026-03-02 12:16:54,7000000,,False
2026-03-02 12:16:54,7000000,,False
2026-03-02 12:17:00,7025000,250.96290490599657,True
2026-03-02 12:17:00,7025000,250.96290490599657,True
2026-03-02 12:17:05,7050000,,False
2026-03-02 12:17:05,7050000,,False
2026-03-02 12:17:10,3525000,,False
2026-03-02 12:17:10,3525000,,False
2026-03-02 12:17:15,3550000,,False
2026-03-02 12:17:15,3550000,,False
2026-03-02 12:17:20,3575000,254.80025819202095,True
2026-03-02 12:17:20,3575000,254.80025819202092,True
2026-03-02 12:22:26,7000000,254.80025819202095,True
2026-03-02 12:22:26,7000000,254.80025819202092,True
2026-03-02 12:22:31,7025000,280.1267898797821,True
2026-03-02 12:22:31,7025000,280.1267898797821,True
2026-03-02 12:22:36,7050000,273.21955396493814,True
2026-03-02 12:22:36,7050000,273.21955396493814,True
2026-03-02 12:22:41,3525000,,False
2026-03-02 12:22:41,3525000,,False
2026-03-02 12:22:46,3550000,,False
2026-03-02 12:22:46,3550000,,False
2026-03-02 12:22:52,3575000,,False
2026-03-02 12:22:52,3575000,,False
2026-03-02 12:27:57,7000000,,False
2026-03-02 12:27:57,7000000,,False
2026-03-02 12:28:02,7025000,252.4978462204063,True
2026-03-02 12:28:02,7025000,252.4978462204063,True
2026-03-02 12:28:07,7050000,,False
2026-03-02 12:28:07,7050000,,False
2026-03-02 12:28:12,3525000,,False
2026-03-02 12:28:12,3525000,,False
2026-03-02 12:28:18,3550000,245.59061030556236,True
2026-03-02 12:28:18,3550000,245.5906103055624,True
2026-03-02 12:28:23,3575000,,False
2026-03-02 12:28:23,3575000,,False
2026-03-02 12:33:28,7000000,250.19543424879168,True
2026-03-02 12:33:28,7000000,250.19543424879168,True
2026-03-02 12:33:33,7025000,250.19543424879168,True
2026-03-02 12:33:33,7025000,250.19543424879168,True
2026-03-02 12:33:38,7050000,,False
2026-03-02 12:33:38,7050000,,False
2026-03-02 12:33:43,3525000,,False
2026-03-02 12:33:43,3525000,,False
2026-03-02 12:33:49,3550000,330.7798532553043,True
2026-03-02 12:33:49,3550000,330.7798532553043,True
2026-03-02 12:33:54,3575000,,False
2026-03-02 12:33:54,3575000,,False
2026-03-02 12:38:59,7000000,250.19543424879168,True
2026-03-02 12:38:59,7000000,250.19543424879168,True
2026-03-02 12:39:04,7025000,,False
2026-03-02 12:39:04,7025000,,False
2026-03-02 12:39:09,7050000,,False
2026-03-02 12:39:09,7050000,,False
2026-03-02 12:39:15,3525000,,False
2026-03-02 12:39:15,3525000,,False
2026-03-02 12:39:20,3550000,,False
2026-03-02 12:39:20,3550000,,False
2026-03-02 12:39:25,3575000,,False
2026-03-02 12:39:25,3575000,,False
2026-03-02 12:44:30,7000000,,False
2026-03-02 12:44:30,7000000,,False
2026-03-02 12:44:35,7025000,,False
2026-03-02 12:44:35,7025000,,False
2026-03-02 12:44:41,7050000,,False
2026-03-02 12:44:41,7050000,,False
2026-03-02 12:44:46,3525000,,False
2026-03-02 12:44:46,3525000,,False
2026-03-02 12:44:51,3550000,,False
2026-03-02 12:44:51,3550000,,False
2026-03-02 12:44:57,3575000,,False
2026-03-02 12:44:57,3575000,,False
2026-03-02 12:50:02,7000000,243.28819833394772,True
2026-03-02 12:50:02,7000000,243.2881983339477,True
2026-03-02 12:50:07,7025000,,False
2026-03-02 12:50:07,7025000,,False
2026-03-02 12:50:13,7050000,,False
2026-03-02 12:50:13,7050000,,False
2026-03-02 12:50:18,3525000,,False
2026-03-02 12:50:18,3525000,,False
2026-03-02 12:50:23,3550000,,False
2026-03-02 12:50:23,3550000,,False
2026-03-02 12:50:28,3575000,,False
2026-03-02 12:50:28,3575000,,False
2026-03-02 12:55:34,7000000,,False
2026-03-02 12:55:34,7000000,,False
2026-03-02 12:55:39,7025000,,False
2026-03-02 12:55:39,7025000,,False
2026-03-02 12:55:44,7050000,,False
2026-03-02 12:55:44,7050000,,False
2026-03-02 12:55:49,3525000,,False
2026-03-02 12:55:49,3525000,,False
2026-03-02 12:55:55,3550000,,False
2026-03-02 12:55:55,3550000,,False
2026-03-02 12:56:00,3575000,,False
2026-03-02 12:56:00,3575000,,False
2026-03-02 13:01:05,7000000,,False
2026-03-02 13:01:05,7000000,,False
2026-03-02 13:01:10,7025000,,False
2026-03-02 13:01:10,7025000,,False
2026-03-02 13:01:15,7050000,244.82313964835748,True
2026-03-02 13:01:15,7050000,244.82313964835748,True
2026-03-02 13:01:20,3525000,,False
2026-03-02 13:01:20,3525000,,False
2026-03-02 13:01:26,3550000,,False
2026-03-02 13:01:26,3550000,,False
2026-03-02 13:01:31,3575000,,False
2026-03-02 13:01:31,3575000,,False
2026-03-02 13:06:36,7000000,,False
2026-03-02 13:06:36,7000000,,False
2026-03-02 13:06:41,7025000,,False
2026-03-02 13:06:41,7025000,,False
2026-03-02 13:06:47,7050000,,False
2026-03-02 13:06:47,7050000,,False
2026-03-02 13:06:52,3525000,,False
2026-03-02 13:06:52,3525000,,False
2026-03-02 13:06:58,3550000,,False
2026-03-02 13:06:58,3550000,,False
2026-03-02 13:07:03,3575000,,False
2026-03-02 13:07:03,3575000,,False
2026-03-02 13:12:08,7000000,,False
2026-03-02 13:12:08,7000000,,False
2026-03-02 13:12:13,7025000,,False
2026-03-02 13:12:13,7025000,,False
2026-03-02 13:12:19,7050000,,False
2026-03-02 13:12:19,7050000,,False
2026-03-02 13:12:24,3525000,,False
2026-03-02 13:12:24,3525000,,False
2026-03-02 13:12:29,3550000,,False
2026-03-02 13:12:29,3550000,,False
2026-03-02 13:12:34,3575000,,False
2026-03-02 13:12:34,3575000,,False
2026-03-02 13:17:40,7000000,,False
2026-03-02 13:17:40,7000000,,False
2026-03-02 13:17:45,7025000,,False
2026-03-02 13:17:45,7025000,,False
2026-03-02 13:17:51,7050000,357.64132625747516,True
2026-03-02 13:17:51,7050000,357.6413262574752,True
2026-03-02 13:17:56,3525000,,False
2026-03-02 13:17:56,3525000,,False
2026-03-02 13:18:01,3550000,435.1558626351683,True
2026-03-02 13:18:01,3550000,435.1558626351683,True
2026-03-02 13:18:06,3575000,,False
2026-03-02 13:18:06,3575000,,False
2026-03-02 13:23:12,7000000,,False
2026-03-02 13:23:12,7000000,,False
2026-03-02 13:23:17,7025000,,False
2026-03-02 13:23:17,7025000,,False
2026-03-02 13:23:23,7050000,,False
2026-03-02 13:23:23,7050000,,False
2026-03-02 13:23:28,3525000,,False
2026-03-02 13:23:28,3525000,,False
2026-03-02 13:23:33,3550000,,False
2026-03-02 13:23:33,3550000,,False
2026-03-02 13:23:38,3575000,,False
2026-03-02 13:23:38,3575000,,False
2026-03-02 13:28:44,7000000,,False
2026-03-02 13:28:44,7000000,,False
2026-03-02 13:28:49,7025000,,False
2026-03-02 13:28:49,7025000,,False
2026-03-02 13:28:55,7050000,241.75325701953795,True
2026-03-02 13:28:55,7050000,241.75325701953795,True
2026-03-02 13:29:00,3525000,,False
2026-03-02 13:29:00,3525000,,False
2026-03-02 13:29:05,3550000,,False
2026-03-02 13:29:05,3550000,,False
2026-03-02 13:29:10,3575000,,False
2026-03-02 13:29:10,3575000,,False
2026-03-02 13:34:15,7000000,,False
2026-03-02 13:34:15,7000000,,False
2026-03-02 13:34:21,7025000,,False
2026-03-02 13:34:21,7025000,,False
2026-03-02 13:34:26,7050000,,False
2026-03-02 13:34:26,7050000,,False
2026-03-02 13:34:32,3525000,,False
2026-03-02 13:34:32,3525000,,False
2026-03-02 13:34:37,3550000,,False
2026-03-02 13:34:37,3550000,,False
2026-03-02 13:34:42,3575000,,False
2026-03-02 13:34:42,3575000,,False
2026-03-02 13:39:47,7000000,,False
2026-03-02 13:39:47,7000000,,False
2026-03-02 13:39:52,7025000,,False
2026-03-02 13:39:52,7025000,,False
2026-03-02 13:39:58,7050000,244.82313964835748,True
2026-03-02 13:39:58,7050000,244.82313964835748,True
2026-03-02 13:40:03,3525000,,False
2026-03-02 13:40:03,3525000,,False
2026-03-02 13:40:08,3550000,,False
2026-03-02 13:40:08,3550000,,False
2026-03-02 13:40:13,3575000,,False
2026-03-02 13:40:13,3575000,,False
2026-03-02 13:45:18,7000000,,False
2026-03-02 13:45:18,7000000,,False
2026-03-02 13:45:24,7025000,,False
2026-03-02 13:45:24,7025000,,False
2026-03-02 13:45:29,7050000,,False
2026-03-02 13:45:29,7050000,,False
2026-03-02 13:45:34,3525000,,False
2026-03-02 13:45:34,3525000,,False
2026-03-02 13:45:39,3550000,,False
2026-03-02 13:45:39,3550000,,False
2026-03-02 13:45:44,3575000,,False
2026-03-02 13:45:44,3575000,,False
2026-03-02 13:50:49,7000000,,False
2026-03-02 13:50:49,7000000,,False
2026-03-02 13:50:55,7025000,,False
2026-03-02 13:50:55,7025000,,False
2026-03-02 13:51:00,7050000,,False
2026-03-02 13:51:00,7050000,,False
2026-03-02 13:51:05,3525000,,False
2026-03-02 13:51:05,3525000,,False
2026-03-02 13:51:10,3550000,,False
2026-03-02 13:51:10,3550000,,False
2026-03-02 13:51:15,3575000,,False
2026-03-02 13:51:15,3575000,,False
2026-03-02 13:56:21,7000000,,False
2026-03-02 13:56:21,7000000,,False
2026-03-02 13:56:26,7025000,,False
2026-03-02 13:56:26,7025000,,False
2026-03-02 13:56:31,7050000,,False
2026-03-02 13:56:31,7050000,,False
2026-03-02 13:56:36,3525000,,False
2026-03-02 13:56:36,3525000,,False
2026-03-02 13:56:41,3550000,,False
2026-03-02 13:56:41,3550000,,False
2026-03-02 13:56:46,3575000,,False
2026-03-02 13:56:46,3575000,,False
2026-03-02 14:01:52,7000000,262.4749647640698,True
2026-03-02 14:01:52,7000000,262.4749647640698,True
2026-03-02 14:01:57,7025000,,False
2026-03-02 14:01:57,7025000,,False
2026-03-02 14:02:02,7050000,,False
2026-03-02 14:02:02,7050000,,False
2026-03-02 14:02:07,3525000,,False
2026-03-02 14:02:07,3525000,,False
2026-03-02 14:02:12,3550000,,False
2026-03-02 14:02:12,3550000,,False
2026-03-02 14:02:18,3575000,,False
2026-03-02 14:02:18,3575000,,False
2026-03-02 14:07:23,7000000,247.893022277177,True
2026-03-02 14:07:23,7000000,247.893022277177,True
2026-03-02 14:07:28,7025000,,False
2026-03-02 14:07:28,7025000,,False
2026-03-02 14:07:33,7050000,244.82313964835748,True
2026-03-02 14:07:33,7050000,244.82313964835748,True
2026-03-02 14:07:38,3525000,,False
2026-03-02 14:07:38,3525000,,False
2026-03-02 14:07:44,3550000,,False
2026-03-02 14:07:44,3550000,,False
2026-03-02 14:07:49,3575000,,False
2026-03-02 14:07:49,3575000,,False
2026-03-02 14:12:54,7000000,245.5906103055624,True
2026-03-02 14:12:54,7000000,245.59061030556236,True
2026-03-02 14:12:59,7025000,,False
2026-03-02 14:12:59,7025000,,False
2026-03-02 14:13:04,7050000,241.75325701953795,True
2026-03-02 14:13:04,7050000,241.75325701953795,True
2026-03-02 14:13:09,3525000,,False
2026-03-02 14:13:09,3525000,,False
2026-03-02 14:13:15,3550000,,False
2026-03-02 14:13:15,3550000,,False
2026-03-02 14:13:20,3575000,,False
2026-03-02 14:13:20,3575000,,False
2026-03-02 14:18:25,7000000,,False
2026-03-02 14:18:25,7000000,,False
2026-03-02 14:18:30,7025000,254.03278753481607,True
2026-03-02 14:18:30,7025000,254.03278753481607,True
2026-03-02 14:18:35,7050000,447.43539315044643,True
2026-03-02 14:18:35,7050000,447.4353931504464,True
2026-03-02 14:18:41,3525000,,False
2026-03-02 14:18:41,3525000,,False
2026-03-02 14:18:46,3550000,,False
2026-03-02 14:18:46,3550000,,False
2026-03-02 14:18:51,3575000,,False
2026-03-02 14:18:51,3575000,,False
2026-03-02 14:23:56,7000000,,False
2026-03-02 14:23:56,7000000,,False
2026-03-02 14:24:01,7025000,264.7773767356844,True
2026-03-02 14:24:01,7025000,264.7773767356844,True
2026-03-02 14:24:07,7050000,,False
2026-03-02 14:24:07,7050000,,False
2026-03-02 14:24:12,3525000,,False
2026-03-02 14:24:12,3525000,,False
2026-03-02 14:24:17,3550000,,False
2026-03-02 14:24:17,3550000,,False
2026-03-02 14:24:22,3575000,,False
2026-03-02 14:24:22,3575000,,False
2026-03-02 14:29:27,7000000,,False
2026-03-02 14:29:27,7000000,,False
2026-03-02 14:29:33,7025000,,False
2026-03-02 14:29:33,7025000,,False
2026-03-02 14:29:38,7050000,,False
2026-03-02 14:29:38,7050000,,False
2026-03-02 14:29:43,3525000,,False
2026-03-02 14:29:43,3525000,,False
2026-03-02 14:29:48,3550000,,False
2026-03-02 14:29:48,3550000,,False
2026-03-02 14:29:53,3575000,,False
2026-03-02 14:29:53,3575000,,False
2026-03-02 14:34:58,7000000,,False
2026-03-02 14:34:58,7000000,,False
2026-03-02 14:35:04,7025000,,False
2026-03-02 14:35:04,7025000,,False
2026-03-02 14:35:09,7050000,,False
2026-03-02 14:35:09,7050000,,False
2026-03-02 14:35:14,3525000,,False
2026-03-02 14:35:14,3525000,,False
2026-03-02 14:35:19,3550000,,False
2026-03-02 14:35:19,3550000,,False
2026-03-02 14:35:24,3575000,,False
2026-03-02 14:35:24,3575000,,False
2026-03-02 14:40:30,7000000,247.12555161997213,True
2026-03-02 14:40:30,7000000,247.12555161997213,True
2026-03-02 14:40:35,7025000,244.82313964835748,True
2026-03-02 14:40:35,7025000,244.82313964835748,True
2026-03-02 14:40:40,7050000,247.893022277177,True
2026-03-02 14:40:40,7050000,247.893022277177,True
2026-03-02 14:40:45,3525000,,False
2026-03-02 14:40:45,3525000,,False
2026-03-02 14:40:50,3550000,433.62092132075855,True
2026-03-02 14:40:50,3550000,433.62092132075855,True
2026-03-02 14:40:56,3575000,,False
2026-03-02 14:40:56,3575000,,False
2026-03-02 14:46:01,7000000,,False
2026-03-02 14:46:01,7000000,,False
2026-03-02 14:46:06,7025000,,False
2026-03-02 14:46:06,7025000,,False
2026-03-02 14:46:11,7050000,,False
2026-03-02 14:46:11,7050000,,False
2026-03-02 14:46:16,3525000,,False
2026-03-02 14:46:16,3525000,,False
2026-03-02 14:46:21,3550000,,False
2026-03-02 14:46:21,3550000,,False
2026-03-02 14:46:27,3575000,,False
2026-03-02 14:46:27,3575000,,False
2026-03-02 14:51:32,7000000,249.4279635915868,True
2026-03-02 14:51:32,7000000,249.4279635915868,True
2026-03-02 14:51:37,7025000,,False
2026-03-02 14:51:37,7025000,,False
2026-03-02 14:51:42,7050000,,False
2026-03-02 14:51:42,7050000,,False
2026-03-02 14:51:47,3525000,,False
2026-03-02 14:51:47,3525000,,False
2026-03-02 14:51:53,3550000,,False
2026-03-02 14:51:53,3550000,,False
2026-03-02 14:51:58,3575000,,False
2026-03-02 14:51:58,3575000,,False
2026-03-02 14:57:03,7000000,257.1026701636356,True
2026-03-02 14:57:03,7000000,257.1026701636356,True
2026-03-02 14:57:08,7025000,250.19543424879168,True
2026-03-02 14:57:08,7025000,250.19543424879168,True
2026-03-02 14:57:13,7050000,,False
2026-03-02 14:57:13,7050000,,False
2026-03-02 14:57:19,3525000,,False
2026-03-02 14:57:19,3525000,,False
2026-03-02 14:57:24,3550000,,False
2026-03-02 14:57:24,3550000,,False
2026-03-02 14:57:29,3575000,,False
2026-03-02 14:57:29,3575000,,False
2026-03-02 15:02:34,7000000,,False
2026-03-02 15:02:34,7000000,,False
2026-03-02 15:02:39,7025000,,False
2026-03-02 15:02:39,7025000,,False
2026-03-02 15:02:45,7050000,,False
2026-03-02 15:02:45,7050000,,False
2026-03-02 15:02:50,3525000,,False
2026-03-02 15:02:50,3525000,,False
2026-03-02 15:02:55,3550000,,False
2026-03-02 15:02:55,3550000,,False
2026-03-02 15:03:00,3575000,,False
2026-03-02 15:03:00,3575000,,False
2026-03-02 15:08:05,7000000,,False
2026-03-02 15:08:05,7000000,,False
2026-03-02 15:08:11,7025000,,False
2026-03-02 15:08:11,7025000,,False
2026-03-02 15:08:16,7050000,,False
2026-03-02 15:08:16,7050000,,False
2026-03-02 15:08:21,3525000,,False
2026-03-02 15:08:21,3525000,,False
2026-03-02 15:08:26,3550000,,False
2026-03-02 15:08:26,3550000,,False
2026-03-02 15:08:31,3575000,,False
2026-03-02 15:08:31,3575000,,False
2026-03-02 15:13:37,7000000,,False
2026-03-02 15:13:37,7000000,,False
2026-03-02 15:13:42,7025000,,False
2026-03-02 15:13:42,7025000,,False
2026-03-02 15:13:47,7050000,,False
2026-03-02 15:13:47,7050000,,False
2026-03-02 15:13:52,3525000,,False
2026-03-02 15:13:52,3525000,,False
2026-03-02 15:13:57,3550000,,False
2026-03-02 15:13:57,3550000,,False
2026-03-02 15:14:02,3575000,,False
2026-03-02 15:14:02,3575000,,False
2026-03-02 15:19:08,7000000,,False
2026-03-02 15:19:08,7000000,,False
2026-03-02 15:19:13,7025000,,False
2026-03-02 15:19:13,7025000,,False
2026-03-02 15:19:18,7050000,,False
2026-03-02 15:19:18,7050000,,False
2026-03-02 15:19:23,3525000,,False
2026-03-02 15:19:23,3525000,,False
2026-03-02 15:19:28,3550000,,False
2026-03-02 15:19:28,3550000,,False
2026-03-02 15:19:34,3575000,,False
2026-03-02 15:19:34,3575000,,False
2026-03-02 15:24:39,7000000,247.893022277177,True
2026-03-02 15:24:39,7000000,247.893022277177,True
2026-03-02 15:24:44,7025000,248.66049293438192,True
2026-03-02 15:24:44,7025000,248.66049293438192,True
2026-03-02 15:24:49,7050000,247.893022277177,True
2026-03-02 15:24:49,7050000,247.893022277177,True
2026-03-02 15:24:54,3525000,,False
2026-03-02 15:24:54,3525000,,False
2026-03-02 15:25:00,3550000,,False
2026-03-02 15:25:00,3550000,,False
2026-03-02 15:25:05,3575000,,False
2026-03-02 15:25:05,3575000,,False
2026-03-02 15:30:10,7000000,,False
2026-03-02 15:30:10,7000000,,False
2026-03-02 15:30:15,7025000,,False
2026-03-02 15:30:15,7025000,,False
2026-03-02 15:30:20,7050000,,False
2026-03-02 15:30:20,7050000,,False
2026-03-02 15:30:26,3525000,,False
2026-03-02 15:30:26,3525000,,False
2026-03-02 15:30:31,3550000,,False
2026-03-02 15:30:31,3550000,,False
2026-03-02 15:30:36,3575000,,False
2026-03-02 15:30:36,3575000,,False
2026-03-02 15:35:41,7000000,250.19543424879168,True
2026-03-02 15:35:41,7000000,250.19543424879168,True
2026-03-02 15:35:46,7025000,,False
2026-03-02 15:35:46,7025000,,False
2026-03-02 15:35:52,7050000,,False
2026-03-02 15:35:52,7050000,,False
2026-03-02 15:35:57,3525000,,False
2026-03-02 15:35:57,3525000,,False
2026-03-02 15:36:02,3550000,,False
2026-03-02 15:36:02,3550000,,False
2026-03-02 15:36:07,3575000,,False
2026-03-02 15:36:07,3575000,,False
2026-03-02 15:41:12,7000000,249.4279635915868,True
2026-03-02 15:41:12,7000000,249.4279635915868,True
2026-03-02 15:41:18,7025000,248.66049293438192,True
2026-03-02 15:41:18,7025000,248.66049293438192,True
2026-03-02 15:41:23,7050000,249.4279635915868,True
2026-03-02 15:41:23,7050000,249.4279635915868,True
2026-03-02 15:41:28,3525000,,False
2026-03-02 15:41:28,3525000,,False
2026-03-02 15:41:33,3550000,,False
2026-03-02 15:41:33,3550000,,False
2026-03-02 15:41:38,3575000,,False
2026-03-02 15:41:38,3575000,,False
2026-03-02 15:46:43,7000000,,False
2026-03-02 15:46:43,7000000,,False
2026-03-02 15:46:49,7025000,,False
2026-03-02 15:46:49,7025000,,False
2026-03-02 15:46:54,7050000,,False
2026-03-02 15:46:54,7050000,,False
2026-03-02 15:46:59,3525000,367.61844480113865,True
2026-03-02 15:46:59,3525000,367.61844480113865,True
2026-03-02 15:47:04,3550000,,False
2026-03-02 15:47:04,3550000,,False
2026-03-02 15:47:09,3575000,,False
2026-03-02 15:47:09,3575000,,False
2026-03-02 15:52:15,7000000,,False
2026-03-02 15:52:15,7000000,,False
2026-03-02 15:52:20,7025000,248.66049293438192,True
2026-03-02 15:52:20,7025000,248.66049293438192,True
2026-03-02 15:52:25,7050000,252.4978462204063,True
2026-03-02 15:52:25,7050000,252.4978462204063,True
2026-03-02 15:52:30,3525000,,False
2026-03-02 15:52:30,3525000,,False
2026-03-02 15:52:35,3550000,,False
2026-03-02 15:52:35,3550000,,False
2026-03-02 15:52:41,3575000,,False
2026-03-02 15:52:41,3575000,,False
2026-03-02 15:57:46,7000000,,False
2026-03-02 15:57:46,7000000,,False
2026-03-02 15:57:51,7025000,,False
2026-03-02 15:57:51,7025000,,False
2026-03-02 15:57:56,7050000,249.4279635915868,True
2026-03-02 15:57:56,7050000,249.4279635915868,True
2026-03-02 15:58:01,3525000,,False
2026-03-02 15:58:01,3525000,,False
2026-03-02 15:58:07,3550000,,False
2026-03-02 15:58:07,3550000,,False
2026-03-02 15:58:12,3575000,,False
2026-03-02 15:58:12,3575000,,False
2026-03-02 16:03:17,7000000,254.03278753481607,True
2026-03-02 16:03:17,7000000,254.03278753481607,True
2026-03-02 16:03:22,7025000,250.96290490599657,True
2026-03-02 16:03:22,7025000,250.96290490599657,True
2026-03-02 16:03:27,7050000,,False
2026-03-02 16:03:27,7050000,,False
2026-03-02 16:03:32,3525000,,False
2026-03-02 16:03:32,3525000,,False
2026-03-02 16:03:38,3550000,,False
2026-03-02 16:03:38,3550000,,False
2026-03-02 16:03:43,3575000,,False
2026-03-02 16:03:43,3575000,,False
2026-03-02 16:08:48,7000000,,False
2026-03-02 16:08:48,7000000,,False
2026-03-02 16:08:53,7025000,,False
2026-03-02 16:08:53,7025000,,False
2026-03-02 16:08:58,7050000,247.12555161997213,True
2026-03-02 16:08:58,7050000,247.12555161997213,True
2026-03-02 16:09:04,3525000,,False
2026-03-02 16:09:04,3525000,,False
2026-03-02 16:09:09,3550000,,False
2026-03-02 16:09:09,3550000,,False
2026-03-02 16:09:14,3575000,,False
2026-03-02 16:09:14,3575000,,False
2026-03-02 16:14:19,7000000,,False
2026-03-02 16:14:19,7000000,,False
2026-03-02 16:14:24,7025000,255.56772884922583,True
2026-03-02 16:14:24,7025000,255.56772884922583,True
2026-03-02 16:14:30,7050000,,False
2026-03-02 16:14:30,7050000,,False
2026-03-02 16:14:35,3525000,,False
2026-03-02 16:14:35,3525000,,False
2026-03-02 16:14:40,3550000,,False
2026-03-02 16:14:40,3550000,,False
2026-03-02 16:14:45,3575000,,False
2026-03-02 16:14:45,3575000,,False
2026-03-02 16:19:50,7000000,247.893022277177,True
2026-03-02 16:19:50,7000000,247.893022277177,True
2026-03-02 16:19:56,7025000,251.73037556320145,True
2026-03-02 16:19:56,7025000,251.73037556320145,True
2026-03-02 16:20:01,7050000,253.2653168776112,True
2026-03-02 16:20:01,7050000,253.26531687761118,True
2026-03-02 16:20:06,3525000,,False
2026-03-02 16:20:06,3525000,,False
2026-03-02 16:20:11,3550000,,False
2026-03-02 16:20:11,3550000,,False
2026-03-02 16:20:16,3575000,,False
2026-03-02 16:20:16,3575000,,False
2026-03-02 16:25:21,7000000,250.96290490599657,True
2026-03-02 16:25:21,7000000,250.96290490599657,True
2026-03-02 16:25:27,7025000,257.1026701636356,True
2026-03-02 16:25:27,7025000,257.1026701636356,True
2026-03-02 16:25:32,7050000,,False
2026-03-02 16:25:32,7050000,,False
2026-03-02 16:25:37,3525000,,False
2026-03-02 16:25:37,3525000,,False
2026-03-02 16:25:42,3550000,,False
2026-03-02 16:25:42,3550000,,False
2026-03-02 16:25:47,3575000,,False
2026-03-02 16:25:47,3575000,,False
2026-03-02 16:30:53,7000000,250.19543424879168,True
2026-03-02 16:30:53,7000000,250.19543424879168,True
2026-03-02 16:30:58,7025000,,False
2026-03-02 16:30:58,7025000,,False
2026-03-02 16:31:03,7050000,,False
2026-03-02 16:31:03,7050000,,False
2026-03-02 16:31:08,3525000,,False
2026-03-02 16:31:08,3525000,,False
2026-03-02 16:31:13,3550000,,False
2026-03-02 16:31:13,3550000,,False
2026-03-02 16:31:18,3575000,,False
2026-03-02 16:31:18,3575000,,False
2026-03-02 16:36:24,7000000,250.19543424879168,True
2026-03-02 16:36:24,7000000,250.19543424879168,True
2026-03-02 16:36:29,7025000,,False
2026-03-02 16:36:29,7025000,,False
2026-03-02 16:36:34,7050000,,False
2026-03-02 16:36:34,7050000,,False
2026-03-02 16:36:39,3525000,,False
2026-03-02 16:36:39,3525000,,False
2026-03-02 16:36:44,3550000,,False
2026-03-02 16:36:44,3550000,,False
2026-03-02 16:36:50,3575000,,False
2026-03-02 16:36:50,3575000,,False
2026-03-02 16:41:55,7000000,,False
2026-03-02 16:41:55,7000000,,False
2026-03-02 16:42:00,7025000,,False
2026-03-02 16:42:00,7025000,,False
2026-03-02 16:42:05,7050000,,False
2026-03-02 16:42:05,7050000,,False
2026-03-02 16:42:10,3525000,,False
2026-03-02 16:42:10,3525000,,False
2026-03-02 16:42:16,3550000,,False
2026-03-02 16:42:16,3550000,,False
2026-03-02 16:42:21,3575000,,False
2026-03-02 16:42:21,3575000,,False
2026-03-02 16:47:26,7000000,,False
2026-03-02 16:47:26,7000000,,False
2026-03-02 16:47:31,7025000,253.2653168776112,True
2026-03-02 16:47:31,7025000,253.26531687761118,True
2026-03-02 16:47:36,7050000,,False
2026-03-02 16:47:36,7050000,,False
2026-03-02 16:47:42,3525000,,False
2026-03-02 16:47:42,3525000,,False
2026-03-02 16:47:47,3550000,,False
2026-03-02 16:47:47,3550000,,False
2026-03-02 16:47:52,3575000,,False
2026-03-02 16:47:52,3575000,,False
2026-03-02 16:52:57,7000000,247.12555161997213,True
2026-03-02 16:52:57,7000000,247.12555161997213,True
2026-03-02 16:53:02,7025000,,False
2026-03-02 16:53:02,7025000,,False
2026-03-02 16:53:08,7050000,,False
2026-03-02 16:53:08,7050000,,False
2026-03-02 16:53:13,3525000,,False
2026-03-02 16:53:13,3525000,,False
2026-03-02 16:53:18,3550000,,False
2026-03-02 16:53:18,3550000,,False
2026-03-02 16:53:23,3575000,,False
2026-03-02 16:53:23,3575000,,False
2026-03-02 16:58:28,7000000,251.73037556320145,True
2026-03-02 16:58:28,7000000,251.73037556320145,True
2026-03-02 16:58:34,7025000,248.66049293438192,True
2026-03-02 16:58:34,7025000,248.66049293438192,True
2026-03-02 16:58:39,7050000,254.03278753481607,True
2026-03-02 16:58:39,7050000,254.03278753481607,True
2026-03-02 16:58:44,3525000,,False
2026-03-02 16:58:44,3525000,,False
2026-03-02 16:58:49,3550000,,False
2026-03-02 16:58:49,3550000,,False
2026-03-02 16:58:54,3575000,,False
2026-03-02 16:58:54,3575000,,False
2026-03-02 17:03:59,7000000,,False
2026-03-02 17:03:59,7000000,,False
2026-03-02 17:04:05,7025000,,False
2026-03-02 17:04:05,7025000,,False
2026-03-02 17:04:10,7050000,,False
2026-03-02 17:04:10,7050000,,False
2026-03-02 17:04:15,3525000,,False
2026-03-02 17:04:15,3525000,,False
2026-03-02 17:04:20,3550000,,False
2026-03-02 17:04:20,3550000,,False
2026-03-02 17:04:25,3575000,,False
2026-03-02 17:04:25,3575000,,False
2026-03-02 17:09:31,7000000,255.56772884922583,True
2026-03-02 17:09:31,7000000,255.56772884922583,True
2026-03-02 17:09:36,7025000,,False
2026-03-02 17:09:36,7025000,,False
2026-03-02 17:09:41,7050000,,False
2026-03-02 17:09:41,7050000,,False
2026-03-02 17:09:46,3525000,,False
2026-03-02 17:09:46,3525000,,False
2026-03-02 17:09:51,3550000,,False
2026-03-02 17:09:51,3550000,,False
2026-03-02 17:09:57,3575000,,False
2026-03-02 17:09:57,3575000,,False
2026-03-02 17:15:02,7000000,,False
2026-03-02 17:15:02,7000000,,False
2026-03-02 17:15:07,7025000,,False
2026-03-02 17:15:07,7025000,,False
2026-03-02 17:15:12,7050000,,False
2026-03-02 17:15:12,7050000,,False
2026-03-02 17:15:17,3525000,,False
2026-03-02 17:15:17,3525000,,False
2026-03-02 17:15:23,3550000,,False
2026-03-02 17:15:23,3550000,,False
2026-03-02 17:15:28,3575000,,False
2026-03-02 17:15:28,3575000,,False
2026-03-02 17:20:33,7000000,,False
2026-03-02 17:20:33,7000000,,False
2026-03-02 17:20:38,7025000,,False
2026-03-02 17:20:38,7025000,,False
2026-03-02 17:20:43,7050000,,False
2026-03-02 17:20:43,7050000,,False
2026-03-02 17:20:49,3525000,,False
2026-03-02 17:20:49,3525000,,False
2026-03-02 17:20:54,3550000,,False
2026-03-02 17:20:54,3550000,,False
2026-03-02 17:20:59,3575000,,False
2026-03-02 17:20:59,3575000,,False
2026-03-02 17:26:04,7000000,,False
2026-03-02 17:26:04,7000000,,False
2026-03-02 17:26:09,7025000,,False
2026-03-02 17:26:09,7025000,,False
2026-03-02 17:26:15,7050000,,False
2026-03-02 17:26:15,7050000,,False
2026-03-02 17:26:20,3525000,,False
2026-03-02 17:26:20,3525000,,False
2026-03-02 17:26:25,3550000,,False
2026-03-02 17:26:25,3550000,,False
2026-03-02 17:26:30,3575000,,False
2026-03-02 17:26:30,3575000,,False
2026-03-02 17:31:35,7000000,250.19543424879168,True
2026-03-02 17:31:35,7000000,250.19543424879168,True
2026-03-02 17:31:40,7025000,250.19543424879168,True
2026-03-02 17:31:40,7025000,250.19543424879168,True
2026-03-02 17:31:46,7050000,253.2653168776112,True
2026-03-02 17:31:46,7050000,253.26531687761118,True
2026-03-02 17:31:51,3525000,,False
2026-03-02 17:31:51,3525000,,False
2026-03-02 17:31:56,3550000,,False
2026-03-02 17:31:56,3550000,,False
2026-03-02 17:32:01,3575000,,False
2026-03-02 17:32:01,3575000,,False
2026-03-02 17:37:06,7000000,,False
2026-03-02 17:37:06,7000000,,False
2026-03-02 17:37:12,7025000,,False
2026-03-02 17:37:12,7025000,,False
2026-03-02 17:37:17,7050000,,False
2026-03-02 17:37:17,7050000,,False
2026-03-02 17:37:22,3525000,,False
2026-03-02 17:37:22,3525000,,False
2026-03-02 17:37:27,3550000,,False
2026-03-02 17:37:27,3550000,,False
2026-03-02 17:37:32,3575000,,False
2026-03-02 17:37:32,3575000,,False
2026-03-02 17:42:38,7000000,,False
2026-03-02 17:42:38,7000000,,False
2026-03-02 17:42:43,7025000,,False
2026-03-02 17:42:43,7025000,,False
2026-03-02 17:42:48,7050000,,False
2026-03-02 17:42:48,7050000,,False
2026-03-02 17:42:53,3525000,,False
2026-03-02 17:42:53,3525000,,False
2026-03-02 17:42:58,3550000,,False
2026-03-02 17:42:58,3550000,,False
2026-03-02 17:43:03,3575000,,False
2026-03-02 17:43:03,3575000,,False
2026-03-02 17:48:09,7000000,256.33519950643074,True
2026-03-02 17:48:09,7000000,256.33519950643074,True
2026-03-02 17:48:14,7025000,252.4978462204063,True
2026-03-02 17:48:14,7025000,252.4978462204063,True
2026-03-02 17:48:19,7050000,,False
2026-03-02 17:48:19,7050000,,False
2026-03-02 17:48:24,3525000,,False
2026-03-02 17:48:24,3525000,,False
2026-03-02 17:48:29,3550000,,False
2026-03-02 17:48:29,3550000,,False
2026-03-02 17:48:35,3575000,,False
2026-03-02 17:48:35,3575000,,False
2026-03-02 17:53:40,7000000,257.8701408208405,True
2026-03-02 17:53:40,7000000,257.8701408208405,True
2026-03-02 17:53:45,7025000,,False
2026-03-02 17:53:45,7025000,,False
2026-03-02 17:53:50,7050000,,False
2026-03-02 17:53:50,7050000,,False
2026-03-02 17:53:55,3525000,,False
2026-03-02 17:53:55,3525000,,False
2026-03-02 17:54:01,3550000,,False
2026-03-02 17:54:01,3550000,,False
2026-03-02 17:54:06,3575000,,False
2026-03-02 17:54:06,3575000,,False
2026-03-02 17:59:11,7000000,251.73037556320145,True
2026-03-02 17:59:11,7000000,251.73037556320145,True
2026-03-02 17:59:16,7025000,,False
2026-03-02 17:59:16,7025000,,False
2026-03-02 17:59:21,7050000,,False
2026-03-02 17:59:21,7050000,,False
2026-03-02 17:59:27,3525000,,False
2026-03-02 17:59:27,3525000,,False
2026-03-02 17:59:32,3550000,408.2943896329975,True
2026-03-02 17:59:32,3550000,408.2943896329975,True
2026-03-02 17:59:37,3575000,,False
2026-03-02 17:59:37,3575000,,False
2026-03-02 18:04:42,7000000,,False
2026-03-02 18:04:47,7025000,,False
2026-03-02 18:04:53,7050000,,False
2026-03-02 18:04:58,3525000,,False
2026-03-02 18:05:03,3550000,,False
2026-03-02 18:05:08,3575000,,False
2026-03-02 18:10:13,7000000,255.56772884922583,True
2026-03-02 18:10:19,7025000,,False
2026-03-02 18:10:24,7050000,,False
2026-03-02 18:10:29,3525000,,False
2026-03-02 18:10:34,3550000,,False
2026-03-02 18:10:39,3575000,,False
2026-03-02 18:15:44,7000000,253.26531687761118,True
2026-03-02 18:15:50,7025000,258.63761147804536,True
2026-03-02 18:15:55,7050000,,False
2026-03-02 18:16:00,3525000,,False
2026-03-02 18:16:05,3550000,,False
2026-03-02 18:16:10,3575000,,False
2026-03-02 18:21:16,7000000,,False
2026-03-02 18:21:21,7025000,,False
2026-03-02 18:21:27,7050000,,False
2026-03-02 18:21:32,3525000,,False
2026-03-02 18:21:37,3550000,,False
2026-03-02 18:21:42,3575000,,False
2026-03-02 18:26:47,7000000,258.63761147804536,True
2026-03-02 18:26:53,7025000,,False
2026-03-02 18:26:59,7050000,,False
2026-03-02 18:27:04,3525000,,False
2026-03-02 18:27:09,3550000,,False
2026-03-02 18:27:14,3575000,,False
2026-03-02 18:32:19,7000000,258.63761147804536,True
2026-03-02 18:32:24,7025000,,False
2026-03-02 18:32:30,7050000,,False
2026-03-02 18:32:35,3525000,,False
2026-03-02 18:32:41,3550000,,False
2026-03-02 18:32:46,3575000,,False
2026-03-02 18:37:51,7000000,,False
2026-03-02 18:37:56,7025000,252.4978462204063,True
2026-03-02 18:38:01,7050000,,False
2026-03-02 18:38:07,3525000,,False
2026-03-02 18:38:12,3550000,,False
2026-03-02 18:38:17,3575000,,False
2026-03-02 19:03:36,7000000,,False
2026-03-02 19:03:41,7025000,,False
2026-03-02 19:06:14,7000000,254.80025819202095,True
2026-03-02 19:06:19,7025000,255.56772884922583,True
2026-03-02 19:06:24,7050000,254.03278753481607,True
2026-03-02 19:06:29,3525000,,False
2026-03-02 19:06:34,3550000,,False
2026-03-02 19:06:40,3575000,,False
2026-03-02 19:11:45,7000000,,False
2026-03-02 19:11:50,7025000,263.24243542127465,True
2026-03-02 19:11:55,7050000,,False
2026-03-02 19:12:00,3525000,,False
2026-03-02 19:12:06,3550000,,False
2026-03-02 19:12:11,3575000,,False
2026-03-02 19:17:16,7000000,254.03278753481607,True
2026-03-02 19:17:21,7025000,256.33519950643074,True
2026-03-02 19:17:26,7050000,268.61473002170885,True
2026-03-02 19:17:32,3525000,,False
2026-03-02 19:17:37,3550000,,False
2026-03-02 19:17:42,3575000,,False
2026-03-02 19:22:47,7000000,254.80025819202095,True
2026-03-02 19:22:53,7025000,254.80025819202095,True
2026-03-02 19:22:58,7050000,254.03278753481607,True
2026-03-02 19:23:03,3525000,,False
2026-03-02 19:23:08,3550000,,False
2026-03-02 19:23:13,3575000,,False
2026-03-02 19:28:19,7000000,280.89426053698696,True
2026-03-02 19:28:24,7025000,256.33519950643074,True
2026-03-02 19:28:29,7050000,,False
2026-03-02 19:28:34,3525000,,False
2026-03-02 19:28:39,3550000,,False
2026-03-02 19:28:44,3575000,,False
2026-03-02 19:33:50,7000000,252.4978462204063,True
2026-03-02 19:33:55,7025000,248.66049293438192,True
2026-03-02 19:34:00,7050000,251.73037556320145,True
2026-03-02 19:34:05,3525000,,False
2026-03-02 19:34:10,3550000,,False
2026-03-02 19:34:16,3575000,,False
2026-03-02 19:39:21,7000000,248.66049293438192,True
2026-03-02 19:39:26,7025000,,False
2026-03-02 19:39:31,7050000,246.35808096276725,True
2026-03-02 19:39:36,3525000,,False
2026-03-02 19:39:41,3550000,,False
2026-03-02 19:39:47,3575000,,False
2026-03-02 19:44:52,7000000,,False
2026-03-02 19:44:57,7025000,,False
2026-03-02 19:45:02,7050000,,False
2026-03-02 19:45:08,3525000,,False
2026-03-02 19:45:13,3550000,,False
2026-03-02 19:45:18,3575000,,False
2026-03-02 19:50:23,7000000,253.26531687761118,True
2026-03-02 19:50:28,7025000,255.56772884922583,True
2026-03-02 19:50:34,7050000,,False
2026-03-02 19:50:39,3525000,,False
2026-03-02 19:50:44,3550000,,False
2026-03-02 19:50:49,3575000,,False
2026-03-02 19:55:54,7000000,253.26531687761118,True
2026-03-02 19:56:00,7025000,248.66049293438192,True
2026-03-02 19:56:05,7050000,,False
2026-03-02 19:56:10,3525000,,False
2026-03-02 19:56:15,3550000,,False
2026-03-02 19:56:20,3575000,,False
2026-03-02 20:01:26,7000000,254.03278753481607,True
2026-03-02 20:01:31,7025000,254.80025819202095,True
2026-03-02 20:01:36,7050000,,False
2026-03-02 20:01:41,3525000,,False
2026-03-02 20:01:46,3550000,,False
2026-03-02 20:01:51,3575000,,False
2026-03-02 20:06:57,7000000,254.03278753481607,True
2026-03-02 20:07:02,7025000,250.96290490599657,True
2026-03-02 20:07:07,7050000,255.56772884922583,True
2026-03-02 20:07:12,3525000,,False
2026-03-02 20:07:17,3550000,,False
2026-03-02 20:07:22,3575000,,False
2026-03-02 20:12:28,7000000,,False
2026-03-02 20:12:33,7025000,253.26531687761118,True
2026-03-02 20:12:38,7050000,250.96290490599657,True
2026-03-02 20:12:43,3525000,,False
2026-03-02 20:12:48,3550000,,False
2026-03-02 20:12:54,3575000,,False
2026-03-02 20:17:59,7000000,,False
2026-03-02 20:18:04,7025000,254.03278753481607,True
2026-03-02 20:18:09,7050000,,False
2026-03-02 20:18:14,3525000,,False
2026-03-02 20:18:20,3550000,,False
2026-03-02 20:18:25,3575000,,False
2026-03-02 20:23:30,7000000,,False
2026-03-02 20:23:35,7025000,257.1026701636356,True
2026-03-02 20:23:40,7050000,,False
2026-03-02 20:23:46,3525000,,False
2026-03-02 20:23:51,3550000,,False
2026-03-02 20:23:56,3575000,,False
2026-03-02 20:29:01,7000000,,False
2026-03-02 20:29:06,7025000,254.80025819202095,True
2026-03-02 20:29:12,7050000,,False
2026-03-02 20:29:17,3525000,,False
2026-03-02 20:29:22,3550000,,False
2026-03-02 20:29:27,3575000,,False
2026-03-02 20:34:32,7000000,257.8701408208405,True
2026-03-02 20:34:38,7025000,,False
2026-03-02 20:34:43,7050000,,False
2026-03-02 20:34:49,3525000,,False
2026-03-02 20:34:54,3550000,,False
2026-03-02 20:34:59,3575000,382.9678579452363,True
2026-03-02 20:40:04,7000000,258.63761147804536,True
2026-03-02 20:40:09,7025000,,False
2026-03-02 20:40:15,7050000,251.73037556320145,True
2026-03-02 20:40:20,3525000,,False
2026-03-02 20:40:25,3550000,,False
2026-03-02 20:40:31,3575000,,False
2026-03-02 20:45:36,7000000,256.33519950643074,True
2026-03-02 20:45:41,7025000,252.4978462204063,True
2026-03-02 20:45:47,7050000,,False
2026-03-02 20:45:52,3525000,,False
2026-03-02 20:45:57,3550000,,False
2026-03-02 20:46:03,3575000,,False
2026-03-02 20:51:08,7000000,257.8701408208405,True
2026-03-02 20:51:13,7025000,,False
2026-03-02 20:51:19,7050000,260.94002344966003,True
2026-03-02 20:51:24,3525000,,False
2026-03-02 20:51:29,3550000,,False
2026-03-02 20:51:34,3575000,,False
2026-03-02 20:56:40,7000000,257.8701408208405,True
2026-03-02 20:56:45,7025000,262.4749647640698,True
2026-03-02 20:56:50,7050000,,False
2026-03-02 20:56:55,3525000,,False
2026-03-02 20:57:00,3550000,,False
2026-03-02 20:57:06,3575000,,False
2026-03-02 21:02:11,7000000,260.94002344966003,True
2026-03-02 21:02:16,7025000,,False
2026-03-02 21:02:21,7050000,,False
2026-03-02 21:02:26,3525000,,False
2026-03-02 21:02:32,3550000,,False
2026-03-02 21:02:37,3575000,,False
2026-03-02 21:07:42,7000000,265.5448473928893,True
2026-03-02 21:07:47,7025000,259.40508213525027,True
2026-03-02 21:07:52,7050000,,False
2026-03-02 21:07:58,3525000,,False
2026-03-02 21:08:03,3550000,,False
2026-03-02 21:08:08,3575000,,False
2026-03-02 21:13:13,7000000,263.24243542127465,True
2026-03-02 21:13:18,7025000,263.24243542127465,True
2026-03-02 21:13:24,7050000,,False
2026-03-02 21:13:29,3525000,,False
2026-03-02 21:13:34,3550000,,False
2026-03-02 21:13:39,3575000,,False
2026-03-02 21:18:44,7000000,259.40508213525027,True
2026-03-02 21:18:50,7025000,,False
2026-03-02 21:18:55,7050000,,False
2026-03-02 21:19:00,3525000,,False
2026-03-02 21:19:05,3550000,352.269031657041,True
2026-03-02 21:19:10,3575000,,False
2026-03-02 21:24:16,7000000,257.1026701636356,True
2026-03-02 21:24:21,7025000,,False
2026-03-02 21:24:27,7050000,267.84725936450394,True
2026-03-02 21:24:32,3525000,,False
2026-03-02 21:24:37,3550000,,False
2026-03-02 21:24:42,3575000,,False
2026-03-02 21:29:47,7000000,259.40508213525027,True
2026-03-02 21:29:53,7025000,,False
2026-03-02 21:29:58,7050000,290.10390842344555,True
2026-03-02 21:30:04,3525000,,False
2026-03-02 21:30:09,3550000,,False
2026-03-02 21:30:14,3575000,,False
2026-03-02 21:35:19,7000000,,False
2026-03-02 21:35:24,7025000,,False
2026-03-02 21:35:30,7050000,255.56772884922583,True
2026-03-02 21:35:35,3525000,,False
2026-03-02 21:35:40,3550000,,False
2026-03-02 21:35:46,3575000,,False
2026-03-02 21:40:51,7000000,,False
2026-03-02 21:40:56,7025000,,False
2026-03-02 21:41:02,7050000,252.4978462204063,True
2026-03-02 21:41:07,3525000,,False
2026-03-02 21:41:12,3550000,,False
2026-03-02 21:41:17,3575000,,False
2026-03-02 21:46:23,7000000,256.33519950643074,True
2026-03-02 21:46:28,7025000,252.4978462204063,True
2026-03-02 21:46:33,7050000,,False
2026-03-02 21:46:38,3525000,,False
2026-03-02 21:46:43,3550000,,False
2026-03-02 21:46:49,3575000,,False
2026-03-02 21:51:54,7000000,,False
2026-03-02 21:51:59,7025000,250.19543424879168,True
2026-03-02 21:52:04,7050000,247.893022277177,True
2026-03-02 21:52:09,3525000,,False
2026-03-02 21:52:15,3550000,,False
2026-03-02 21:52:20,3575000,,False
2026-03-02 21:57:25,7000000,251.73037556320145,True
2026-03-02 21:57:30,7025000,251.73037556320145,True
2026-03-02 21:57:35,7050000,241.75325701953795,True
2026-03-02 21:57:40,3525000,,False
2026-03-02 21:57:46,3550000,,False
2026-03-02 21:57:51,3575000,,False
2026-03-02 22:02:56,7000000,263.24243542127465,True
2026-03-02 22:03:01,7025000,257.8701408208405,True
2026-03-02 22:03:06,7050000,250.96290490599657,True
2026-03-02 22:03:12,3525000,,False
2026-03-02 22:03:17,3550000,,False
2026-03-02 22:03:22,3575000,,False
2026-03-02 22:08:27,7000000,257.1026701636356,True
2026-03-02 22:08:32,7025000,254.80025819202095,True
2026-03-02 22:08:38,7050000,,False
2026-03-02 22:08:43,3525000,,False
2026-03-02 22:08:48,3550000,,False
2026-03-02 22:08:53,3575000,,False
2026-03-02 22:13:58,7000000,251.73037556320145,True
2026-03-02 22:14:04,7025000,260.94002344966003,True
2026-03-02 22:14:09,7050000,,False
2026-03-02 22:14:15,3525000,,False
2026-03-02 22:14:20,3550000,,False
2026-03-02 22:14:25,3575000,,False
2026-03-02 22:19:30,7000000,255.56772884922583,True
2026-03-02 22:19:35,7025000,,False
2026-03-02 22:19:41,7050000,,False
2026-03-02 22:19:46,3525000,,False
2026-03-02 22:19:52,3550000,,False
2026-03-02 22:19:57,3575000,,False
2026-03-02 22:25:02,7000000,253.26531687761118,True
2026-03-02 22:25:07,7025000,,False
2026-03-02 22:25:12,7050000,,False
2026-03-02 22:25:18,3525000,,False
2026-03-02 22:25:23,3550000,,False
2026-03-02 22:25:28,3575000,,False
2026-03-02 22:30:33,7000000,254.80025819202095,True
2026-03-02 22:30:38,7025000,,False
2026-03-02 22:30:44,7050000,,False
2026-03-02 22:30:49,3525000,,False
2026-03-02 22:30:54,3550000,,False
2026-03-02 22:30:59,3575000,307.75573353915786,True
2026-03-02 22:36:04,7000000,,False
2026-03-02 22:36:10,7025000,,False
2026-03-02 22:36:15,7050000,274.7544952793479,True
2026-03-02 22:36:20,3525000,,False
2026-03-02 22:36:25,3550000,,False
2026-03-02 22:36:30,3575000,,False
2026-03-02 22:41:35,7000000,248.66049293438192,True
2026-03-02 22:41:41,7025000,262.4749647640698,True
2026-03-02 22:41:47,7050000,,False
2026-03-02 22:41:52,3525000,,False
2026-03-02 22:41:57,3550000,,False
2026-03-02 22:42:02,3575000,,False
2026-03-02 22:47:07,7000000,270.91714199332347,True
2026-03-02 22:47:12,7025000,,False
2026-03-02 22:47:18,7050000,282.4292018513967,True
2026-03-02 22:47:24,3525000,,False
2026-03-02 22:47:29,3550000,,False
2026-03-02 22:47:34,3575000,,False
2026-03-02 22:52:39,7000000,250.19543424879168,True
2026-03-02 22:52:44,7025000,,False
2026-03-02 22:52:50,7050000,,False
2026-03-02 22:52:55,3525000,,False
2026-03-02 22:53:00,3550000,,False
2026-03-02 22:53:06,3575000,,False
2026-03-02 22:58:11,7000000,251.73037556320145,True
2026-03-02 22:58:16,7025000,,False
2026-03-02 22:58:22,7050000,,False
2026-03-02 22:58:27,3525000,,False
2026-03-02 22:58:32,3550000,,False
2026-03-02 22:58:37,3575000,,False
2026-03-02 23:03:43,7000000,260.94002344966003,True
2026-03-02 23:03:48,7025000,,False
2026-03-02 23:03:54,7050000,,False
2026-03-02 23:03:59,3525000,,False
2026-03-02 23:04:04,3550000,,False
2026-03-02 23:04:09,3575000,404.45703634697304,True
2026-03-02 23:09:14,7000000,269.3822006789137,True
2026-03-02 23:09:20,7025000,260.94002344966003,True
2026-03-02 23:09:25,7050000,254.03278753481607,True
2026-03-02 23:09:30,3525000,,False
2026-03-02 23:09:35,3550000,,False
2026-03-02 23:09:40,3575000,,False
2026-03-02 23:14:46,7000000,300.081026967109,True
2026-03-02 23:14:51,7025000,251.73037556320145,True
2026-03-02 23:14:56,7050000,,False
2026-03-02 23:15:01,3525000,,False
2026-03-02 23:15:06,3550000,,False
2026-03-02 23:15:11,3575000,440.5281572356025,True
2026-03-02 23:20:17,7000000,273.21955396493814,True
2026-03-02 23:20:22,7025000,277.82437790816743,True
2026-03-02 23:20:27,7050000,,False
2026-03-02 23:20:32,3525000,,False
2026-03-02 23:20:37,3550000,,False
2026-03-02 23:20:43,3575000,,False
2026-03-02 23:25:48,7000000,277.0569072509626,True
2026-03-02 23:25:53,7025000,,False
2026-03-02 23:25:58,7050000,262.4749647640698,True
2026-03-02 23:26:04,3525000,,False
2026-03-02 23:26:09,3550000,,False
2026-03-02 23:26:14,3575000,,False
2026-03-02 23:31:19,7000000,267.84725936450394,True
2026-03-02 23:31:24,7025000,,False
2026-03-02 23:31:30,7050000,,False
2026-03-02 23:31:35,3525000,,False
2026-03-02 23:31:40,3550000,,False
2026-03-02 23:31:45,3575000,,False
2026-03-02 23:36:50,7000000,269.3822006789137,True
2026-03-02 23:36:56,7025000,,False
2026-03-02 23:37:01,7050000,,False
2026-03-02 23:37:06,3525000,,False
2026-03-02 23:37:11,3550000,,False
2026-03-02 23:37:16,3575000,255.56772884922583,True
2026-03-02 23:42:22,7000000,278.59184856537235,True
2026-03-02 23:42:27,7025000,,False
2026-03-02 23:42:32,7050000,300.8484976243139,True
2026-03-02 23:42:37,3525000,,False
2026-03-02 23:42:42,3550000,,False
2026-03-02 23:42:47,3575000,,False
2026-03-02 23:47:53,7000000,,False
2026-03-02 23:47:58,7025000,267.84725936450394,True
2026-03-02 23:48:03,7050000,272.45208330773323,True
2026-03-02 23:48:08,3525000,,False
2026-03-02 23:48:13,3550000,,False
2026-03-02 23:48:18,3575000,,False
2026-03-02 23:53:24,7000000,286.2665551374211,True
2026-03-02 23:53:29,7025000,,False
2026-03-02 23:53:34,7050000,,False
2026-03-02 23:53:39,3525000,,False
2026-03-02 23:53:45,3550000,,False
2026-03-02 23:53:50,3575000,,False
2026-03-02 23:58:55,7000000,304.68585091033833,True
2026-03-02 23:59:00,7025000,264.7773767356844,True
2026-03-02 23:59:05,7050000,,False
2026-03-02 23:59:11,3525000,,False
2026-03-02 23:59:16,3550000,,False
2026-03-02 23:59:21,3575000,,False
