utc_times,frequencies_Hz,virtual_heights_km,echo_detected
2026-02-08 00:02:54,7000000,328.47744128368964,True
2026-02-08 00:02:54,7000000,328.47744128368964,True
2026-02-08 00:03:00,7025000,,False
2026-02-08 00:03:00,7025000,,False
2026-02-08 00:03:05,7050000,,False
2026-02-08 00:03:05,7050000,,False
2026-02-08 00:03:10,3525000,262.4749647640698,True
2026-02-08 00:03:10,3525000,262.4749647640698,True
2026-02-08 00:03:15,3550000,,False
2026-02-08 00:03:15,3550000,,False
2026-02-08 00:03:21,3575000,,False
2026-02-08 00:03:21,3575000,,False
2026-02-08 00:08:26,7000000,,False
2026-02-08 00:08:26,7000000,,False
2026-02-08 00:08:31,7025000,,False
2026-02-08 00:08:31,7025000,,False
2026-02-08 00:08:37,7050000,,False
2026-02-08 00:08:37,7050000,,False
2026-02-08 00:08:42,3525000,,False
2026-02-08 00:08:42,3525000,,False
2026-02-08 00:08:47,3550000,,False
2026-02-08 00:08:47,3550000,,False
2026-02-08 00:08:52,3575000,,False
2026-02-08 00:08:52,3575000,,False
2026-02-08 00:13:58,7000000,,False
2026-02-08 00:13:58,7000000,,False
2026-02-08 00:14:03,7025000,,False
2026-02-08 00:14:03,7025000,,False
2026-02-08 00:14:08,7050000,,False
2026-02-08 00:14:08,7050000,,False
2026-02-08 00:14:14,3525000,,False
2026-02-08 00:14:14,3525000,,False
2026-02-08 00:14:19,3550000,,False
2026-02-08 00:14:19,3550000,,False
2026-02-08 00:14:24,3575000,,False
2026-02-08 00:14:24,3575000,,False
2026-02-08 00:19:29,7000000,,False
2026-02-08 00:19:29,7000000,,False
2026-02-08 00:19:35,7025000,,False
2026-02-08 00:19:35,7025000,,False
2026-02-08 00:19:40,7050000,,False
2026-02-08 00:19:40,7050000,,False
2026-02-08 00:19:45,3525000,,False
2026-02-08 00:19:45,3525000,,False
2026-02-08 00:19:50,3550000,,False
2026-02-08 00:19:50,3550000,,False
2026-02-08 00:19:56,3575000,,False
2026-02-08 00:19:56,3575000,,False
2026-02-08 00:25:01,7000000,,False
2026-02-08 00:25:01,7000000,,False
2026-02-08 00:25:06,7025000,,False
2026-02-08 00:25:06,7025000,,False
2026-02-08 00:25:12,7050000,,False
2026-02-08 00:25:12,7050000,,False
2026-02-08 00:25:17,3525000,,False
2026-02-08 00:25:17,3525000,,False
2026-02-08 00:25:22,3550000,,False
2026-02-08 00:25:22,3550000,,False
2026-02-08 00:25:27,3575000,,False
2026-02-08 00:25:27,3575000,,False
2026-02-08 00:30:33,7000000,,False
2026-02-08 00:30:33,7000000,,False
2026-02-08 00:30:38,7025000,,False
2026-02-08 00:30:38,7025000,,False
2026-02-08 00:30:43,7050000,,False
2026-02-08 00:30:43,7050000,,False
2026-02-08 00:30:49,3525000,,False
2026-02-08 00:30:49,3525000,,False
2026-02-08 00:30:54,3550000,,False
2026-02-08 00:30:54,3550000,,False
2026-02-08 00:30:59,3575000,,False
2026-02-08 00:30:59,3575000,,False
2026-02-08 00:36:04,7000000,,False
2026-02-08 00:36:04,7000000,,False
2026-02-08 00:36:10,7025000,,False
2026-02-08 00:36:10,7025000,,False
2026-02-08 00:36:16,7050000,,False
2026-02-08 00:36:16,7050000,,False
2026-02-08 00:36:21,3525000,,False
2026-02-08 00:36:21,3525000,,False
2026-02-08 00:36:26,3550000,,False
2026-02-08 00:36:26,3550000,,False
2026-02-08 00:36:31,3575000,,False
2026-02-08 00:36:31,3575000,,False
2026-02-08 00:41:37,7000000,,False
2026-02-08 00:41:37,7000000,,False
2026-02-08 00:41:42,7025000,,False
2026-02-08 00:41:42,7025000,,False
2026-02-08 00:41:48,7050000,,False
2026-02-08 00:41:48,7050000,,False
2026-02-08 00:41:53,3525000,,False
2026-02-08 00:41:53,3525000,,False
2026-02-08 00:41:58,3550000,,False
2026-02-08 00:41:58,3550000,,False
2026-02-08 00:42:04,3575000,,False
2026-02-08 00:42:04,3575000,,False
2026-02-08 00:47:09,7000000,,False
2026-02-08 00:47:09,7000000,,False
2026-02-08 00:47:14,7025000,,False
2026-02-08 00:47:14,7025000,,False
2026-02-08 00:47:20,7050000,,False
2026-02-08 00:47:20,7050000,,False
2026-02-08 00:47:25,3525000,,False
2026-02-08 00:47:25,3525000,,False
2026-02-08 00:47:31,3550000,244.82313964835748,True
2026-02-08 00:47:31,3550000,244.82313964835748,True
2026-02-08 00:47:36,3575000,,False
2026-02-08 00:47:36,3575000,,False
2026-02-08 00:52:41,7000000,,False
2026-02-08 00:52:41,7000000,,False
2026-02-08 00:52:47,7025000,448.2028638076513,True
2026-02-08 00:52:47,7025000,448.2028638076513,True
2026-02-08 00:52:52,7050000,,False
2026-02-08 00:52:52,7050000,,False
2026-02-08 00:52:58,3525000,,False
2026-02-08 00:52:58,3525000,,False
2026-02-08 00:53:03,3550000,,False
2026-02-08 00:53:03,3550000,,False
2026-02-08 00:53:08,3575000,,False
2026-02-08 00:53:08,3575000,,False
2026-02-08 00:58:13,7000000,,False
2026-02-08 00:58:13,7000000,,False
2026-02-08 00:58:19,7025000,,False
2026-02-08 00:58:19,7025000,,False
2026-02-08 00:58:25,7050000,,False
2026-02-08 00:58:25,7050000,,False
2026-02-08 00:58:30,3525000,,False
2026-02-08 00:58:30,3525000,,False
2026-02-08 00:58:35,3550000,,False
2026-02-08 00:58:35,3550000,,False
2026-02-08 00:58:40,3575000,,False
2026-02-08 00:58:40,3575000,,False
2026-02-08 01:03:46,7000000,,False
2026-02-08 01:03:46,7000000,,False
2026-02-08 01:03:51,7025000,,False
2026-02-08 01:03:51,7025000,,False
2026-02-08 01:03:57,7050000,,False
2026-02-08 01:03:57,7050000,,False
2026-02-08 01:04:02,3525000,,False
2026-02-08 01:04:02,3525000,,False
2026-02-08 01:04:08,3550000,,False
2026-02-08 01:04:08,3550000,,False
2026-02-08 01:04:13,3575000,,False
2026-02-08 01:04:13,3575000,,False
2026-02-08 01:09:18,7000000,,False
2026-02-08 01:09:18,7000000,,False
2026-02-08 01:09:23,7025000,,False
2026-02-08 01:09:23,7025000,,False
2026-02-08 01:09:29,7050000,,False
2026-02-08 01:09:29,7050000,,False
2026-02-08 01:09:35,3525000,268.61473002170885,True
2026-02-08 01:09:35,3525000,268.61473002170885,True
2026-02-08 01:09:40,3550000,,False
2026-02-08 01:09:40,3550000,,False
2026-02-08 01:09:45,3575000,,False
2026-02-08 01:09:45,3575000,,False
2026-02-08 01:14:50,7000000,,False
2026-02-08 01:14:50,7000000,,False
2026-02-08 01:14:56,7025000,,False
2026-02-08 01:14:56,7025000,,False
2026-02-08 01:15:01,7050000,,False
2026-02-08 01:15:01,7050000,,False
2026-02-08 01:15:07,3525000,252.4978462204063,True
2026-02-08 01:15:07,3525000,252.4978462204063,True
2026-02-08 01:15:12,3550000,,False
2026-02-08 01:15:12,3550000,,False
2026-02-08 01:15:17,3575000,,False
2026-02-08 01:15:17,3575000,,False
2026-02-08 01:20:22,7000000,,False
2026-02-08 01:20:22,7000000,,False
2026-02-08 01:20:28,7025000,,False
2026-02-08 01:20:28,7025000,,False
2026-02-08 01:20:34,7050000,,False
2026-02-08 01:20:34,7050000,,False
2026-02-08 01:20:39,3525000,,False
2026-02-08 01:20:39,3525000,,False
2026-02-08 01:20:44,3550000,,False
2026-02-08 01:20:44,3550000,,False
2026-02-08 01:20:49,3575000,,False
2026-02-08 01:20:49,3575000,,False
2026-02-08 01:25:55,7000000,,False
2026-02-08 01:25:55,7000000,,False
2026-02-08 01:26:00,7025000,,False
2026-02-08 01:26:00,7025000,,False
2026-02-08 01:26:05,7050000,,False
2026-02-08 01:26:05,7050000,,False
2026-02-08 01:26:10,3525000,,False
2026-02-08 01:26:10,3525000,,False
2026-02-08 01:26:16,3550000,,False
2026-02-08 01:26:16,3550000,,False
2026-02-08 01:26:21,3575000,,False
2026-02-08 01:26:21,3575000,,False
2026-02-08 01:31:26,7000000,,False
2026-02-08 01:31:26,7000000,,False
2026-02-08 01:31:32,7025000,,False
2026-02-08 01:31:32,7025000,,False
2026-02-08 01:31:37,7050000,,False
2026-02-08 01:31:37,7050000,,False
2026-02-08 01:31:42,3525000,,False
2026-02-08 01:31:42,3525000,,False
2026-02-08 01:31:47,3550000,,False
2026-02-08 01:31:47,3550000,,False
2026-02-08 01:31:53,3575000,,False
2026-02-08 01:31:53,3575000,,False
2026-02-08 01:36:58,7000000,,False
2026-02-08 01:36:58,7000000,,False
2026-02-08 01:37:03,7025000,,False
2026-02-08 01:37:03,7025000,,False
2026-02-08 01:37:08,7050000,,False
2026-02-08 01:37:08,7050000,,False
2026-02-08 01:37:14,3525000,,False
2026-02-08 01:37:14,3525000,,False
2026-02-08 01:37:19,3550000,,False
2026-02-08 01:37:19,3550000,,False
2026-02-08 01:37:24,3575000,,False
2026-02-08 01:37:24,3575000,,False
2026-02-08 01:42:30,7000000,,False
2026-02-08 01:42:30,7000000,,False
2026-02-08 01:42:35,7025000,,False
2026-02-08 01:42:35,7025000,,False
2026-02-08 01:42:40,7050000,,False
2026-02-08 01:42:40,7050000,,False
2026-02-08 01:42:45,3525000,,False
2026-02-08 01:42:45,3525000,,False
2026-02-08 01:42:51,3550000,,False
2026-02-08 01:42:51,3550000,,False
2026-02-08 01:42:56,3575000,,False
2026-02-08 01:42:56,3575000,,False
2026-02-08 01:48:01,7000000,,False
2026-02-08 01:48:01,7000000,,False
2026-02-08 01:48:06,7025000,,False
2026-02-08 01:48:06,7025000,,False
2026-02-08 01:48:12,7050000,,False
2026-02-08 01:48:12,7050000,,False
2026-02-08 01:48:17,3525000,,False
2026-02-08 01:48:17,3525000,,False
2026-02-08 01:48:22,3550000,,False
2026-02-08 01:48:22,3550000,,False
2026-02-08 01:48:27,3575000,,False
2026-02-08 01:48:27,3575000,,False
2026-02-08 01:53:33,7000000,,False
2026-02-08 01:53:33,7000000,,False
2026-02-08 01:53:38,7025000,,False
2026-02-08 01:53:38,7025000,,False
2026-02-08 01:53:43,7050000,,False
2026-02-08 01:53:43,7050000,,False
2026-02-08 01:53:49,3525000,,False
2026-02-08 01:53:49,3525000,,False
2026-02-08 01:53:54,3550000,,False
2026-02-08 01:53:54,3550000,,False
2026-02-08 01:53:59,3575000,,False
2026-02-08 01:53:59,3575000,,False
2026-02-08 01:59:05,7000000,,False
2026-02-08 01:59:05,7000000,,False
2026-02-08 01:59:10,7025000,,False
2026-02-08 01:59:10,7025000,,False
2026-02-08 01:59:15,7050000,,False
2026-02-08 01:59:15,7050000,,False
2026-02-08 01:59:20,3525000,,False
2026-02-08 01:59:20,3525000,,False
2026-02-08 01:59:26,3550000,,False
2026-02-08 01:59:26,3550000,,False
2026-02-08 01:59:31,3575000,,False
2026-02-08 01:59:31,3575000,,False
2026-02-08 02:04:36,7000000,,False
2026-02-08 02:04:36,7000000,,False
2026-02-08 02:04:42,7025000,,False
2026-02-08 02:04:42,7025000,,False
2026-02-08 02:04:47,7050000,,False
2026-02-08 02:04:47,7050000,,False
2026-02-08 02:04:52,3525000,,False
2026-02-08 02:04:52,3525000,,False
2026-02-08 02:04:57,3550000,,False
2026-02-08 02:04:57,3550000,,False
2026-02-08 02:05:03,3575000,,False
2026-02-08 02:05:03,3575000,,False
2026-02-08 02:10:08,7000000,,False
2026-02-08 02:10:08,7000000,,False
2026-02-08 02:10:13,7025000,,False
2026-02-08 02:10:13,7025000,,False
2026-02-08 02:10:18,7050000,,False
2026-02-08 02:10:18,7050000,,False
2026-02-08 02:10:24,3525000,,False
2026-02-08 02:10:24,3525000,,False
2026-02-08 02:10:29,3550000,,False
2026-02-08 02:10:29,3550000,,False
2026-02-08 02:10:34,3575000,,False
2026-02-08 02:10:34,3575000,,False
2026-02-08 02:15:40,7000000,,False
2026-02-08 02:15:40,7000000,,False
2026-02-08 02:15:45,7025000,,False
2026-02-08 02:15:45,7025000,,False
2026-02-08 02:15:50,7050000,,False
2026-02-08 02:15:50,7050000,,False
2026-02-08 02:15:55,3525000,,False
2026-02-08 02:15:55,3525000,,False
2026-02-08 02:16:01,3550000,,False
2026-02-08 02:16:01,3550000,,False
2026-02-08 02:16:06,3575000,,False
2026-02-08 02:16:06,3575000,,False
2026-02-08 02:21:11,7000000,,False
2026-02-08 02:21:11,7000000,,False
2026-02-08 02:21:17,7025000,,False
2026-02-08 02:21:17,7025000,,False
2026-02-08 02:21:22,7050000,,False
2026-02-08 02:21:22,7050000,,False
2026-02-08 02:21:27,3525000,,False
2026-02-08 02:21:27,3525000,,False
2026-02-08 02:21:32,3550000,,False
2026-02-08 02:21:32,3550000,,False
2026-02-08 02:21:38,3575000,,False
2026-02-08 02:21:38,3575000,,False
2026-02-08 02:26:43,7000000,,False
2026-02-08 02:26:43,7000000,,False
2026-02-08 02:26:48,7025000,,False
2026-02-08 02:26:48,7025000,,False
2026-02-08 02:26:53,7050000,,False
2026-02-08 02:26:53,7050000,,False
2026-02-08 02:26:59,3525000,,False
2026-02-08 02:26:59,3525000,,False
2026-02-08 02:27:04,3550000,,False
2026-02-08 02:27:04,3550000,,False
2026-02-08 02:27:09,3575000,,False
2026-02-08 02:27:09,3575000,,False
2026-02-08 02:32:14,7000000,,False
2026-02-08 02:32:14,7000000,,False
2026-02-08 02:32:20,7025000,,False
2026-02-08 02:32:20,7025000,,False
2026-02-08 02:32:25,7050000,,False
2026-02-08 02:32:25,7050000,,False
2026-02-08 02:32:30,3525000,,False
2026-02-08 02:32:30,3525000,,False
2026-02-08 02:32:36,3550000,,False
2026-02-08 02:32:36,3550000,,False
2026-02-08 02:32:41,3575000,,False
2026-02-08 02:32:41,3575000,,False
2026-02-08 02:37:46,7000000,,False
2026-02-08 02:37:46,7000000,,False
2026-02-08 02:37:51,7025000,,False
2026-02-08 02:37:51,7025000,,False
2026-02-08 02:37:57,7050000,,False
2026-02-08 02:37:57,7050000,,False
2026-02-08 02:38:02,3525000,,False
2026-02-08 02:38:02,3525000,,False
2026-02-08 02:38:07,3550000,,False
2026-02-08 02:38:07,3550000,,False
2026-02-08 02:38:12,3575000,,False
2026-02-08 02:38:12,3575000,,False
2026-02-08 02:43:18,7000000,,False
2026-02-08 02:43:18,7000000,,False
2026-02-08 02:43:23,7025000,,False
2026-02-08 02:43:23,7025000,,False
2026-02-08 02:43:29,7050000,,False
2026-02-08 02:43:29,7050000,,False
2026-02-08 02:43:34,3525000,406.7594483185877,True
2026-02-08 02:43:34,3525000,406.7594483185877,True
2026-02-08 02:43:39,3550000,,False
2026-02-08 02:43:39,3550000,,False
2026-02-08 02:43:45,3575000,,False
2026-02-08 02:43:45,3575000,,False
2026-02-08 02:48:50,7000000,,False
2026-02-08 02:48:50,7000000,,False
2026-02-08 02:48:55,7025000,,False
2026-02-08 02:48:55,7025000,,False
2026-02-08 02:49:01,7050000,,False
2026-02-08 02:49:01,7050000,,False
2026-02-08 02:49:06,3525000,,False
2026-02-08 02:49:06,3525000,,False
2026-02-08 02:49:11,3550000,,False
2026-02-08 02:49:11,3550000,,False
2026-02-08 02:49:16,3575000,,False
2026-02-08 02:49:16,3575000,,False
2026-02-08 02:54:22,7000000,,False
2026-02-08 02:54:22,7000000,,False
2026-02-08 02:54:27,7025000,,False
2026-02-08 02:54:27,7025000,,False
2026-02-08 02:54:32,7050000,,False
2026-02-08 02:54:32,7050000,,False
2026-02-08 02:54:38,3525000,,False
2026-02-08 02:54:38,3525000,,False
2026-02-08 02:54:43,3550000,,False
2026-02-08 02:54:43,3550000,,False
2026-02-08 02:54:48,3575000,,False
2026-02-08 02:54:48,3575000,,False
2026-02-08 02:59:53,7000000,,False
2026-02-08 02:59:53,7000000,,False
2026-02-08 02:59:59,7025000,,False
2026-02-08 02:59:59,7025000,,False
2026-02-08 03:00:04,7050000,,False
2026-02-08 03:00:04,7050000,,False
2026-02-08 03:00:09,3525000,,False
2026-02-08 03:00:09,3525000,,False
2026-02-08 03:00:14,3550000,,False
2026-02-08 03:00:14,3550000,,False
2026-02-08 03:00:20,3575000,,False
2026-02-08 03:00:20,3575000,,False
2026-02-08 03:05:25,7000000,,False
2026-02-08 03:05:25,7000000,,False
2026-02-08 03:05:30,7025000,,False
2026-02-08 03:05:30,7025000,,False
2026-02-08 03:05:36,7050000,,False
2026-02-08 03:05:36,7050000,,False
2026-02-08 03:05:41,3525000,,False
2026-02-08 03:05:41,3525000,,False
2026-02-08 03:05:46,3550000,,False
2026-02-08 03:05:46,3550000,,False
2026-02-08 03:05:51,3575000,242.52072767674284,True
2026-02-08 03:05:51,3575000,242.52072767674284,True
2026-02-08 03:10:57,7000000,,False
2026-02-08 03:10:57,7000000,,False
2026-02-08 03:11:02,7025000,,False
2026-02-08 03:11:02,7025000,,False
2026-02-08 03:11:07,7050000,,False
2026-02-08 03:11:07,7050000,,False
2026-02-08 03:11:13,3525000,247.893022277177,True
2026-02-08 03:11:13,3525000,247.893022277177,True
2026-02-08 03:11:18,3550000,,False
2026-02-08 03:11:18,3550000,,False
2026-02-08 03:11:23,3575000,,False
2026-02-08 03:11:23,3575000,,False
2026-02-08 03:16:28,7000000,,False
2026-02-08 03:16:28,7000000,,False
2026-02-08 03:16:34,7025000,,False
2026-02-08 03:16:34,7025000,,False
2026-02-08 03:16:39,7050000,,False
2026-02-08 03:16:39,7050000,,False
2026-02-08 03:16:44,3525000,,False
2026-02-08 03:16:44,3525000,,False
2026-02-08 03:16:50,3550000,,False
2026-02-08 03:16:50,3550000,,False
2026-02-08 03:16:55,3575000,,False
2026-02-08 03:16:55,3575000,,False
2026-02-08 03:22:00,7000000,,False
2026-02-08 03:22:00,7000000,,False
2026-02-08 03:22:05,7025000,,False
2026-02-08 03:22:05,7025000,,False
2026-02-08 03:22:11,7050000,,False
2026-02-08 03:22:11,7050000,,False
2026-02-08 03:22:16,3525000,354.57144362865563,True
2026-02-08 03:22:16,3525000,354.57144362865563,True
2026-02-08 03:22:21,3550000,,False
2026-02-08 03:22:21,3550000,,False
2026-02-08 03:22:26,3575000,,False
2026-02-08 03:22:26,3575000,,False
2026-02-08 03:27:32,7000000,,False
2026-02-08 03:27:32,7000000,,False
2026-02-08 03:27:37,7025000,,False
2026-02-08 03:27:37,7025000,,False
2026-02-08 03:27:43,7050000,,False
2026-02-08 03:27:43,7050000,,False
2026-02-08 03:27:48,3525000,,False
2026-02-08 03:27:48,3525000,,False
2026-02-08 03:27:53,3550000,,False
2026-02-08 03:27:53,3550000,,False
2026-02-08 03:27:59,3575000,382.9678579452363,True
2026-02-08 03:27:59,3575000,382.9678579452363,True
2026-02-08 03:33:04,7000000,,False
2026-02-08 03:33:04,7000000,,False
2026-02-08 03:33:09,7025000,,False
2026-02-08 03:33:09,7025000,,False
2026-02-08 03:33:15,7050000,,False
2026-02-08 03:33:15,7050000,,False
2026-02-08 03:33:20,3525000,,False
2026-02-08 03:33:20,3525000,,False
2026-02-08 03:33:26,3550000,,False
2026-02-08 03:33:26,3550000,,False
2026-02-08 03:33:31,3575000,,False
2026-02-08 03:33:31,3575000,,False
2026-02-08 03:38:36,7000000,,False
2026-02-08 03:38:36,7000000,,False
2026-02-08 03:38:42,7025000,,False
2026-02-08 03:38:42,7025000,,False
2026-02-08 03:38:47,7050000,,False
2026-02-08 03:38:47,7050000,,False
2026-02-08 03:38:52,3525000,,False
2026-02-08 03:38:52,3525000,,False
2026-02-08 03:38:57,3550000,,False
2026-02-08 03:38:57,3550000,,False
2026-02-08 03:39:03,3575000,,False
2026-02-08 03:39:03,3575000,,False
2026-02-08 03:44:08,7000000,,False
2026-02-08 03:44:08,7000000,,False
2026-02-08 03:44:13,7025000,,False
2026-02-08 03:44:13,7025000,,False
2026-02-08 03:44:19,7050000,,False
2026-02-08 03:44:19,7050000,,False
2026-02-08 03:44:24,3525000,,False
2026-02-08 03:44:24,3525000,,False
2026-02-08 03:44:29,3550000,,False
2026-02-08 03:44:29,3550000,,False
2026-02-08 03:44:34,3575000,,False
2026-02-08 03:44:34,3575000,,False
2026-02-08 03:49:40,7000000,,False
2026-02-08 03:49:40,7000000,,False
2026-02-08 03:49:45,7025000,,False
2026-02-08 03:49:45,7025000,,False
2026-02-08 03:49:50,7050000,,False
2026-02-08 03:49:50,7050000,,False
2026-02-08 03:49:55,3525000,,False
2026-02-08 03:49:55,3525000,,False
2026-02-08 03:50:01,3550000,,False
2026-02-08 03:50:01,3550000,,False
2026-02-08 03:50:06,3575000,,False
2026-02-08 03:50:06,3575000,,False
2026-02-08 03:55:11,7000000,,False
2026-02-08 03:55:11,7000000,,False
2026-02-08 03:55:17,7025000,,False
2026-02-08 03:55:17,7025000,,False
2026-02-08 03:55:22,7050000,,False
2026-02-08 03:55:22,7050000,,False
2026-02-08 03:55:27,3525000,,False
2026-02-08 03:55:27,3525000,,False
2026-02-08 03:55:32,3550000,,False
2026-02-08 03:55:32,3550000,,False
2026-02-08 03:55:38,3575000,,False
2026-02-08 03:55:38,3575000,,False
2026-02-08 04:00:43,7000000,,False
2026-02-08 04:00:43,7000000,,False
2026-02-08 04:00:48,7025000,,False
2026-02-08 04:00:48,7025000,,False
2026-02-08 04:00:54,7050000,,False
2026-02-08 04:00:54,7050000,,False
2026-02-08 04:00:59,3525000,352.269031657041,True
2026-02-08 04:00:59,3525000,352.269031657041,True
2026-02-08 04:01:04,3550000,,False
2026-02-08 04:01:04,3550000,,False
2026-02-08 04:01:09,3575000,,False
2026-02-08 04:01:09,3575000,,False
2026-02-08 04:06:15,7000000,,False
2026-02-08 04:06:15,7000000,,False
2026-02-08 04:06:20,7025000,,False
2026-02-08 04:06:20,7025000,,False
2026-02-08 04:06:25,7050000,,False
2026-02-08 04:06:25,7050000,,False
2026-02-08 04:06:31,3525000,,False
2026-02-08 04:06:31,3525000,,False
2026-02-08 04:06:36,3550000,,False
2026-02-08 04:06:36,3550000,,False
2026-02-08 04:06:41,3575000,,False
2026-02-08 04:06:41,3575000,,False
2026-02-08 04:11:46,7000000,,False
2026-02-08 04:11:46,7000000,,False
2026-02-08 04:11:52,7025000,,False
2026-02-08 04:11:52,7025000,,False
2026-02-08 04:11:57,7050000,,False
2026-02-08 04:11:57,7050000,,False
2026-02-08 04:12:02,3525000,377.59556334480214,True
2026-02-08 04:12:02,3525000,377.5955633448021,True
2026-02-08 04:12:07,3550000,,False
2026-02-08 04:12:07,3550000,,False
2026-02-08 04:12:13,3575000,359.176267571885,True
2026-02-08 04:12:13,3575000,359.176267571885,True
2026-02-08 04:17:18,7000000,,False
2026-02-08 04:17:18,7000000,,False
2026-02-08 04:17:23,7025000,,False
2026-02-08 04:17:23,7025000,,False
2026-02-08 04:17:29,7050000,,False
2026-02-08 04:17:29,7050000,,False
2026-02-08 04:17:34,3525000,,False
2026-02-08 04:17:34,3525000,,False
2026-02-08 04:17:39,3550000,,False
2026-02-08 04:17:39,3550000,,False
2026-02-08 04:17:44,3575000,,False
2026-02-08 04:17:44,3575000,,False
2026-02-08 04:22:50,7000000,,False
2026-02-08 04:22:50,7000000,,False
2026-02-08 04:22:55,7025000,,False
2026-02-08 04:22:55,7025000,,False
2026-02-08 04:23:00,7050000,,False
2026-02-08 04:23:00,7050000,,False
2026-02-08 04:23:06,3525000,,False
2026-02-08 04:23:06,3525000,,False
2026-02-08 04:23:11,3550000,,False
2026-02-08 04:23:11,3550000,,False
2026-02-08 04:23:16,3575000,,False
2026-02-08 04:23:16,3575000,,False
2026-02-08 04:28:21,7000000,,False
2026-02-08 04:28:21,7000000,,False
2026-02-08 04:28:27,7025000,,False
2026-02-08 04:28:27,7025000,,False
2026-02-08 04:28:32,7050000,,False
2026-02-08 04:28:32,7050000,,False
2026-02-08 04:28:37,3525000,336.9196185129434,True
2026-02-08 04:28:37,3525000,336.9196185129434,True
2026-02-08 04:28:43,3550000,,False
2026-02-08 04:28:43,3550000,,False
2026-02-08 04:28:48,3575000,280.1267898797821,True
2026-02-08 04:28:48,3575000,280.1267898797821,True
2026-02-08 04:33:53,7000000,,False
2026-02-08 04:33:53,7000000,,False
2026-02-08 04:33:58,7025000,,False
2026-02-08 04:33:58,7025000,,False
2026-02-08 04:34:04,7050000,,False
2026-02-08 04:34:04,7050000,,False
2026-02-08 04:34:09,3525000,,False
2026-02-08 04:34:09,3525000,,False
2026-02-08 04:34:14,3550000,,False
2026-02-08 04:34:14,3550000,,False
2026-02-08 04:34:19,3575000,,False
2026-02-08 04:34:19,3575000,,False
2026-02-08 04:39:25,7000000,,False
2026-02-08 04:39:25,7000000,,False
2026-02-08 04:39:30,7025000,,False
2026-02-08 04:39:30,7025000,,False
2026-02-08 04:39:35,7050000,,False
2026-02-08 04:39:35,7050000,,False
2026-02-08 04:39:41,3525000,,False
2026-02-08 04:39:41,3525000,,False
2026-02-08 04:39:46,3550000,,False
2026-02-08 04:39:46,3550000,,False
2026-02-08 04:39:51,3575000,,False
2026-02-08 04:39:51,3575000,,False
2026-02-08 04:44:57,7000000,,False
2026-02-08 04:44:57,7000000,,False
2026-02-08 04:45:02,7025000,,False
2026-02-08 04:45:02,7025000,,False
2026-02-08 04:45:07,7050000,,False
2026-02-08 04:45:07,7050000,,False
2026-02-08 04:45:12,3525000,,False
2026-02-08 04:45:12,3525000,,False
2026-02-08 04:45:18,3550000,,False
2026-02-08 04:45:18,3550000,,False
2026-02-08 04:45:23,3575000,,False
2026-02-08 04:45:23,3575000,,False
2026-02-08 04:50:28,7000000,,False
2026-02-08 04:50:28,7000000,,False
2026-02-08 04:50:33,7025000,,False
2026-02-08 04:50:33,7025000,,False
2026-02-08 04:50:39,7050000,,False
2026-02-08 04:50:39,7050000,,False
2026-02-08 04:50:44,3525000,,False
2026-02-08 04:50:44,3525000,,False
2026-02-08 04:50:49,3550000,,False
2026-02-08 04:50:49,3550000,,False
2026-02-08 04:50:54,3575000,,False
2026-02-08 04:50:54,3575000,,False
2026-02-08 04:56:00,7000000,,False
2026-02-08 04:56:00,7000000,,False
2026-02-08 04:56:05,7025000,,False
2026-02-08 04:56:05,7025000,,False
2026-02-08 04:56:10,7050000,,False
2026-02-08 04:56:10,7050000,,False
2026-02-08 04:56:16,3525000,,False
2026-02-08 04:56:16,3525000,,False
2026-02-08 04:56:21,3550000,,False
2026-02-08 04:56:21,3550000,,False
2026-02-08 04:56:26,3575000,,False
2026-02-08 04:56:26,3575000,,False
2026-02-08 05:01:31,7000000,,False
2026-02-08 05:01:31,7000000,,False
2026-02-08 05:01:37,7025000,,False
2026-02-08 05:01:37,7025000,,False
2026-02-08 05:01:42,7050000,,False
2026-02-08 05:01:42,7050000,,False
2026-02-08 05:01:47,3525000,,False
2026-02-08 05:01:47,3525000,,False
2026-02-08 05:01:52,3550000,326.175029312075,True
2026-02-08 05:01:52,3550000,326.175029312075,True
2026-02-08 05:01:58,3575000,,False
2026-02-08 05:01:58,3575000,,False
2026-02-08 05:07:03,7000000,,False
2026-02-08 05:07:03,7000000,,False
2026-02-08 05:07:08,7025000,,False
2026-02-08 05:07:08,7025000,,False
2026-02-08 05:07:14,7050000,,False
2026-02-08 05:07:14,7050000,,False
2026-02-08 05:07:19,3525000,,False
2026-02-08 05:07:19,3525000,,False
2026-02-08 05:07:24,3550000,,False
2026-02-08 05:07:24,3550000,,False
2026-02-08 05:07:29,3575000,359.176267571885,True
2026-02-08 05:07:29,3575000,359.176267571885,True
2026-02-08 05:12:35,7000000,,False
2026-02-08 05:12:35,7000000,,False
2026-02-08 05:12:40,7025000,,False
2026-02-08 05:12:40,7025000,,False
2026-02-08 05:12:45,7050000,,False
2026-02-08 05:12:45,7050000,,False
2026-02-08 05:12:51,3525000,334.6172065413287,True
2026-02-08 05:12:51,3525000,334.6172065413287,True
2026-02-08 05:12:56,3550000,,False
2026-02-08 05:12:56,3550000,,False
2026-02-08 05:13:01,3575000,352.269031657041,True
2026-02-08 05:13:01,3575000,352.269031657041,True
2026-02-08 05:18:06,7000000,,False
2026-02-08 05:18:06,7000000,,False
2026-02-08 05:18:12,7025000,,False
2026-02-08 05:18:12,7025000,,False
2026-02-08 05:18:17,7050000,,False
2026-02-08 05:18:17,7050000,,False
2026-02-08 05:18:22,3525000,,False
2026-02-08 05:18:22,3525000,,False
2026-02-08 05:18:28,3550000,,False
2026-02-08 05:18:28,3550000,,False
2026-02-08 05:18:33,3575000,,False
2026-02-08 05:18:33,3575000,,False
2026-02-08 05:23:38,7000000,,False
2026-02-08 05:23:38,7000000,,False
2026-02-08 05:23:43,7025000,,False
2026-02-08 05:23:43,7025000,,False
2026-02-08 05:23:49,7050000,,False
2026-02-08 05:23:49,7050000,,False
2026-02-08 05:23:54,3525000,,False
2026-02-08 05:23:54,3525000,,False
2026-02-08 05:23:59,3550000,369.9208567727533,True
2026-02-08 05:23:59,3550000,369.9208567727533,True
2026-02-08 05:24:04,3575000,,False
2026-02-08 05:24:04,3575000,,False
2026-02-08 05:29:10,7000000,,False
2026-02-08 05:29:10,7000000,,False
2026-02-08 05:29:15,7025000,,False
2026-02-08 05:29:15,7025000,,False
2026-02-08 05:29:21,7050000,,False
2026-02-08 05:29:21,7050000,,False
2026-02-08 05:29:26,3525000,366.0835034867289,True
2026-02-08 05:29:26,3525000,366.0835034867289,True
2026-02-08 05:29:31,3550000,,False
2026-02-08 05:29:31,3550000,,False
2026-02-08 05:29:37,3575000,,False
2026-02-08 05:29:37,3575000,,False
2026-02-08 05:34:42,7000000,,False
2026-02-08 05:34:42,7000000,,False
2026-02-08 05:34:47,7025000,,False
2026-02-08 05:34:47,7025000,,False
2026-02-08 05:34:53,7050000,,False
2026-02-08 05:34:53,7050000,,False
2026-02-08 05:34:58,3525000,356.8738556002703,True
2026-02-08 05:34:58,3525000,356.8738556002703,True
2026-02-08 05:35:03,3550000,,False
2026-02-08 05:35:03,3550000,,False
2026-02-08 05:35:08,3575000,,False
2026-02-08 05:35:08,3575000,,False
2026-02-08 05:40:14,7000000,,False
2026-02-08 05:40:14,7000000,,False
2026-02-08 05:40:19,7025000,,False
2026-02-08 05:40:19,7025000,,False
2026-02-08 05:40:24,7050000,,False
2026-02-08 05:40:24,7050000,,False
2026-02-08 05:40:30,3525000,,False
2026-02-08 05:40:30,3525000,,False
2026-02-08 05:40:35,3550000,,False
2026-02-08 05:40:35,3550000,,False
2026-02-08 05:40:40,3575000,,False
2026-02-08 05:40:40,3575000,,False
2026-02-08 05:45:45,7000000,,False
2026-02-08 05:45:45,7000000,,False
2026-02-08 05:45:51,7025000,,False
2026-02-08 05:45:51,7025000,,False
2026-02-08 05:45:56,7050000,,False
2026-02-08 05:45:56,7050000,,False
2026-02-08 05:46:01,3525000,355.33891428586054,True
2026-02-08 05:46:01,3525000,355.33891428586054,True
2026-02-08 05:46:07,3550000,,False
2026-02-08 05:46:07,3550000,,False
2026-02-08 05:46:12,3575000,,False
2026-02-08 05:46:12,3575000,,False
2026-02-08 05:51:17,7000000,,False
2026-02-08 05:51:17,7000000,,False
2026-02-08 05:51:23,7025000,,False
2026-02-08 05:51:23,7025000,,False
2026-02-08 05:51:28,7050000,,False
2026-02-08 05:51:28,7050000,,False
2026-02-08 05:51:33,3525000,,False
2026-02-08 05:51:33,3525000,,False
2026-02-08 05:51:38,3550000,,False
2026-02-08 05:51:38,3550000,,False
2026-02-08 05:51:43,3575000,,False
2026-02-08 05:51:43,3575000,,False
2026-02-08 05:56:49,7000000,,False
2026-02-08 05:56:49,7000000,,False
2026-02-08 05:56:54,7025000,,False
2026-02-08 05:56:54,7025000,,False
2026-02-08 05:56:59,7050000,,False
2026-02-08 05:56:59,7050000,,False
2026-02-08 05:57:05,3525000,330.7798532553043,True
2026-02-08 05:57:05,3525000,330.7798532553043,True
2026-02-08 05:57:10,3550000,,False
2026-02-08 05:57:10,3550000,,False
2026-02-08 05:57:15,3575000,,False
2026-02-08 05:57:15,3575000,,False
2026-02-08 06:02:21,7000000,,False
2026-02-08 06:02:21,7000000,,False
2026-02-08 06:02:26,7025000,,False
2026-02-08 06:02:26,7025000,,False
2026-02-08 06:02:31,7050000,,False
2026-02-08 06:02:31,7050000,,False
2026-02-08 06:02:36,3525000,,False
2026-02-08 06:02:36,3525000,,False
2026-02-08 06:02:42,3550000,,False
2026-02-08 06:02:42,3550000,,False
2026-02-08 06:02:47,3575000,,False
2026-02-08 06:02:47,3575000,,False
2026-02-08 06:07:52,7000000,,False
2026-02-08 06:07:52,7000000,,False
2026-02-08 06:07:58,7025000,,False
2026-02-08 06:07:58,7025000,,False
2026-02-08 06:08:03,7050000,,False
2026-02-08 06:08:03,7050000,,False
2026-02-08 06:08:08,3525000,328.47744128368964,True
2026-02-08 06:08:08,3525000,328.47744128368964,True
2026-02-08 06:08:13,3550000,,False
2026-02-08 06:08:13,3550000,,False
2026-02-08 06:08:19,3575000,,False
2026-02-08 06:08:19,3575000,,False
2026-02-08 06:13:24,7000000,,False
2026-02-08 06:13:24,7000000,,False
2026-02-08 06:13:29,7025000,,False
2026-02-08 06:13:29,7025000,,False
2026-02-08 06:13:34,7050000,,False
2026-02-08 06:13:34,7050000,,False
2026-02-08 06:13:40,3525000,,False
2026-02-08 06:13:40,3525000,,False
2026-02-08 06:13:45,3550000,,False
2026-02-08 06:13:45,3550000,,False
2026-02-08 06:13:50,3575000,,False
2026-02-08 06:13:50,3575000,,False
2026-02-08 06:18:56,7000000,,False
2026-02-08 06:18:56,7000000,,False
2026-02-08 06:19:01,7025000,,False
2026-02-08 06:19:01,7025000,,False
2026-02-08 06:19:06,7050000,,False
2026-02-08 06:19:06,7050000,,False
2026-02-08 06:19:11,3525000,307.75573353915786,True
2026-02-08 06:19:11,3525000,307.75573353915786,True
2026-02-08 06:19:17,3550000,,False
2026-02-08 06:19:17,3550000,,False
2026-02-08 06:19:22,3575000,357.64132625747516,True
2026-02-08 06:19:22,3575000,357.6413262574752,True
2026-02-08 06:24:27,7000000,,False
2026-02-08 06:24:27,7000000,,False
2026-02-08 06:24:33,7025000,,False
2026-02-08 06:24:33,7025000,,False
2026-02-08 06:24:38,7050000,,False
2026-02-08 06:24:38,7050000,,False
2026-02-08 06:24:43,3525000,,False
2026-02-08 06:24:43,3525000,,False
2026-02-08 06:24:48,3550000,,False
2026-02-08 06:24:48,3550000,,False
2026-02-08 06:24:54,3575000,,False
2026-02-08 06:24:54,3575000,,False
2026-02-08 06:29:59,7000000,,False
2026-02-08 06:29:59,7000000,,False
2026-02-08 06:30:04,7025000,,False
2026-02-08 06:30:04,7025000,,False
2026-02-08 06:30:10,7050000,,False
2026-02-08 06:30:10,7050000,,False
2026-02-08 06:30:15,3525000,,False
2026-02-08 06:30:15,3525000,,False
2026-02-08 06:30:20,3550000,369.1533861155484,True
2026-02-08 06:30:20,3550000,369.1533861155484,True
2026-02-08 06:30:25,3575000,,False
2026-02-08 06:30:25,3575000,,False
2026-02-08 06:35:31,7000000,,False
2026-02-08 06:35:31,7000000,,False
2026-02-08 06:35:36,7025000,,False
2026-02-08 06:35:36,7025000,,False
2026-02-08 06:35:41,7050000,,False
2026-02-08 06:35:41,7050000,,False
2026-02-08 06:35:46,3525000,,False
2026-02-08 06:35:46,3525000,,False
2026-02-08 06:35:52,3550000,,False
2026-02-08 06:35:52,3550000,,False
2026-02-08 06:35:57,3575000,342.2919131133776,True
2026-02-08 06:35:57,3575000,342.2919131133776,True
2026-02-08 06:41:02,7000000,,False
2026-02-08 06:41:02,7000000,,False
2026-02-08 06:41:08,7025000,,False
2026-02-08 06:41:08,7025000,,False
2026-02-08 06:41:13,7050000,,False
2026-02-08 06:41:13,7050000,,False
2026-02-08 06:41:18,3525000,,False
2026-02-08 06:41:18,3525000,,False
2026-02-08 06:41:23,3550000,,False
2026-02-08 06:41:23,3550000,,False
2026-02-08 06:41:29,3575000,,False
2026-02-08 06:41:29,3575000,,False
2026-02-08 06:46:34,7000000,,False
2026-02-08 06:46:34,7000000,,False
2026-02-08 06:46:39,7025000,,False
2026-02-08 06:46:39,7025000,,False
2026-02-08 06:46:45,7050000,,False
2026-02-08 06:46:45,7050000,,False
2026-02-08 06:46:50,3525000,374.5256807159826,True
2026-02-08 06:46:50,3525000,374.5256807159826,True
2026-02-08 06:46:55,3550000,,False
2026-02-08 06:46:55,3550000,,False
2026-02-08 06:47:00,3575000,,False
2026-02-08 06:47:00,3575000,,False
2026-02-08 06:52:06,7000000,,False
2026-02-08 06:52:06,7000000,,False
2026-02-08 06:52:11,7025000,,False
2026-02-08 06:52:11,7025000,,False
2026-02-08 06:52:16,7050000,,False
2026-02-08 06:52:16,7050000,,False
2026-02-08 06:52:21,3525000,,False
2026-02-08 06:52:21,3525000,,False
2026-02-08 06:52:27,3550000,,False
2026-02-08 06:52:27,3550000,,False
2026-02-08 06:52:32,3575000,,False
2026-02-08 06:52:32,3575000,,False
2026-02-08 06:57:37,7000000,,False
2026-02-08 06:57:37,7000000,,False
2026-02-08 06:57:43,7025000,,False
2026-02-08 06:57:43,7025000,,False
2026-02-08 06:57:48,7050000,,False
2026-02-08 06:57:48,7050000,,False
2026-02-08 06:57:53,3525000,,False
2026-02-08 06:57:53,3525000,,False
2026-02-08 06:57:58,3550000,,False
2026-02-08 06:57:58,3550000,,False
2026-02-08 06:58:04,3575000,,False
2026-02-08 06:58:04,3575000,,False
2026-02-08 07:03:09,7000000,,False
2026-02-08 07:03:09,7000000,,False
2026-02-08 07:03:14,7025000,,False
2026-02-08 07:03:14,7025000,,False
2026-02-08 07:03:20,7050000,,False
2026-02-08 07:03:20,7050000,,False
2026-02-08 07:03:25,3525000,356.8738556002703,True
2026-02-08 07:03:25,3525000,356.8738556002703,True
2026-02-08 07:03:30,3550000,,False
2026-02-08 07:03:30,3550000,,False
2026-02-08 07:03:35,3575000,,False
2026-02-08 07:03:35,3575000,,False
2026-02-08 07:08:41,7000000,,False
2026-02-08 07:08:41,7000000,,False
2026-02-08 07:08:46,7025000,,False
2026-02-08 07:08:46,7025000,,False
2026-02-08 07:08:52,7050000,,False
2026-02-08 07:08:52,7050000,,False
2026-02-08 07:08:57,3525000,,False
2026-02-08 07:08:57,3525000,,False
2026-02-08 07:09:02,3550000,,False
2026-02-08 07:09:02,3550000,,False
2026-02-08 07:09:08,3575000,,False
2026-02-08 07:09:08,3575000,,False
2026-02-08 07:14:13,7000000,,False
2026-02-08 07:14:13,7000000,,False
2026-02-08 07:14:18,7025000,,False
2026-02-08 07:14:18,7025000,,False
2026-02-08 07:14:24,7050000,,False
2026-02-08 07:14:24,7050000,,False
2026-02-08 07:14:29,3525000,,False
2026-02-08 07:14:29,3525000,,False
2026-02-08 07:14:35,3550000,,False
2026-02-08 07:14:35,3550000,,False
2026-02-08 07:14:40,3575000,,False
2026-02-08 07:14:40,3575000,,False
2026-02-08 07:19:45,7000000,,False
2026-02-08 07:19:45,7000000,,False
2026-02-08 07:19:51,7025000,,False
2026-02-08 07:19:51,7025000,,False
2026-02-08 07:19:56,7050000,,False
2026-02-08 07:19:56,7050000,,False
2026-02-08 07:20:01,3525000,355.33891428586054,True
2026-02-08 07:20:01,3525000,355.33891428586054,True
2026-02-08 07:20:06,3550000,,False
2026-02-08 07:20:06,3550000,,False
2026-02-08 07:20:12,3575000,,False
2026-02-08 07:20:12,3575000,,False
2026-02-08 07:25:17,7000000,,False
2026-02-08 07:25:17,7000000,,False
2026-02-08 07:25:22,7025000,,False
2026-02-08 07:25:22,7025000,,False
2026-02-08 07:25:28,7050000,,False
2026-02-08 07:25:28,7050000,,False
2026-02-08 07:25:33,3525000,362.2461502007045,True
2026-02-08 07:25:33,3525000,362.2461502007045,True
2026-02-08 07:25:38,3550000,,False
2026-02-08 07:25:38,3550000,,False
2026-02-08 07:25:44,3575000,,False
2026-02-08 07:25:44,3575000,,False
2026-02-08 07:30:49,7000000,,False
2026-02-08 07:30:49,7000000,,False
2026-02-08 07:30:54,7025000,,False
2026-02-08 07:30:54,7025000,,False
2026-02-08 07:31:00,7050000,,False
2026-02-08 07:31:00,7050000,,False
2026-02-08 07:31:06,3525000,,False
2026-02-08 07:31:06,3525000,,False
2026-02-08 07:31:11,3550000,,False
2026-02-08 07:31:11,3550000,,False
2026-02-08 07:31:16,3575000,,False
2026-02-08 07:31:16,3575000,,False
2026-02-08 07:36:21,7000000,,False
2026-02-08 07:36:21,7000000,,False
2026-02-08 07:36:27,7025000,,False
2026-02-08 07:36:27,7025000,,False
2026-02-08 07:36:32,7050000,,False
2026-02-08 07:36:32,7050000,,False
2026-02-08 07:36:38,3525000,,False
2026-02-08 07:36:38,3525000,,False
2026-02-08 07:36:43,3550000,,False
2026-02-08 07:36:43,3550000,,False
2026-02-08 07:36:48,3575000,,False
2026-02-08 07:36:48,3575000,,False
2026-02-08 07:41:53,7000000,,False
2026-02-08 07:41:53,7000000,,False
2026-02-08 07:41:59,7025000,,False
2026-02-08 07:41:59,7025000,,False
2026-02-08 07:42:05,7050000,,False
2026-02-08 07:42:05,7050000,,False
2026-02-08 07:42:10,3525000,324.6400879976652,True
2026-02-08 07:42:10,3525000,324.6400879976652,True
2026-02-08 07:42:15,3550000,,False
2026-02-08 07:42:15,3550000,,False
2026-02-08 07:42:20,3575000,340.7569717989678,True
2026-02-08 07:42:20,3575000,340.7569717989678,True
2026-02-08 07:47:26,7000000,,False
2026-02-08 07:47:26,7000000,,False
2026-02-08 07:47:31,7025000,,False
2026-02-08 07:47:31,7025000,,False
2026-02-08 07:47:36,7050000,,False
2026-02-08 07:47:36,7050000,,False
2026-02-08 07:47:42,3525000,343.82685442778734,True
2026-02-08 07:47:42,3525000,343.82685442778734,True
2026-02-08 07:47:47,3550000,,False
2026-02-08 07:47:47,3550000,,False
2026-02-08 07:47:52,3575000,,False
2026-02-08 07:47:52,3575000,,False
2026-02-08 07:52:57,7000000,,False
2026-02-08 07:52:57,7000000,,False
2026-02-08 07:53:03,7025000,,False
2026-02-08 07:53:03,7025000,,False
2026-02-08 07:53:08,7050000,,False
2026-02-08 07:53:08,7050000,,False
2026-02-08 07:53:13,3525000,,False
2026-02-08 07:53:13,3525000,,False
2026-02-08 07:53:18,3550000,,False
2026-02-08 07:53:18,3550000,,False
2026-02-08 07:53:24,3575000,,False
2026-02-08 07:53:24,3575000,,False
2026-02-08 07:58:29,7000000,,False
2026-02-08 07:58:29,7000000,,False
2026-02-08 07:58:34,7025000,,False
2026-02-08 07:58:34,7025000,,False
2026-02-08 07:58:40,7050000,,False
2026-02-08 07:58:40,7050000,,False
2026-02-08 07:58:45,3525000,329.24491194089455,True
2026-02-08 07:58:45,3525000,329.2449119408945,True
2026-02-08 07:58:50,3550000,,False
2026-02-08 07:58:50,3550000,,False
2026-02-08 07:58:55,3575000,,False
2026-02-08 07:58:55,3575000,,False
2026-02-08 08:04:01,7000000,,False
2026-02-08 08:04:01,7000000,,False
2026-02-08 08:04:06,7025000,,False
2026-02-08 08:04:06,7025000,,False
2026-02-08 08:04:11,7050000,,False
2026-02-08 08:04:11,7050000,,False
2026-02-08 08:04:17,3525000,339.9895011417629,True
2026-02-08 08:04:17,3525000,339.9895011417629,True
2026-02-08 08:04:22,3550000,,False
2026-02-08 08:04:22,3550000,,False
2026-02-08 08:04:27,3575000,303.9183802531334,True
2026-02-08 08:04:27,3575000,303.9183802531334,True
2026-02-08 08:09:32,7000000,,False
2026-02-08 08:09:32,7000000,,False
2026-02-08 08:09:38,7025000,,False
2026-02-08 08:09:38,7025000,,False
2026-02-08 08:09:43,7050000,,False
2026-02-08 08:09:43,7050000,,False
2026-02-08 08:09:48,3525000,,False
2026-02-08 08:09:48,3525000,,False
2026-02-08 08:09:54,3550000,,False
2026-02-08 08:09:54,3550000,,False
2026-02-08 08:09:59,3575000,,False
2026-02-08 08:09:59,3575000,,False
2026-02-08 08:15:04,7000000,,False
2026-02-08 08:15:04,7000000,,False
2026-02-08 08:15:09,7025000,,False
2026-02-08 08:15:09,7025000,,False
2026-02-08 08:15:15,7050000,,False
2026-02-08 08:15:15,7050000,,False
2026-02-08 08:15:20,3525000,398.317271089334,True
2026-02-08 08:15:20,3525000,398.317271089334,True
2026-02-08 08:15:25,3550000,,False
2026-02-08 08:15:25,3550000,,False
2026-02-08 08:15:30,3575000,,False
2026-02-08 08:15:30,3575000,,False
2026-02-08 08:20:36,7000000,,False
2026-02-08 08:20:36,7000000,,False
2026-02-08 08:20:41,7025000,,False
2026-02-08 08:20:41,7025000,,False
2026-02-08 08:20:46,7050000,,False
2026-02-08 08:20:46,7050000,,False
2026-02-08 08:20:52,3525000,,False
2026-02-08 08:20:52,3525000,,False
2026-02-08 08:20:57,3550000,,False
2026-02-08 08:20:57,3550000,,False
2026-02-08 08:21:02,3575000,380.66544597362173,True
2026-02-08 08:21:02,3575000,380.6654459736217,True
2026-02-08 08:26:07,7000000,,False
2026-02-08 08:26:07,7000000,,False
2026-02-08 08:26:13,7025000,,False
2026-02-08 08:26:13,7025000,,False
2026-02-08 08:26:18,7050000,,False
2026-02-08 08:26:18,7050000,,False
2026-02-08 08:26:23,3525000,440.5281572356025,True
2026-02-08 08:26:23,3525000,440.5281572356025,True
2026-02-08 08:26:29,3550000,,False
2026-02-08 08:26:29,3550000,,False
2026-02-08 08:26:34,3575000,,False
2026-02-08 08:26:34,3575000,,False
2026-02-08 08:31:39,7000000,,False
2026-02-08 08:31:39,7000000,,False
2026-02-08 08:31:45,7025000,,False
2026-02-08 08:31:45,7025000,,False
2026-02-08 08:31:50,7050000,,False
2026-02-08 08:31:50,7050000,,False
2026-02-08 08:31:55,3525000,335.3846771985336,True
2026-02-08 08:31:55,3525000,335.3846771985336,True
2026-02-08 08:32:00,3550000,,False
2026-02-08 08:32:00,3550000,,False
2026-02-08 08:32:06,3575000,,False
2026-02-08 08:32:06,3575000,,False
2026-02-08 08:37:11,7000000,,False
2026-02-08 08:37:11,7000000,,False
2026-02-08 08:37:16,7025000,,False
2026-02-08 08:37:16,7025000,,False
2026-02-08 08:37:21,7050000,,False
2026-02-08 08:37:21,7050000,,False
2026-02-08 08:37:27,3525000,,False
2026-02-08 08:37:27,3525000,,False
2026-02-08 08:37:32,3550000,,False
2026-02-08 08:37:32,3550000,,False
2026-02-08 08:37:37,3575000,366.8509741439338,True
2026-02-08 08:37:37,3575000,366.8509741439338,True
2026-02-08 08:42:42,7000000,,False
2026-02-08 08:42:42,7000000,,False
2026-02-08 08:42:48,7025000,,False
2026-02-08 08:42:48,7025000,,False
2026-02-08 08:42:53,7050000,,False
2026-02-08 08:42:53,7050000,,False
2026-02-08 08:42:58,3525000,376.8280926875973,True
2026-02-08 08:42:58,3525000,376.8280926875973,True
2026-02-08 08:43:03,3550000,,False
2026-02-08 08:43:03,3550000,,False
2026-02-08 08:43:09,3575000,,False
2026-02-08 08:43:09,3575000,,False
2026-02-08 08:48:14,7000000,,False
2026-02-08 08:48:14,7000000,,False
2026-02-08 08:48:19,7025000,,False
2026-02-08 08:48:19,7025000,,False
2026-02-08 08:48:25,7050000,,False
2026-02-08 08:48:25,7050000,,False
2026-02-08 08:48:30,3525000,,False
2026-02-08 08:48:30,3525000,,False
2026-02-08 08:48:35,3550000,356.1063849430654,True
2026-02-08 08:48:35,3550000,356.1063849430654,True
2026-02-08 08:48:40,3575000,,False
2026-02-08 08:48:40,3575000,,False
2026-02-08 08:53:46,7000000,,False
2026-02-08 08:53:46,7000000,,False
2026-02-08 08:53:51,7025000,,False
2026-02-08 08:53:51,7025000,,False
2026-02-08 08:53:56,7050000,,False
2026-02-08 08:53:56,7050000,,False
2026-02-08 08:54:02,3525000,376.8280926875973,True
2026-02-08 08:54:02,3525000,376.8280926875973,True
2026-02-08 08:54:07,3550000,,False
2026-02-08 08:54:07,3550000,,False
2026-02-08 08:54:12,3575000,,False
2026-02-08 08:54:12,3575000,,False
2026-02-08 08:59:17,7000000,,False
2026-02-08 08:59:17,7000000,,False
2026-02-08 08:59:23,7025000,,False
2026-02-08 08:59:23,7025000,,False
2026-02-08 08:59:28,7050000,,False
2026-02-08 08:59:28,7050000,,False
2026-02-08 08:59:33,3525000,,False
2026-02-08 08:59:33,3525000,,False
2026-02-08 08:59:38,3550000,,False
2026-02-08 08:59:38,3550000,,False
2026-02-08 08:59:44,3575000,,False
2026-02-08 08:59:44,3575000,,False
2026-02-08 09:04:49,7000000,,False
2026-02-08 09:04:49,7000000,,False
2026-02-08 09:04:54,7025000,,False
2026-02-08 09:04:54,7025000,,False
2026-02-08 09:05:00,7050000,,False
2026-02-08 09:05:00,7050000,,False
2026-02-08 09:05:05,3525000,385.27026991685096,True
2026-02-08 09:05:05,3525000,385.27026991685096,True
2026-02-08 09:05:10,3550000,369.9208567727533,True
2026-02-08 09:05:10,3550000,369.9208567727533,True
2026-02-08 09:05:15,3575000,,False
2026-02-08 09:05:15,3575000,,False
2026-02-08 09:10:21,7000000,,False
2026-02-08 09:10:21,7000000,,False
2026-02-08 09:10:26,7025000,,False
2026-02-08 09:10:26,7025000,,False
2026-02-08 09:10:31,7050000,,False
2026-02-08 09:10:31,7050000,,False
2026-02-08 09:10:37,3525000,,False
2026-02-08 09:10:37,3525000,,False
2026-02-08 09:10:42,3550000,379.1305046592119,True
2026-02-08 09:10:42,3550000,379.1305046592119,True
2026-02-08 09:10:47,3575000,,False
2026-02-08 09:10:47,3575000,,False
2026-02-08 09:15:52,7000000,,False
2026-02-08 09:15:52,7000000,,False
2026-02-08 09:15:58,7025000,,False
2026-02-08 09:15:58,7025000,,False
2026-02-08 09:16:03,7050000,,False
2026-02-08 09:16:03,7050000,,False
2026-02-08 09:16:08,3525000,419.8064494910707,True
2026-02-08 09:16:08,3525000,419.8064494910707,True
2026-02-08 09:16:13,3550000,359.176267571885,True
2026-02-08 09:16:13,3550000,359.176267571885,True
2026-02-08 09:16:19,3575000,,False
2026-02-08 09:16:19,3575000,,False
2026-02-08 09:21:24,7000000,,False
2026-02-08 09:21:24,7000000,,False
2026-02-08 09:21:29,7025000,,False
2026-02-08 09:21:29,7025000,,False
2026-02-08 09:21:35,7050000,,False
2026-02-08 09:21:35,7050000,,False
2026-02-08 09:21:40,3525000,415.96909620504624,True
2026-02-08 09:21:40,3525000,415.96909620504624,True
2026-02-08 09:21:45,3550000,381.4329166308266,True
2026-02-08 09:21:45,3550000,381.4329166308266,True
2026-02-08 09:21:50,3575000,,False
2026-02-08 09:21:50,3575000,,False
2026-02-08 09:26:56,7000000,,False
2026-02-08 09:26:56,7000000,,False
2026-02-08 09:27:01,7025000,,False
2026-02-08 09:27:01,7025000,,False
2026-02-08 09:27:06,7050000,,False
2026-02-08 09:27:06,7050000,,False
2026-02-08 09:27:12,3525000,391.41003517449,True
2026-02-08 09:27:12,3525000,391.41003517449,True
2026-02-08 09:27:17,3550000,349.9666196854264,True
2026-02-08 09:27:17,3550000,349.9666196854264,True
2026-02-08 09:27:22,3575000,,False
2026-02-08 09:27:22,3575000,,False
2026-02-08 09:32:27,7000000,,False
2026-02-08 09:32:27,7000000,,False
2026-02-08 09:32:33,7025000,,False
2026-02-08 09:32:33,7025000,,False
2026-02-08 09:32:38,7050000,,False
2026-02-08 09:32:38,7050000,,False
2026-02-08 09:32:43,3525000,,False
2026-02-08 09:32:43,3525000,,False
2026-02-08 09:32:48,3550000,351.5015609998361,True
2026-02-08 09:32:48,3550000,351.5015609998361,True
2026-02-08 09:32:54,3575000,,False
2026-02-08 09:32:54,3575000,,False
2026-02-08 09:37:59,7000000,,False
2026-02-08 09:37:59,7000000,,False
2026-02-08 09:38:04,7025000,,False
2026-02-08 09:38:04,7025000,,False
2026-02-08 09:38:10,7050000,,False
2026-02-08 09:38:10,7050000,,False
2026-02-08 09:38:15,3525000,389.87509386008026,True
2026-02-08 09:38:15,3525000,389.87509386008026,True
2026-02-08 09:38:20,3550000,,False
2026-02-08 09:38:20,3550000,,False
2026-02-08 09:38:25,3575000,,False
2026-02-08 09:38:25,3575000,,False
2026-02-08 09:43:31,7000000,,False
2026-02-08 09:43:31,7000000,,False
2026-02-08 09:43:36,7025000,,False
2026-02-08 09:43:36,7025000,,False
2026-02-08 09:43:41,7050000,,False
2026-02-08 09:43:41,7050000,,False
2026-02-08 09:43:47,3525000,,False
2026-02-08 09:43:47,3525000,,False
2026-02-08 09:43:52,3550000,363.78109151511427,True
2026-02-08 09:43:52,3550000,363.7810915151143,True
2026-02-08 09:43:57,3575000,314.6629694540018,True
2026-02-08 09:43:57,3575000,314.6629694540018,True
2026-02-08 09:49:02,7000000,,False
2026-02-08 09:49:02,7000000,,False
2026-02-08 09:49:08,7025000,,False
2026-02-08 09:49:08,7025000,,False
2026-02-08 09:49:14,7050000,,False
2026-02-08 09:49:14,7050000,,False
2026-02-08 09:49:19,3525000,,False
2026-02-08 09:49:19,3525000,,False
2026-02-08 09:49:24,3550000,356.1063849430654,True
2026-02-08 09:49:24,3550000,356.1063849430654,True
2026-02-08 09:49:29,3575000,318.5003227400262,True
2026-02-08 09:49:29,3575000,318.5003227400262,True
2026-02-08 09:54:35,7000000,,False
2026-02-08 09:54:35,7000000,,False
2026-02-08 09:54:40,7025000,,False
2026-02-08 09:54:40,7025000,,False
2026-02-08 09:54:45,7050000,,False
2026-02-08 09:54:45,7050000,,False
2026-02-08 09:54:51,3525000,330.0123825980994,True
2026-02-08 09:54:51,3525000,330.0123825980994,True
2026-02-08 09:54:56,3550000,333.84973588412385,True
2026-02-08 09:54:56,3550000,333.84973588412385,True
2026-02-08 09:55:01,3575000,,False
2026-02-08 09:55:01,3575000,,False
2026-02-08 10:00:06,7000000,,False
2026-02-08 10:00:06,7000000,,False
2026-02-08 10:00:12,7025000,,False
2026-02-08 10:00:12,7025000,,False
2026-02-08 10:00:17,7050000,,False
2026-02-08 10:00:17,7050000,,False
2026-02-08 10:00:22,3525000,299.31355630990413,True
2026-02-08 10:00:22,3525000,299.31355630990413,True
2026-02-08 10:00:28,3550000,322.3376760260506,True
2026-02-08 10:00:28,3550000,322.3376760260506,True
2026-02-08 10:00:33,3575000,,False
2026-02-08 10:00:33,3575000,,False
2026-02-08 10:05:38,7000000,,False
2026-02-08 10:05:38,7000000,,False
2026-02-08 10:05:43,7025000,,False
2026-02-08 10:05:43,7025000,,False
2026-02-08 10:05:49,7050000,,False
2026-02-08 10:05:49,7050000,,False
2026-02-08 10:05:54,3525000,,False
2026-02-08 10:05:54,3525000,,False
2026-02-08 10:05:59,3550000,300.081026967109,True
2026-02-08 10:05:59,3550000,300.081026967109,True
2026-02-08 10:06:04,3575000,323.10514668325544,True
2026-02-08 10:06:04,3575000,323.10514668325544,True
2026-02-08 10:11:10,7000000,,False
2026-02-08 10:11:10,7000000,,False
2026-02-08 10:11:15,7025000,,False
2026-02-08 10:11:15,7025000,,False
2026-02-08 10:11:20,7050000,,False
2026-02-08 10:11:20,7050000,,False
2026-02-08 10:11:26,3525000,270.1496713361186,True
2026-02-08 10:11:26,3525000,270.1496713361186,True
2026-02-08 10:11:31,3550000,287.8014964518309,True
2026-02-08 10:11:31,3550000,287.8014964518309,True
2026-02-08 10:11:36,3575000,234.84602110469402,True
2026-02-08 10:11:36,3575000,234.846021104694,True
2026-02-08 10:16:42,7000000,,False
2026-02-08 10:16:42,7000000,,False
2026-02-08 10:16:47,7025000,,False
2026-02-08 10:16:47,7025000,,False
2026-02-08 10:16:52,7050000,,False
2026-02-08 10:16:52,7050000,,False
2026-02-08 10:16:57,3525000,271.6846126505284,True
2026-02-08 10:16:57,3525000,271.6846126505284,True
2026-02-08 10:17:03,3550000,268.61473002170885,True
2026-02-08 10:17:03,3550000,268.61473002170885,True
2026-02-08 10:17:08,3575000,,False
2026-02-08 10:17:08,3575000,,False
2026-02-08 10:22:13,7000000,,False
2026-02-08 10:22:13,7000000,,False
2026-02-08 10:22:19,7025000,,False
2026-02-08 10:22:19,7025000,,False
2026-02-08 10:22:24,7050000,,False
2026-02-08 10:22:24,7050000,,False
2026-02-08 10:22:29,3525000,280.1267898797821,True
2026-02-08 10:22:29,3525000,280.1267898797821,True
2026-02-08 10:22:34,3550000,281.6617311941919,True
2026-02-08 10:22:34,3550000,281.6617311941919,True
2026-02-08 10:22:40,3575000,,False
2026-02-08 10:22:40,3575000,,False
2026-02-08 10:27:45,7000000,,False
2026-02-08 10:27:45,7000000,,False
2026-02-08 10:27:50,7025000,,False
2026-02-08 10:27:50,7025000,,False
2026-02-08 10:27:55,7050000,,False
2026-02-08 10:27:55,7050000,,False
2026-02-08 10:28:01,3525000,267.84725936450394,True
2026-02-08 10:28:01,3525000,267.84725936450394,True
2026-02-08 10:28:06,3550000,255.56772884922583,True
2026-02-08 10:28:06,3550000,255.56772884922583,True
2026-02-08 10:28:11,3575000,,False
2026-02-08 10:28:11,3575000,,False
2026-02-08 10:33:17,7000000,,False
2026-02-08 10:33:17,7000000,,False
2026-02-08 10:33:22,7025000,,False
2026-02-08 10:33:22,7025000,,False
2026-02-08 10:33:27,7050000,,False
2026-02-08 10:33:27,7050000,,False
2026-02-08 10:33:32,3525000,262.4749647640698,True
2026-02-08 10:33:32,3525000,262.4749647640698,True
2026-02-08 10:33:38,3550000,,False
2026-02-08 10:33:38,3550000,,False
2026-02-08 10:33:43,3575000,,False
2026-02-08 10:33:43,3575000,,False
2026-02-08 10:38:48,7000000,,False
2026-02-08 10:38:48,7000000,,False
2026-02-08 10:38:54,7025000,,False
2026-02-08 10:38:54,7025000,,False
2026-02-08 10:38:59,7050000,,False
2026-02-08 10:38:59,7050000,,False
2026-02-08 10:39:04,3525000,256.33519950643074,True
2026-02-08 10:39:04,3525000,256.33519950643074,True
2026-02-08 10:39:09,3550000,255.56772884922583,True
2026-02-08 10:39:09,3550000,255.56772884922583,True
2026-02-08 10:39:15,3575000,244.0556689911526,True
2026-02-08 10:39:15,3575000,244.0556689911526,True
2026-02-08 10:44:20,7000000,,False
2026-02-08 10:44:20,7000000,,False
2026-02-08 10:44:25,7025000,,False
2026-02-08 10:44:25,7025000,,False
2026-02-08 10:44:31,7050000,,False
2026-02-08 10:44:31,7050000,,False
2026-02-08 10:44:36,3525000,279.3593192225772,True
2026-02-08 10:44:36,3525000,279.3593192225772,True
2026-02-08 10:44:41,3550000,247.12555161997213,True
2026-02-08 10:44:41,3550000,247.12555161997213,True
2026-02-08 10:44:46,3575000,,False
2026-02-08 10:44:46,3575000,,False
2026-02-08 10:49:52,7000000,,False
2026-02-08 10:49:52,7000000,,False
2026-02-08 10:49:57,7025000,,False
2026-02-08 10:49:57,7025000,,False
2026-02-08 10:50:02,7050000,,False
2026-02-08 10:50:02,7050000,,False
2026-02-08 10:50:07,3525000,245.59061030556236,True
2026-02-08 10:50:07,3525000,245.5906103055624,True
2026-02-08 10:50:13,3550000,,False
2026-02-08 10:50:13,3550000,,False
2026-02-08 10:50:18,3575000,,False
2026-02-08 10:50:18,3575000,,False
2026-02-08 10:55:23,7000000,,False
2026-02-08 10:55:23,7000000,,False
2026-02-08 10:55:29,7025000,,False
2026-02-08 10:55:29,7025000,,False
2026-02-08 10:55:34,7050000,,False
2026-02-08 10:55:34,7050000,,False
2026-02-08 10:55:39,3525000,230.24119716146475,True
2026-02-08 10:55:39,3525000,230.24119716146473,True
2026-02-08 10:55:44,3550000,267.84725936450394,True
2026-02-08 10:55:44,3550000,267.84725936450394,True
2026-02-08 10:55:50,3575000,,False
2026-02-08 10:55:50,3575000,,False
2026-02-08 11:00:55,7000000,,False
2026-02-08 11:00:55,7000000,,False
2026-02-08 11:01:00,7025000,,False
2026-02-08 11:01:00,7025000,,False
2026-02-08 11:01:05,7050000,,False
2026-02-08 11:01:05,7050000,,False
2026-02-08 11:01:11,3525000,280.89426053698696,True
2026-02-08 11:01:11,3525000,280.89426053698696,True
2026-02-08 11:01:16,3550000,,False
2026-02-08 11:01:16,3550000,,False
2026-02-08 11:01:21,3575000,,False
2026-02-08 11:01:21,3575000,,False
2026-02-08 11:06:27,7000000,,False
2026-02-08 11:06:27,7000000,,False
2026-02-08 11:06:32,7025000,,False
2026-02-08 11:06:32,7025000,,False
2026-02-08 11:06:37,7050000,,False
2026-02-08 11:06:37,7050000,,False
2026-02-08 11:06:42,3525000,391.41003517449,True
2026-02-08 11:06:42,3525000,391.41003517449,True
2026-02-08 11:06:48,3550000,,False
2026-02-08 11:06:48,3550000,,False
2026-02-08 11:06:53,3575000,,False
2026-02-08 11:06:53,3575000,,False
2026-02-08 11:11:58,7000000,,False
2026-02-08 11:11:58,7000000,,False
2026-02-08 11:12:04,7025000,,False
2026-02-08 11:12:04,7025000,,False
2026-02-08 11:12:09,7050000,,False
2026-02-08 11:12:09,7050000,,False
2026-02-08 11:12:14,3525000,,False
2026-02-08 11:12:14,3525000,,False
2026-02-08 11:12:19,3550000,232.54360913307937,True
2026-02-08 11:12:19,3550000,232.54360913307937,True
2026-02-08 11:12:25,3575000,,False
2026-02-08 11:12:25,3575000,,False
2026-02-08 11:17:30,7000000,,False
2026-02-08 11:17:30,7000000,,False
2026-02-08 11:17:35,7025000,,False
2026-02-08 11:17:35,7025000,,False
2026-02-08 11:17:41,7050000,,False
2026-02-08 11:17:41,7050000,,False
2026-02-08 11:17:46,3525000,357.64132625747516,True
2026-02-08 11:17:46,3525000,357.6413262574752,True
2026-02-08 11:17:51,3550000,,False
2026-02-08 11:17:51,3550000,,False
2026-02-08 11:17:56,3575000,,False
2026-02-08 11:17:56,3575000,,False
2026-02-08 11:23:02,7000000,,False
2026-02-08 11:23:02,7000000,,False
2026-02-08 11:23:07,7025000,,False
2026-02-08 11:23:07,7025000,,False
2026-02-08 11:23:12,7050000,,False
2026-02-08 11:23:12,7050000,,False
2026-02-08 11:23:17,3525000,,False
2026-02-08 11:23:17,3525000,,False
2026-02-08 11:23:23,3550000,327.7099706264848,True
2026-02-08 11:23:23,3550000,327.7099706264848,True
2026-02-08 11:23:28,3575000,379.1305046592119,True
2026-02-08 11:23:28,3575000,379.1305046592119,True
2026-02-08 11:28:33,7000000,,False
2026-02-08 11:28:33,7000000,,False
2026-02-08 11:28:39,7025000,,False
2026-02-08 11:28:39,7025000,,False
2026-02-08 11:28:44,7050000,,False
2026-02-08 11:28:44,7050000,,False
2026-02-08 11:28:49,3525000,333.08226522691893,True
2026-02-08 11:28:49,3525000,333.08226522691893,True
2026-02-08 11:28:54,3550000,366.8509741439338,True
2026-02-08 11:28:54,3550000,366.8509741439338,True
2026-02-08 11:29:00,3575000,334.6172065413287,True
2026-02-08 11:29:00,3575000,334.6172065413287,True
2026-02-08 11:34:05,7000000,,False
2026-02-08 11:34:05,7000000,,False
2026-02-08 11:34:10,7025000,,False
2026-02-08 11:34:10,7025000,,False
2026-02-08 11:34:16,7050000,,False
2026-02-08 11:34:16,7050000,,False
2026-02-08 11:34:21,3525000,,False
2026-02-08 11:34:21,3525000,,False
2026-02-08 11:34:26,3550000,323.87261734046035,True
2026-02-08 11:34:26,3550000,323.87261734046035,True
2026-02-08 11:34:31,3575000,,False
2026-02-08 11:34:31,3575000,,False
2026-02-08 11:39:37,7000000,,False
2026-02-08 11:39:37,7000000,,False
2026-02-08 11:39:42,7025000,,False
2026-02-08 11:39:42,7025000,,False
2026-02-08 11:39:47,7050000,,False
2026-02-08 11:39:47,7050000,,False
2026-02-08 11:39:53,3525000,324.6400879976652,True
2026-02-08 11:39:53,3525000,324.6400879976652,True
2026-02-08 11:39:58,3550000,363.7810915151143,True
2026-02-08 11:39:58,3550000,363.78109151511427,True
2026-02-08 11:40:03,3575000,,False
2026-02-08 11:40:03,3575000,,False
2026-02-08 11:45:08,7000000,,False
2026-02-08 11:45:08,7000000,,False
2026-02-08 11:45:14,7025000,,False
2026-02-08 11:45:14,7025000,,False
2026-02-08 11:45:19,7050000,,False
2026-02-08 11:45:19,7050000,,False
2026-02-08 11:45:24,3525000,,False
2026-02-08 11:45:24,3525000,,False
2026-02-08 11:45:29,3550000,,False
2026-02-08 11:45:29,3550000,,False
2026-02-08 11:45:35,3575000,,False
2026-02-08 11:45:35,3575000,,False
2026-02-08 11:50:40,7000000,,False
2026-02-08 11:50:40,7000000,,False
2026-02-08 11:50:45,7025000,,False
2026-02-08 11:50:45,7025000,,False
2026-02-08 11:50:51,7050000,,False
2026-02-08 11:50:51,7050000,,False
2026-02-08 11:50:56,3525000,359.176267571885,True
2026-02-08 11:50:56,3525000,359.176267571885,True
2026-02-08 11:51:01,3550000,,False
2026-02-08 11:51:01,3550000,,False
2026-02-08 11:51:06,3575000,,False
2026-02-08 11:51:06,3575000,,False
2026-02-08 11:56:12,7000000,,False
2026-02-08 11:56:12,7000000,,False
2026-02-08 11:56:17,7025000,,False
2026-02-08 11:56:17,7025000,,False
2026-02-08 11:56:22,7050000,,False
2026-02-08 11:56:22,7050000,,False
2026-02-08 11:56:28,3525000,,False
2026-02-08 11:56:28,3525000,,False
2026-02-08 11:56:33,3550000,277.0569072509626,True
2026-02-08 11:56:33,3550000,277.0569072509626,True
2026-02-08 11:56:38,3575000,,False
2026-02-08 11:56:38,3575000,,False
2026-02-08 12:01:43,7000000,,False
2026-02-08 12:01:43,7000000,,False
2026-02-08 12:01:49,7025000,,False
2026-02-08 12:01:49,7025000,,False
2026-02-08 12:01:54,7050000,,False
2026-02-08 12:01:54,7050000,,False
2026-02-08 12:01:59,3525000,244.82313964835748,True
2026-02-08 12:01:59,3525000,244.82313964835748,True
2026-02-08 12:02:04,3550000,,False
2026-02-08 12:02:04,3550000,,False
2026-02-08 12:02:10,3575000,,False
2026-02-08 12:02:10,3575000,,False
2026-02-08 12:07:15,7000000,,False
2026-02-08 12:07:15,7000000,,False
2026-02-08 12:07:20,7025000,,False
2026-02-08 12:07:20,7025000,,False
2026-02-08 12:07:26,7050000,,False
2026-02-08 12:07:26,7050000,,False
2026-02-08 12:07:31,3525000,,False
2026-02-08 12:07:31,3525000,,False
2026-02-08 12:07:36,3550000,,False
2026-02-08 12:07:36,3550000,,False
2026-02-08 12:07:41,3575000,,False
2026-02-08 12:07:41,3575000,,False
2026-02-08 12:12:47,7000000,,False
2026-02-08 12:12:47,7000000,,False
2026-02-08 12:12:52,7025000,,False
2026-02-08 12:12:52,7025000,,False
2026-02-08 12:12:57,7050000,,False
2026-02-08 12:12:57,7050000,,False
2026-02-08 12:13:03,3525000,231.7761384758745,True
2026-02-08 12:13:03,3525000,231.7761384758745,True
2026-02-08 12:13:08,3550000,,False
2026-02-08 12:13:08,3550000,,False
2026-02-08 12:13:13,3575000,,False
2026-02-08 12:13:13,3575000,,False
2026-02-08 12:18:18,7000000,,False
2026-02-08 12:18:18,7000000,,False
2026-02-08 12:18:24,7025000,,False
2026-02-08 12:18:24,7025000,,False
2026-02-08 12:18:29,7050000,,False
2026-02-08 12:18:29,7050000,,False
2026-02-08 12:18:34,3525000,,False
2026-02-08 12:18:34,3525000,,False
2026-02-08 12:18:39,3550000,,False
2026-02-08 12:18:39,3550000,,False
2026-02-08 12:18:45,3575000,,False
2026-02-08 12:18:45,3575000,,False
2026-02-08 12:23:50,7000000,,False
2026-02-08 12:23:50,7000000,,False
2026-02-08 12:23:55,7025000,,False
2026-02-08 12:23:55,7025000,,False
2026-02-08 12:24:01,7050000,,False
2026-02-08 12:24:01,7050000,,False
2026-02-08 12:24:06,3525000,,False
2026-02-08 12:24:06,3525000,,False
2026-02-08 12:24:11,3550000,,False
2026-02-08 12:24:11,3550000,,False
2026-02-08 12:24:16,3575000,,False
2026-02-08 12:24:16,3575000,,False
2026-02-08 12:29:22,7000000,357.64132625747516,True
2026-02-08 12:29:22,7000000,357.6413262574752,True
2026-02-08 12:29:27,7025000,,False
2026-02-08 12:29:27,7025000,,False
2026-02-08 12:29:32,7050000,343.82685442778734,True
2026-02-08 12:29:32,7050000,343.82685442778734,True
2026-02-08 12:29:38,3525000,,False
2026-02-08 12:29:38,3525000,,False
2026-02-08 12:29:43,3550000,,False
2026-02-08 12:29:43,3550000,,False
2026-02-08 12:29:48,3575000,,False
2026-02-08 12:29:48,3575000,,False
2026-02-08 12:34:53,7000000,339.22203048455805,True
2026-02-08 12:34:53,7000000,339.22203048455805,True
2026-02-08 12:34:59,7025000,,False
2026-02-08 12:34:59,7025000,,False
2026-02-08 12:35:04,7050000,343.05938377058243,True
2026-02-08 12:35:04,7050000,343.05938377058243,True
2026-02-08 12:35:09,3525000,,False
2026-02-08 12:35:09,3525000,,False
2026-02-08 12:35:14,3550000,,False
2026-02-08 12:35:14,3550000,,False
2026-02-08 12:35:20,3575000,,False
2026-02-08 12:35:20,3575000,,False
2026-02-08 12:40:25,7000000,284.73161382301134,True
2026-02-08 12:40:25,7000000,284.73161382301134,True
2026-02-08 12:40:30,7025000,284.73161382301134,True
2026-02-08 12:40:30,7025000,284.73161382301134,True
2026-02-08 12:40:36,7050000,279.3593192225772,True
2026-02-08 12:40:36,7050000,279.3593192225772,True
2026-02-08 12:40:41,3525000,231.7761384758745,True
2026-02-08 12:40:41,3525000,231.7761384758745,True
2026-02-08 12:40:46,3550000,231.7761384758745,True
2026-02-08 12:40:46,3550000,231.7761384758745,True
2026-02-08 12:40:51,3575000,,False
2026-02-08 12:40:51,3575000,,False
2026-02-08 12:45:57,7000000,266.31231805009423,True
2026-02-08 12:45:57,7000000,266.31231805009423,True
2026-02-08 12:46:02,7025000,272.45208330773323,True
2026-02-08 12:46:02,7025000,272.45208330773323,True
2026-02-08 12:46:07,7050000,282.4292018513967,True
2026-02-08 12:46:07,7050000,282.4292018513967,True
2026-02-08 12:46:13,3525000,,False
2026-02-08 12:46:13,3525000,,False
2026-02-08 12:46:18,3550000,,False
2026-02-08 12:46:18,3550000,,False
2026-02-08 12:46:23,3575000,,False
2026-02-08 12:46:23,3575000,,False
2026-02-08 12:51:28,7000000,274.7544952793479,True
2026-02-08 12:51:28,7000000,274.7544952793479,True
2026-02-08 12:51:34,7025000,,False
2026-02-08 12:51:34,7025000,,False
2026-02-08 12:51:39,7050000,283.9641431658065,True
2026-02-08 12:51:39,7050000,283.9641431658065,True
2026-02-08 12:51:44,3525000,,False
2026-02-08 12:51:44,3525000,,False
2026-02-08 12:51:50,3550000,,False
2026-02-08 12:51:50,3550000,,False
2026-02-08 12:51:55,3575000,,False
2026-02-08 12:51:55,3575000,,False
2026-02-08 12:57:00,7000000,448.9703344648562,True
2026-02-08 12:57:00,7000000,448.9703344648562,True
2026-02-08 12:57:05,7025000,283.1966725086016,True
2026-02-08 12:57:05,7025000,283.1966725086016,True
2026-02-08 12:57:11,7050000,263.24243542127465,True
2026-02-08 12:57:11,7050000,263.24243542127465,True
2026-02-08 12:57:16,3525000,,False
2026-02-08 12:57:16,3525000,,False
2026-02-08 12:57:21,3550000,,False
2026-02-08 12:57:21,3550000,,False
2026-02-08 12:57:26,3575000,,False
2026-02-08 12:57:26,3575000,,False
2026-02-08 13:02:32,7000000,270.1496713361186,True
2026-02-08 13:02:32,7000000,270.1496713361186,True
2026-02-08 13:02:37,7025000,281.6617311941919,True
2026-02-08 13:02:37,7025000,281.6617311941919,True
2026-02-08 13:02:42,7050000,244.0556689911526,True
2026-02-08 13:02:42,7050000,244.0556689911526,True
2026-02-08 13:02:48,3525000,,False
2026-02-08 13:02:48,3525000,,False
2026-02-08 13:02:53,3550000,,False
2026-02-08 13:02:53,3550000,,False
2026-02-08 13:02:58,3575000,,False
2026-02-08 13:02:58,3575000,,False
2026-02-08 13:08:03,7000000,,False
2026-02-08 13:08:03,7000000,,False
2026-02-08 13:08:09,7025000,269.3822006789137,True
2026-02-08 13:08:09,7025000,269.3822006789137,True
2026-02-08 13:08:14,7050000,321.5702053688457,True
2026-02-08 13:08:14,7050000,321.5702053688457,True
2026-02-08 13:08:19,3525000,,False
2026-02-08 13:08:19,3525000,,False
2026-02-08 13:08:24,3550000,,False
2026-02-08 13:08:24,3550000,,False
2026-02-08 13:08:30,3575000,,False
2026-02-08 13:08:30,3575000,,False
2026-02-08 13:13:35,7000000,292.4063203950602,True
2026-02-08 13:13:35,7000000,292.4063203950602,True
2026-02-08 13:13:40,7025000,291.6388497378553,True
2026-02-08 13:13:40,7025000,291.6388497378553,True
2026-02-08 13:13:46,7050000,300.081026967109,True
2026-02-08 13:13:46,7050000,300.081026967109,True
2026-02-08 13:13:51,3525000,,False
2026-02-08 13:13:51,3525000,,False
2026-02-08 13:13:56,3550000,,False
2026-02-08 13:13:56,3550000,,False
2026-02-08 13:14:01,3575000,,False
2026-02-08 13:14:01,3575000,,False
2026-02-08 13:19:07,7000000,261.7074941068649,True
2026-02-08 13:19:07,7000000,261.7074941068649,True
2026-02-08 13:19:12,7025000,265.5448473928893,True
2026-02-08 13:19:12,7025000,265.5448473928893,True
2026-02-08 13:19:17,7050000,263.24243542127465,True
2026-02-08 13:19:17,7050000,263.24243542127465,True
2026-02-08 13:19:23,3525000,,False
2026-02-08 13:19:23,3525000,,False
2026-02-08 13:19:28,3550000,,False
2026-02-08 13:19:28,3550000,,False
2026-02-08 13:19:33,3575000,,False
2026-02-08 13:19:33,3575000,,False
2026-02-08 13:24:38,7000000,243.28819833394772,True
2026-02-08 13:24:38,7000000,243.2881983339477,True
2026-02-08 13:24:44,7025000,,False
2026-02-08 13:24:44,7025000,,False
2026-02-08 13:24:50,7050000,266.31231805009423,True
2026-02-08 13:24:50,7050000,266.31231805009423,True
2026-02-08 13:24:55,3525000,,False
2026-02-08 13:24:55,3525000,,False
2026-02-08 13:25:00,3550000,,False
2026-02-08 13:25:00,3550000,,False
2026-02-08 13:25:05,3575000,,False
2026-02-08 13:25:05,3575000,,False
2026-02-08 13:30:11,7000000,236.3809624191038,True
2026-02-08 13:30:11,7000000,236.3809624191038,True
2026-02-08 13:30:16,7025000,242.52072767674284,True
2026-02-08 13:30:16,7025000,242.52072767674284,True
2026-02-08 13:30:21,7050000,232.54360913307937,True
2026-02-08 13:30:21,7050000,232.54360913307937,True
2026-02-08 13:30:27,3525000,,False
2026-02-08 13:30:27,3525000,,False
2026-02-08 13:30:32,3550000,,False
2026-02-08 13:30:32,3550000,,False
2026-02-08 13:30:37,3575000,,False
2026-02-08 13:30:37,3575000,,False
2026-02-08 13:35:42,7000000,234.07855044748914,True
2026-02-08 13:35:42,7000000,234.07855044748916,True
2026-02-08 13:35:48,7025000,232.54360913307937,True
2026-02-08 13:35:48,7025000,232.54360913307937,True
2026-02-08 13:35:53,7050000,,False
2026-02-08 13:35:53,7050000,,False
2026-02-08 13:35:58,3525000,,False
2026-02-08 13:35:58,3525000,,False
2026-02-08 13:36:03,3550000,,False
2026-02-08 13:36:03,3550000,,False
2026-02-08 13:36:09,3575000,,False
2026-02-08 13:36:09,3575000,,False
2026-02-08 13:41:14,7000000,240.98578636233307,True
2026-02-08 13:41:14,7000000,240.98578636233307,True
2026-02-08 13:41:19,7025000,235.6134917618989,True
2026-02-08 13:41:19,7025000,235.6134917618989,True
2026-02-08 13:41:25,7050000,244.0556689911526,True
2026-02-08 13:41:25,7050000,244.0556689911526,True
2026-02-08 13:41:30,3525000,,False
2026-02-08 13:41:30,3525000,,False
2026-02-08 13:41:35,3550000,,False
2026-02-08 13:41:35,3550000,,False
2026-02-08 13:41:40,3575000,,False
2026-02-08 13:41:40,3575000,,False
2026-02-08 13:46:46,7000000,238.68337439071843,True
2026-02-08 13:46:46,7000000,238.68337439071843,True
2026-02-08 13:46:51,7025000,238.68337439071843,True
2026-02-08 13:46:51,7025000,238.68337439071843,True
2026-02-08 13:46:56,7050000,239.4508450479233,True
2026-02-08 13:46:56,7050000,239.4508450479233,True
2026-02-08 13:47:01,3525000,,False
2026-02-08 13:47:01,3525000,,False
2026-02-08 13:47:07,3550000,,False
2026-02-08 13:47:07,3550000,,False
2026-02-08 13:47:12,3575000,,False
2026-02-08 13:47:12,3575000,,False
2026-02-08 13:52:17,7000000,232.54360913307937,True
2026-02-08 13:52:17,7000000,232.54360913307937,True
2026-02-08 13:52:23,7025000,239.4508450479233,True
2026-02-08 13:52:23,7025000,239.4508450479233,True
2026-02-08 13:52:28,7050000,237.14843307630863,True
2026-02-08 13:52:28,7050000,237.14843307630863,True
2026-02-08 13:52:33,3525000,,False
2026-02-08 13:52:33,3525000,,False
2026-02-08 13:52:38,3550000,,False
2026-02-08 13:52:38,3550000,,False
2026-02-08 13:52:44,3575000,,False
2026-02-08 13:52:44,3575000,,False
2026-02-08 13:57:49,7000000,241.75325701953795,True
2026-02-08 13:57:49,7000000,241.75325701953795,True
2026-02-08 13:57:54,7025000,241.75325701953795,True
2026-02-08 13:57:54,7025000,241.75325701953795,True
2026-02-08 13:58:00,7050000,236.3809624191038,True
2026-02-08 13:58:00,7050000,236.3809624191038,True
2026-02-08 13:58:05,3525000,,False
2026-02-08 13:58:05,3525000,,False
2026-02-08 13:58:10,3550000,,False
2026-02-08 13:58:10,3550000,,False
2026-02-08 13:58:15,3575000,,False
2026-02-08 13:58:15,3575000,,False
2026-02-08 14:03:21,7000000,240.98578636233307,True
2026-02-08 14:03:21,7000000,240.98578636233307,True
2026-02-08 14:03:26,7025000,240.98578636233307,True
2026-02-08 14:03:26,7025000,240.98578636233307,True
2026-02-08 14:03:31,7050000,237.91590373351357,True
2026-02-08 14:03:31,7050000,237.91590373351355,True
2026-02-08 14:03:37,3525000,,False
2026-02-08 14:03:37,3525000,,False
2026-02-08 14:03:42,3550000,,False
2026-02-08 14:03:42,3550000,,False
2026-02-08 14:03:47,3575000,,False
2026-02-08 14:03:47,3575000,,False
2026-02-08 14:08:52,7000000,233.31107979028425,True
2026-02-08 14:08:52,7000000,233.31107979028425,True
2026-02-08 14:08:58,7025000,230.24119716146473,True
2026-02-08 14:08:58,7025000,230.24119716146475,True
2026-02-08 14:09:03,7050000,231.7761384758745,True
2026-02-08 14:09:03,7050000,231.7761384758745,True
2026-02-08 14:09:08,3525000,,False
2026-02-08 14:09:08,3525000,,False
2026-02-08 14:09:13,3550000,,False
2026-02-08 14:09:13,3550000,,False
2026-02-08 14:09:19,3575000,,False
2026-02-08 14:09:19,3575000,,False
2026-02-08 14:14:24,7000000,,False
2026-02-08 14:14:24,7000000,,False
2026-02-08 14:14:29,7025000,246.35808096276725,True
2026-02-08 14:14:29,7025000,246.35808096276725,True
2026-02-08 14:14:35,7050000,231.0086678186696,True
2026-02-08 14:14:35,7050000,231.0086678186696,True
2026-02-08 14:14:40,3525000,,False
2026-02-08 14:14:40,3525000,,False
2026-02-08 14:14:45,3550000,,False
2026-02-08 14:14:45,3550000,,False
2026-02-08 14:14:50,3575000,,False
2026-02-08 14:14:50,3575000,,False
2026-02-08 14:19:56,7000000,240.98578636233307,True
2026-02-08 14:19:56,7000000,240.98578636233307,True
2026-02-08 14:20:01,7025000,243.2881983339477,True
2026-02-08 14:20:01,7025000,243.28819833394772,True
2026-02-08 14:20:06,7050000,240.2183157051282,True
2026-02-08 14:20:06,7050000,240.2183157051282,True
2026-02-08 14:20:12,3525000,,False
2026-02-08 14:20:12,3525000,,False
2026-02-08 14:20:17,3550000,,False
2026-02-08 14:20:17,3550000,,False
2026-02-08 14:20:22,3575000,,False
2026-02-08 14:20:22,3575000,,False
2026-02-08 14:25:27,7000000,,False
2026-02-08 14:25:27,7000000,,False
2026-02-08 14:25:33,7025000,244.82313964835748,True
2026-02-08 14:25:33,7025000,244.82313964835748,True
2026-02-08 14:25:38,7050000,,False
2026-02-08 14:25:38,7050000,,False
2026-02-08 14:25:43,3525000,,False
2026-02-08 14:25:43,3525000,,False
2026-02-08 14:25:49,3550000,,False
2026-02-08 14:25:49,3550000,,False
2026-02-08 14:25:54,3575000,,False
2026-02-08 14:25:54,3575000,,False
2026-02-08 14:30:59,7000000,234.07855044748916,True
2026-02-08 14:30:59,7000000,234.07855044748914,True
2026-02-08 14:31:05,7025000,231.7761384758745,True
2026-02-08 14:31:05,7025000,231.7761384758745,True
2026-02-08 14:31:10,7050000,232.54360913307937,True
2026-02-08 14:31:10,7050000,232.54360913307937,True
2026-02-08 14:31:15,3525000,,False
2026-02-08 14:31:15,3525000,,False
2026-02-08 14:31:20,3550000,,False
2026-02-08 14:31:20,3550000,,False
2026-02-08 14:31:25,3575000,,False
2026-02-08 14:31:25,3575000,,False
2026-02-08 14:36:31,7000000,233.31107979028425,True
2026-02-08 14:36:31,7000000,233.31107979028425,True
2026-02-08 14:36:36,7025000,231.7761384758745,True
2026-02-08 14:36:36,7025000,231.7761384758745,True
2026-02-08 14:36:41,7050000,237.14843307630863,True
2026-02-08 14:36:41,7050000,237.14843307630863,True
2026-02-08 14:36:47,3525000,,False
2026-02-08 14:36:47,3525000,,False
2026-02-08 14:36:52,3550000,,False
2026-02-08 14:36:52,3550000,,False
2026-02-08 14:36:57,3575000,,False
2026-02-08 14:36:57,3575000,,False
2026-02-08 14:42:03,7000000,240.98578636233307,True
2026-02-08 14:42:03,7000000,240.98578636233307,True
2026-02-08 14:42:08,7025000,234.07855044748914,True
2026-02-08 14:42:08,7025000,234.07855044748916,True
2026-02-08 14:42:13,7050000,240.2183157051282,True
2026-02-08 14:42:13,7050000,240.2183157051282,True
2026-02-08 14:42:18,3525000,,False
2026-02-08 14:42:18,3525000,,False
2026-02-08 14:42:24,3550000,,False
2026-02-08 14:42:24,3550000,,False
2026-02-08 14:42:29,3575000,,False
2026-02-08 14:42:29,3575000,,False
2026-02-08 14:47:34,7000000,236.3809624191038,True
2026-02-08 14:47:34,7000000,236.3809624191038,True
2026-02-08 14:47:40,7025000,240.98578636233307,True
2026-02-08 14:47:40,7025000,240.98578636233307,True
2026-02-08 14:47:45,7050000,,False
2026-02-08 14:47:45,7050000,,False
2026-02-08 14:47:50,3525000,,False
2026-02-08 14:47:50,3525000,,False
2026-02-08 14:47:55,3550000,,False
2026-02-08 14:47:55,3550000,,False
2026-02-08 14:48:01,3575000,,False
2026-02-08 14:48:01,3575000,,False
2026-02-08 14:53:06,7000000,230.24119716146475,True
2026-02-08 14:53:06,7000000,230.24119716146473,True
2026-02-08 14:53:11,7025000,,False
2026-02-08 14:53:11,7025000,,False
2026-02-08 14:53:16,7050000,237.91590373351357,True
2026-02-08 14:53:16,7050000,237.91590373351355,True
2026-02-08 14:53:22,3525000,,False
2026-02-08 14:53:22,3525000,,False
2026-02-08 14:53:27,3550000,,False
2026-02-08 14:53:27,3550000,,False
2026-02-08 14:53:32,3575000,,False
2026-02-08 14:53:32,3575000,,False
2026-02-08 14:58:38,7000000,,False
2026-02-08 14:58:38,7000000,,False
2026-02-08 14:58:43,7025000,231.7761384758745,True
2026-02-08 14:58:43,7025000,231.7761384758745,True
2026-02-08 14:58:48,7050000,239.4508450479233,True
2026-02-08 14:58:48,7050000,239.4508450479233,True
2026-02-08 14:58:53,3525000,,False
2026-02-08 14:58:53,3525000,,False
2026-02-08 14:58:59,3550000,,False
2026-02-08 14:58:59,3550000,,False
2026-02-08 14:59:04,3575000,,False
2026-02-08 14:59:04,3575000,,False
2026-02-08 15:04:09,7000000,249.4279635915868,True
2026-02-08 15:04:09,7000000,249.4279635915868,True
2026-02-08 15:04:15,7025000,,False
2026-02-08 15:04:15,7025000,,False
2026-02-08 15:04:20,7050000,232.54360913307937,True
2026-02-08 15:04:20,7050000,232.54360913307937,True
2026-02-08 15:04:25,3525000,,False
2026-02-08 15:04:25,3525000,,False
2026-02-08 15:04:30,3550000,,False
2026-02-08 15:04:30,3550000,,False
2026-02-08 15:04:36,3575000,,False
2026-02-08 15:04:36,3575000,,False
2026-02-08 15:09:41,7000000,242.52072767674284,True
2026-02-08 15:09:41,7000000,242.52072767674284,True
2026-02-08 15:09:46,7025000,241.75325701953795,True
2026-02-08 15:09:46,7025000,241.75325701953795,True
2026-02-08 15:09:52,7050000,,False
2026-02-08 15:09:52,7050000,,False
2026-02-08 15:09:57,3525000,,False
2026-02-08 15:09:57,3525000,,False
2026-02-08 15:10:02,3550000,,False
2026-02-08 15:10:02,3550000,,False
2026-02-08 15:10:07,3575000,,False
2026-02-08 15:10:07,3575000,,False
2026-02-08 15:15:13,7000000,265.5448473928893,True
2026-02-08 15:15:13,7000000,265.5448473928893,True
2026-02-08 15:15:18,7025000,260.1725527924551,True
2026-02-08 15:15:18,7025000,260.1725527924551,True
2026-02-08 15:15:23,7050000,253.26531687761118,True
2026-02-08 15:15:23,7050000,253.2653168776112,True
2026-02-08 15:15:28,3525000,,False
2026-02-08 15:15:28,3525000,,False
2026-02-08 15:15:34,3550000,,False
2026-02-08 15:15:34,3550000,,False
2026-02-08 15:15:39,3575000,,False
2026-02-08 15:15:39,3575000,,False
2026-02-08 15:20:44,7000000,259.40508213525027,True
2026-02-08 15:20:44,7000000,259.40508213525027,True
2026-02-08 15:20:50,7025000,259.40508213525027,True
2026-02-08 15:20:50,7025000,259.40508213525027,True
2026-02-08 15:20:55,7050000,259.40508213525027,True
2026-02-08 15:20:55,7050000,259.40508213525027,True
2026-02-08 15:21:00,3525000,,False
2026-02-08 15:21:00,3525000,,False
2026-02-08 15:21:05,3550000,,False
2026-02-08 15:21:05,3550000,,False
2026-02-08 15:21:11,3575000,,False
2026-02-08 15:21:11,3575000,,False
2026-02-08 15:26:16,7000000,,False
2026-02-08 15:26:16,7000000,,False
2026-02-08 15:26:21,7025000,254.03278753481607,True
2026-02-08 15:26:21,7025000,254.03278753481607,True
2026-02-08 15:26:27,7050000,254.03278753481607,True
2026-02-08 15:26:27,7050000,254.03278753481607,True
2026-02-08 15:26:32,3525000,,False
2026-02-08 15:26:32,3525000,,False
2026-02-08 15:26:37,3550000,,False
2026-02-08 15:26:37,3550000,,False
2026-02-08 15:26:42,3575000,,False
2026-02-08 15:26:42,3575000,,False
2026-02-08 15:31:48,7000000,254.03278753481607,True
2026-02-08 15:31:48,7000000,254.03278753481607,True
2026-02-08 15:31:53,7025000,251.73037556320145,True
2026-02-08 15:31:53,7025000,251.73037556320145,True
2026-02-08 15:31:58,7050000,250.96290490599657,True
2026-02-08 15:31:58,7050000,250.96290490599657,True
2026-02-08 15:32:04,3525000,,False
2026-02-08 15:32:04,3525000,,False
2026-02-08 15:32:09,3550000,,False
2026-02-08 15:32:09,3550000,,False
2026-02-08 15:32:14,3575000,,False
2026-02-08 15:32:14,3575000,,False
2026-02-08 15:37:19,7000000,,False
2026-02-08 15:37:19,7000000,,False
2026-02-08 15:37:25,7025000,253.2653168776112,True
2026-02-08 15:37:25,7025000,253.26531687761118,True
2026-02-08 15:37:30,7050000,,False
2026-02-08 15:37:30,7050000,,False
2026-02-08 15:37:35,3525000,,False
2026-02-08 15:37:35,3525000,,False
2026-02-08 15:37:40,3550000,,False
2026-02-08 15:37:40,3550000,,False
2026-02-08 15:37:46,3575000,,False
2026-02-08 15:37:46,3575000,,False
2026-02-08 15:42:51,7000000,247.893022277177,True
2026-02-08 15:42:51,7000000,247.893022277177,True
2026-02-08 15:42:57,7025000,242.52072767674284,True
2026-02-08 15:42:57,7025000,242.52072767674284,True
2026-02-08 15:43:02,7050000,235.6134917618989,True
2026-02-08 15:43:02,7050000,235.6134917618989,True
2026-02-08 15:43:07,3525000,,False
2026-02-08 15:43:07,3525000,,False
2026-02-08 15:43:12,3550000,,False
2026-02-08 15:43:12,3550000,,False
2026-02-08 15:43:18,3575000,,False
2026-02-08 15:43:18,3575000,,False
2026-02-08 15:48:23,7000000,243.28819833394772,True
2026-02-08 15:48:23,7000000,243.2881983339477,True
2026-02-08 15:48:28,7025000,243.28819833394772,True
2026-02-08 15:48:28,7025000,243.2881983339477,True
2026-02-08 15:48:33,7050000,230.24119716146475,True
2026-02-08 15:48:33,7050000,230.24119716146473,True
2026-02-08 15:48:39,3525000,,False
2026-02-08 15:48:39,3525000,,False
2026-02-08 15:48:44,3550000,,False
2026-02-08 15:48:44,3550000,,False
2026-02-08 15:48:49,3575000,,False
2026-02-08 15:48:49,3575000,,False
2026-02-08 15:53:55,7000000,243.2881983339477,True
2026-02-08 15:53:55,7000000,243.28819833394772,True
2026-02-08 15:54:00,7025000,243.28819833394772,True
2026-02-08 15:54:00,7025000,243.2881983339477,True
2026-02-08 15:54:05,7050000,244.0556689911526,True
2026-02-08 15:54:05,7050000,244.0556689911526,True
2026-02-08 15:54:10,3525000,,False
2026-02-08 15:54:10,3525000,,False
2026-02-08 15:54:16,3550000,,False
2026-02-08 15:54:16,3550000,,False
2026-02-08 15:54:21,3575000,,False
2026-02-08 15:54:21,3575000,,False
2026-02-08 15:59:26,7000000,,False
2026-02-08 15:59:26,7000000,,False
2026-02-08 15:59:32,7025000,250.19543424879168,True
2026-02-08 15:59:32,7025000,250.19543424879168,True
2026-02-08 15:59:37,7050000,246.35808096276725,True
2026-02-08 15:59:37,7050000,246.35808096276725,True
2026-02-08 15:59:42,3525000,,False
2026-02-08 15:59:42,3525000,,False
2026-02-08 15:59:47,3550000,,False
2026-02-08 15:59:47,3550000,,False
2026-02-08 15:59:53,3575000,,False
2026-02-08 15:59:53,3575000,,False
2026-02-08 16:04:58,7000000,,False
2026-02-08 16:04:58,7000000,,False
2026-02-08 16:05:03,7025000,244.0556689911526,True
2026-02-08 16:05:03,7025000,244.0556689911526,True
2026-02-08 16:05:09,7050000,244.0556689911526,True
2026-02-08 16:05:09,7050000,244.0556689911526,True
2026-02-08 16:05:14,3525000,,False
2026-02-08 16:05:14,3525000,,False
2026-02-08 16:05:19,3550000,,False
2026-02-08 16:05:19,3550000,,False
2026-02-08 16:05:24,3575000,,False
2026-02-08 16:05:24,3575000,,False
2026-02-08 16:10:30,7000000,247.893022277177,True
2026-02-08 16:10:30,7000000,247.893022277177,True
2026-02-08 16:10:35,7025000,238.68337439071843,True
2026-02-08 16:10:35,7025000,238.68337439071843,True
2026-02-08 16:10:40,7050000,251.73037556320145,True
2026-02-08 16:10:40,7050000,251.73037556320145,True
2026-02-08 16:10:46,3525000,,False
2026-02-08 16:10:46,3525000,,False
2026-02-08 16:10:51,3550000,,False
2026-02-08 16:10:51,3550000,,False
2026-02-08 16:10:56,3575000,,False
2026-02-08 16:10:56,3575000,,False
2026-02-08 16:16:01,7000000,248.66049293438192,True
2026-02-08 16:16:01,7000000,248.66049293438192,True
2026-02-08 16:16:07,7025000,242.52072767674284,True
2026-02-08 16:16:07,7025000,242.52072767674284,True
2026-02-08 16:16:12,7050000,247.893022277177,True
2026-02-08 16:16:12,7050000,247.893022277177,True
2026-02-08 16:16:17,3525000,,False
2026-02-08 16:16:17,3525000,,False
2026-02-08 16:16:22,3550000,,False
2026-02-08 16:16:22,3550000,,False
2026-02-08 16:16:28,3575000,,False
2026-02-08 16:16:28,3575000,,False
2026-02-08 16:21:33,7000000,247.12555161997213,True
2026-02-08 16:21:33,7000000,247.12555161997213,True
2026-02-08 16:21:38,7025000,244.82313964835748,True
2026-02-08 16:21:38,7025000,244.82313964835748,True
2026-02-08 16:21:44,7050000,251.73037556320145,True
2026-02-08 16:21:44,7050000,251.73037556320145,True
2026-02-08 16:21:49,3525000,,False
2026-02-08 16:21:49,3525000,,False
2026-02-08 16:21:54,3550000,,False
2026-02-08 16:21:54,3550000,,False
2026-02-08 16:21:59,3575000,,False
2026-02-08 16:21:59,3575000,,False
2026-02-08 16:27:05,7000000,249.4279635915868,True
2026-02-08 16:27:05,7000000,249.4279635915868,True
2026-02-08 16:27:10,7025000,246.35808096276725,True
2026-02-08 16:27:10,7025000,246.35808096276725,True
2026-02-08 16:27:15,7050000,257.1026701636356,True
2026-02-08 16:27:15,7050000,257.1026701636356,True
2026-02-08 16:27:21,3525000,,False
2026-02-08 16:27:21,3525000,,False
2026-02-08 16:27:26,3550000,,False
2026-02-08 16:27:26,3550000,,False
2026-02-08 16:27:31,3575000,,False
2026-02-08 16:27:31,3575000,,False
2026-02-08 16:32:36,7000000,252.4978462204063,True
2026-02-08 16:32:36,7000000,252.4978462204063,True
2026-02-08 16:32:42,7025000,255.56772884922583,True
2026-02-08 16:32:42,7025000,255.56772884922583,True
2026-02-08 16:32:47,7050000,,False
2026-02-08 16:32:47,7050000,,False
2026-02-08 16:32:52,3525000,,False
2026-02-08 16:32:52,3525000,,False
2026-02-08 16:32:57,3550000,,False
2026-02-08 16:32:57,3550000,,False
2026-02-08 16:33:03,3575000,,False
2026-02-08 16:33:03,3575000,,False
2026-02-08 16:38:08,7000000,243.2881983339477,True
2026-02-08 16:38:08,7000000,243.28819833394772,True
2026-02-08 16:38:13,7025000,241.75325701953795,True
2026-02-08 16:38:13,7025000,241.75325701953795,True
2026-02-08 16:38:19,7050000,245.5906103055624,True
2026-02-08 16:38:19,7050000,245.59061030556236,True
2026-02-08 16:38:24,3525000,,False
2026-02-08 16:38:24,3525000,,False
2026-02-08 16:38:29,3550000,,False
2026-02-08 16:38:29,3550000,,False
2026-02-08 16:38:34,3575000,,False
2026-02-08 16:38:34,3575000,,False
2026-02-08 16:43:40,7000000,,False
2026-02-08 16:43:40,7000000,,False
2026-02-08 16:43:45,7025000,237.91590373351357,True
2026-02-08 16:43:45,7025000,237.91590373351355,True
2026-02-08 16:43:50,7050000,247.12555161997213,True
2026-02-08 16:43:50,7050000,247.12555161997213,True
2026-02-08 16:43:56,3525000,,False
2026-02-08 16:43:56,3525000,,False
2026-02-08 16:44:01,3550000,,False
2026-02-08 16:44:01,3550000,,False
2026-02-08 16:44:06,3575000,,False
2026-02-08 16:44:06,3575000,,False
2026-02-08 16:49:11,7000000,232.54360913307937,True
2026-02-08 16:49:11,7000000,232.54360913307937,True
2026-02-08 16:49:17,7025000,,False
2026-02-08 16:49:17,7025000,,False
2026-02-08 16:49:22,7050000,230.24119716146475,True
2026-02-08 16:49:22,7050000,230.24119716146473,True
2026-02-08 16:49:27,3525000,,False
2026-02-08 16:49:27,3525000,,False
2026-02-08 16:49:32,3550000,,False
2026-02-08 16:49:32,3550000,,False
2026-02-08 16:49:38,3575000,,False
2026-02-08 16:49:38,3575000,,False
2026-02-08 16:54:43,7000000,230.24119716146475,True
2026-02-08 16:54:43,7000000,230.24119716146473,True
2026-02-08 16:54:48,7025000,236.3809624191038,True
2026-02-08 16:54:48,7025000,236.3809624191038,True
2026-02-08 16:54:54,7050000,,False
2026-02-08 16:54:54,7050000,,False
2026-02-08 16:54:59,3525000,,False
2026-02-08 16:54:59,3525000,,False
2026-02-08 16:55:04,3550000,,False
2026-02-08 16:55:04,3550000,,False
2026-02-08 16:55:09,3575000,,False
2026-02-08 16:55:09,3575000,,False
2026-02-08 17:00:15,7000000,231.0086678186696,True
2026-02-08 17:00:15,7000000,231.0086678186696,True
2026-02-08 17:00:20,7025000,,False
2026-02-08 17:00:20,7025000,,False
2026-02-08 17:00:25,7050000,,False
2026-02-08 17:00:25,7050000,,False
2026-02-08 17:00:31,3525000,,False
2026-02-08 17:00:31,3525000,,False
2026-02-08 17:00:36,3550000,,False
2026-02-08 17:00:36,3550000,,False
2026-02-08 17:00:41,3575000,,False
2026-02-08 17:00:41,3575000,,False
2026-02-08 17:05:46,7000000,231.0086678186696,True
2026-02-08 17:05:46,7000000,231.0086678186696,True
2026-02-08 17:05:52,7025000,234.84602110469402,True
2026-02-08 17:05:52,7025000,234.846021104694,True
2026-02-08 17:05:57,7050000,241.75325701953795,True
2026-02-08 17:05:57,7050000,241.75325701953795,True
2026-02-08 17:06:02,3525000,,False
2026-02-08 17:06:02,3525000,,False
2026-02-08 17:06:07,3550000,,False
2026-02-08 17:06:07,3550000,,False
2026-02-08 17:06:13,3575000,,False
2026-02-08 17:06:13,3575000,,False
2026-02-08 17:11:18,7000000,,False
2026-02-08 17:11:18,7000000,,False
2026-02-08 17:11:23,7025000,,False
2026-02-08 17:11:23,7025000,,False
2026-02-08 17:11:29,7050000,,False
2026-02-08 17:11:29,7050000,,False
2026-02-08 17:11:34,3525000,,False
2026-02-08 17:11:34,3525000,,False
2026-02-08 17:11:39,3550000,,False
2026-02-08 17:11:39,3550000,,False
2026-02-08 17:11:44,3575000,,False
2026-02-08 17:11:44,3575000,,False
2026-02-08 17:16:50,7000000,239.4508450479233,True
2026-02-08 17:16:50,7000000,239.4508450479233,True
2026-02-08 17:16:55,7025000,,False
2026-02-08 17:16:55,7025000,,False
2026-02-08 17:17:00,7050000,243.28819833394772,True
2026-02-08 17:17:00,7050000,243.2881983339477,True
2026-02-08 17:17:05,3525000,,False
2026-02-08 17:17:05,3525000,,False
2026-02-08 17:17:11,3550000,,False
2026-02-08 17:17:11,3550000,,False
2026-02-08 17:17:16,3575000,,False
2026-02-08 17:17:16,3575000,,False
2026-02-08 17:22:21,7000000,,False
2026-02-08 17:22:21,7000000,,False
2026-02-08 17:22:27,7025000,248.66049293438192,True
2026-02-08 17:22:27,7025000,248.66049293438192,True
2026-02-08 17:22:32,7050000,245.59061030556236,True
2026-02-08 17:22:32,7050000,245.5906103055624,True
2026-02-08 17:22:37,3525000,,False
2026-02-08 17:22:37,3525000,,False
2026-02-08 17:22:42,3550000,,False
2026-02-08 17:22:42,3550000,,False
2026-02-08 17:22:48,3575000,,False
2026-02-08 17:22:48,3575000,,False
2026-02-08 17:27:53,7000000,,False
2026-02-08 17:27:53,7000000,,False
2026-02-08 17:27:58,7025000,250.96290490599657,True
2026-02-08 17:27:58,7025000,250.96290490599657,True
2026-02-08 17:28:04,7050000,,False
2026-02-08 17:28:04,7050000,,False
2026-02-08 17:28:09,3525000,,False
2026-02-08 17:28:09,3525000,,False
2026-02-08 17:28:14,3550000,,False
2026-02-08 17:28:14,3550000,,False
2026-02-08 17:28:19,3575000,,False
2026-02-08 17:28:19,3575000,,False
2026-02-08 17:33:25,7000000,,False
2026-02-08 17:33:25,7000000,,False
2026-02-08 17:33:30,7025000,,False
2026-02-08 17:33:30,7025000,,False
2026-02-08 17:33:35,7050000,256.33519950643074,True
2026-02-08 17:33:35,7050000,256.33519950643074,True
2026-02-08 17:33:41,3525000,,False
2026-02-08 17:33:41,3525000,,False
2026-02-08 17:33:46,3550000,,False
2026-02-08 17:33:46,3550000,,False
2026-02-08 17:33:51,3575000,,False
2026-02-08 17:33:51,3575000,,False
2026-02-08 17:38:56,7000000,238.68337439071843,True
2026-02-08 17:38:56,7000000,238.68337439071843,True
2026-02-08 17:39:02,7025000,,False
2026-02-08 17:39:02,7025000,,False
2026-02-08 17:39:07,7050000,238.68337439071843,True
2026-02-08 17:39:07,7050000,238.68337439071843,True
2026-02-08 17:39:12,3525000,,False
2026-02-08 17:39:12,3525000,,False
2026-02-08 17:39:18,3550000,,False
2026-02-08 17:39:18,3550000,,False
2026-02-08 17:39:23,3575000,,False
2026-02-08 17:39:23,3575000,,False
2026-02-08 17:44:28,7000000,,False
2026-02-08 17:44:28,7000000,,False
2026-02-08 17:44:34,7025000,241.75325701953795,True
2026-02-08 17:44:34,7025000,241.75325701953795,True
2026-02-08 17:44:39,7050000,240.98578636233307,True
2026-02-08 17:44:39,7050000,240.98578636233307,True
2026-02-08 17:44:44,3525000,,False
2026-02-08 17:44:44,3525000,,False
2026-02-08 17:44:49,3550000,,False
2026-02-08 17:44:49,3550000,,False
2026-02-08 17:44:55,3575000,,False
2026-02-08 17:44:55,3575000,,False
2026-02-08 17:50:00,7000000,,False
2026-02-08 17:50:00,7000000,,False
2026-02-08 17:50:05,7025000,240.2183157051282,True
2026-02-08 17:50:05,7025000,240.2183157051282,True
2026-02-08 17:50:10,7050000,241.75325701953795,True
2026-02-08 17:50:10,7050000,241.75325701953795,True
2026-02-08 17:50:16,3525000,,False
2026-02-08 17:50:16,3525000,,False
2026-02-08 17:50:21,3550000,,False
2026-02-08 17:50:21,3550000,,False
2026-02-08 17:50:26,3575000,,False
2026-02-08 17:50:26,3575000,,False
2026-02-08 17:55:32,7000000,245.5906103055624,True
2026-02-08 17:55:32,7000000,245.59061030556236,True
2026-02-08 17:55:37,7025000,,False
2026-02-08 17:55:37,7025000,,False
2026-02-08 17:55:42,7050000,237.91590373351357,True
2026-02-08 17:55:42,7050000,237.91590373351355,True
2026-02-08 17:55:48,3525000,,False
2026-02-08 17:55:48,3525000,,False
2026-02-08 17:55:53,3550000,,False
2026-02-08 17:55:53,3550000,,False
2026-02-08 17:55:58,3575000,,False
2026-02-08 17:55:58,3575000,,False
2026-02-08 18:01:03,7000000,242.52072767674284,True
2026-02-08 18:01:03,7000000,242.52072767674284,True
2026-02-08 18:01:09,7025000,240.98578636233307,True
2026-02-08 18:01:09,7025000,240.98578636233307,True
2026-02-08 18:01:14,7050000,,False
2026-02-08 18:01:14,7050000,,False
2026-02-08 18:01:19,3525000,,False
2026-02-08 18:01:19,3525000,,False
2026-02-08 18:01:25,3550000,,False
2026-02-08 18:01:25,3550000,,False
2026-02-08 18:01:30,3575000,,False
2026-02-08 18:01:30,3575000,,False
2026-02-08 18:06:35,7000000,247.12555161997213,True
2026-02-08 18:06:35,7000000,247.12555161997213,True
2026-02-08 18:06:41,7025000,,False
2026-02-08 18:06:41,7025000,,False
2026-02-08 18:06:46,7050000,247.893022277177,True
2026-02-08 18:06:46,7050000,247.893022277177,True
2026-02-08 18:06:51,3525000,,False
2026-02-08 18:06:51,3525000,,False
2026-02-08 18:06:56,3550000,,False
2026-02-08 18:06:56,3550000,,False
2026-02-08 18:07:01,3575000,,False
2026-02-08 18:07:01,3575000,,False
2026-02-08 18:12:07,7000000,240.98578636233307,True
2026-02-08 18:12:07,7000000,240.98578636233307,True
2026-02-08 18:12:12,7025000,242.52072767674284,True
2026-02-08 18:12:12,7025000,242.52072767674284,True
2026-02-08 18:12:17,7050000,243.28819833394772,True
2026-02-08 18:12:17,7050000,243.2881983339477,True
2026-02-08 18:12:23,3525000,,False
2026-02-08 18:12:23,3525000,,False
2026-02-08 18:12:28,3550000,,False
2026-02-08 18:12:28,3550000,,False
2026-02-08 18:12:33,3575000,,False
2026-02-08 18:12:33,3575000,,False
2026-02-08 18:17:39,7000000,235.6134917618989,True
2026-02-08 18:17:39,7000000,235.6134917618989,True
2026-02-08 18:17:44,7025000,238.68337439071843,True
2026-02-08 18:17:44,7025000,238.68337439071843,True
2026-02-08 18:17:49,7050000,,False
2026-02-08 18:17:49,7050000,,False
2026-02-08 18:17:54,3525000,,False
2026-02-08 18:17:54,3525000,,False
2026-02-08 18:18:00,3550000,,False
2026-02-08 18:18:00,3550000,,False
2026-02-08 18:18:05,3575000,,False
2026-02-08 18:18:05,3575000,,False
2026-02-08 18:23:10,7000000,236.3809624191038,True
2026-02-08 18:23:10,7000000,236.3809624191038,True
2026-02-08 18:23:16,7025000,,False
2026-02-08 18:23:16,7025000,,False
2026-02-08 18:23:21,7050000,,False
2026-02-08 18:23:21,7050000,,False
2026-02-08 18:23:27,3525000,,False
2026-02-08 18:23:27,3525000,,False
2026-02-08 18:23:32,3550000,,False
2026-02-08 18:23:32,3550000,,False
2026-02-08 18:23:37,3575000,,False
2026-02-08 18:23:37,3575000,,False
2026-02-08 18:28:42,7000000,234.07855044748914,True
2026-02-08 18:28:42,7000000,234.07855044748916,True
2026-02-08 18:28:48,7025000,,False
2026-02-08 18:28:48,7025000,,False
2026-02-08 18:28:54,7050000,,False
2026-02-08 18:28:54,7050000,,False
2026-02-08 18:28:59,3525000,,False
2026-02-08 18:28:59,3525000,,False
2026-02-08 18:29:04,3550000,,False
2026-02-08 18:29:04,3550000,,False
2026-02-08 18:29:10,3575000,,False
2026-02-08 18:29:10,3575000,,False
2026-02-08 18:34:15,7000000,237.91590373351357,True
2026-02-08 18:34:15,7000000,237.91590373351355,True
2026-02-08 18:34:20,7025000,,False
2026-02-08 18:34:20,7025000,,False
2026-02-08 18:34:26,7050000,,False
2026-02-08 18:34:26,7050000,,False
2026-02-08 18:34:31,3525000,,False
2026-02-08 18:34:31,3525000,,False
2026-02-08 18:34:36,3550000,,False
2026-02-08 18:34:36,3550000,,False
2026-02-08 18:34:42,3575000,,False
2026-02-08 18:34:42,3575000,,False
2026-02-08 18:39:47,7000000,238.68337439071843,True
2026-02-08 18:39:47,7000000,238.68337439071843,True
2026-02-08 18:39:52,7025000,,False
2026-02-08 18:39:52,7025000,,False
2026-02-08 18:39:58,7050000,237.91590373351357,True
2026-02-08 18:39:58,7050000,237.91590373351355,True
2026-02-08 18:40:04,3525000,,False
2026-02-08 18:40:04,3525000,,False
2026-02-08 18:40:09,3550000,,False
2026-02-08 18:40:09,3550000,,False
2026-02-08 18:40:14,3575000,,False
2026-02-08 18:40:14,3575000,,False
2026-02-08 18:45:19,7000000,239.4508450479233,True
2026-02-08 18:45:19,7000000,239.4508450479233,True
2026-02-08 18:45:25,7025000,240.98578636233307,True
2026-02-08 18:45:25,7025000,240.98578636233307,True
2026-02-08 18:45:30,7050000,,False
2026-02-08 18:45:30,7050000,,False
2026-02-08 18:45:35,3525000,,False
2026-02-08 18:45:35,3525000,,False
2026-02-08 18:45:40,3550000,,False
2026-02-08 18:45:40,3550000,,False
2026-02-08 18:45:46,3575000,,False
2026-02-08 18:45:46,3575000,,False
2026-02-08 18:50:51,7000000,234.07855044748916,True
2026-02-08 18:50:51,7000000,234.07855044748914,True
2026-02-08 18:50:56,7025000,237.91590373351357,True
2026-02-08 18:50:56,7025000,237.91590373351355,True
2026-02-08 18:51:02,7050000,241.75325701953795,True
2026-02-08 18:51:02,7050000,241.75325701953795,True
2026-02-08 18:51:07,3525000,,False
2026-02-08 18:51:07,3525000,,False
2026-02-08 18:51:12,3550000,,False
2026-02-08 18:51:12,3550000,,False
2026-02-08 18:51:17,3575000,,False
2026-02-08 18:51:17,3575000,,False
2026-02-08 18:56:23,7000000,,False
2026-02-08 18:56:23,7000000,,False
2026-02-08 18:56:28,7025000,245.5906103055624,True
2026-02-08 18:56:28,7025000,245.59061030556236,True
2026-02-08 18:56:33,7050000,,False
2026-02-08 18:56:33,7050000,,False
2026-02-08 18:56:39,3525000,,False
2026-02-08 18:56:39,3525000,,False
2026-02-08 18:56:44,3550000,,False
2026-02-08 18:56:44,3550000,,False
2026-02-08 18:56:49,3575000,,False
2026-02-08 18:56:49,3575000,,False
2026-02-08 19:01:54,7000000,255.56772884922583,True
2026-02-08 19:01:54,7000000,255.56772884922583,True
2026-02-08 19:02:00,7025000,,False
2026-02-08 19:02:00,7025000,,False
2026-02-08 19:02:05,7050000,254.80025819202092,True
2026-02-08 19:02:05,7050000,254.80025819202095,True
2026-02-08 19:02:11,3525000,,False
2026-02-08 19:02:11,3525000,,False
2026-02-08 19:02:16,3550000,,False
2026-02-08 19:02:16,3550000,,False
2026-02-08 19:02:21,3575000,,False
2026-02-08 19:02:21,3575000,,False
2026-02-08 19:07:26,7000000,244.0556689911526,True
2026-02-08 19:07:26,7000000,244.0556689911526,True
2026-02-08 19:07:32,7025000,,False
2026-02-08 19:07:32,7025000,,False
2026-02-08 19:07:38,7050000,240.98578636233307,True
2026-02-08 19:07:38,7050000,240.98578636233307,True
2026-02-08 19:07:43,3525000,,False
2026-02-08 19:07:43,3525000,,False
2026-02-08 19:07:48,3550000,,False
2026-02-08 19:07:48,3550000,,False
2026-02-08 19:07:53,3575000,,False
2026-02-08 19:07:53,3575000,,False
2026-02-08 19:12:59,7000000,,False
2026-02-08 19:12:59,7000000,,False
2026-02-08 19:13:04,7025000,,False
2026-02-08 19:13:04,7025000,,False
2026-02-08 19:13:10,7050000,260.94002344966003,True
2026-02-08 19:13:10,7050000,260.94002344966003,True
2026-02-08 19:13:15,3525000,,False
2026-02-08 19:13:15,3525000,,False
2026-02-08 19:13:20,3550000,,False
2026-02-08 19:13:20,3550000,,False
2026-02-08 19:13:26,3575000,,False
2026-02-08 19:13:26,3575000,,False
2026-02-08 19:18:31,7000000,,False
2026-02-08 19:18:31,7000000,,False
2026-02-08 19:18:36,7025000,,False
2026-02-08 19:18:36,7025000,,False
2026-02-08 19:18:42,7050000,257.8701408208405,True
2026-02-08 19:18:42,7050000,257.8701408208405,True
2026-02-08 19:18:47,3525000,,False
2026-02-08 19:18:47,3525000,,False
2026-02-08 19:18:53,3550000,,False
2026-02-08 19:18:53,3550000,,False
2026-02-08 19:18:58,3575000,,False
2026-02-08 19:18:58,3575000,,False
2026-02-08 19:24:03,7000000,263.24243542127465,True
2026-02-08 19:24:03,7000000,263.24243542127465,True
2026-02-08 19:24:09,7025000,,False
2026-02-08 19:24:09,7025000,,False
2026-02-08 19:24:15,7050000,273.987024622143,True
2026-02-08 19:24:15,7050000,273.987024622143,True
2026-02-08 19:24:20,3525000,,False
2026-02-08 19:24:20,3525000,,False
2026-02-08 19:24:25,3550000,,False
2026-02-08 19:24:25,3550000,,False
2026-02-08 19:24:30,3575000,,False
2026-02-08 19:24:30,3575000,,False
2026-02-08 19:29:36,7000000,255.56772884922583,True
2026-02-08 19:29:36,7000000,255.56772884922583,True
2026-02-08 19:29:41,7025000,,False
2026-02-08 19:29:41,7025000,,False
2026-02-08 19:29:47,7050000,254.80025819202095,True
2026-02-08 19:29:47,7050000,254.80025819202092,True
2026-02-08 19:29:52,3525000,,False
2026-02-08 19:29:52,3525000,,False
2026-02-08 19:29:57,3550000,,False
2026-02-08 19:29:57,3550000,,False
2026-02-08 19:30:03,3575000,,False
2026-02-08 19:30:03,3575000,,False
2026-02-08 19:35:08,7000000,254.80025819202095,True
2026-02-08 19:35:08,7000000,254.80025819202092,True
2026-02-08 19:35:13,7025000,,False
2026-02-08 19:35:13,7025000,,False
2026-02-08 19:35:19,7050000,249.4279635915868,True
2026-02-08 19:35:19,7050000,249.4279635915868,True
2026-02-08 19:35:24,3525000,,False
2026-02-08 19:35:24,3525000,,False
2026-02-08 19:35:30,3550000,,False
2026-02-08 19:35:30,3550000,,False
2026-02-08 19:35:35,3575000,,False
2026-02-08 19:35:35,3575000,,False
2026-02-08 19:40:40,7000000,256.33519950643074,True
2026-02-08 19:40:40,7000000,256.33519950643074,True
2026-02-08 19:40:46,7025000,,False
2026-02-08 19:40:46,7025000,,False
2026-02-08 19:40:51,7050000,,False
2026-02-08 19:40:51,7050000,,False
2026-02-08 19:40:57,3525000,,False
2026-02-08 19:40:57,3525000,,False
2026-02-08 19:41:02,3550000,,False
2026-02-08 19:41:02,3550000,,False
2026-02-08 19:41:07,3575000,,False
2026-02-08 19:41:07,3575000,,False
2026-02-08 19:46:13,7000000,,False
2026-02-08 19:46:13,7000000,,False
2026-02-08 19:46:18,7025000,,False
2026-02-08 19:46:18,7025000,,False
2026-02-08 19:46:24,7050000,268.61473002170885,True
2026-02-08 19:46:24,7050000,268.61473002170885,True
2026-02-08 19:46:29,3525000,,False
2026-02-08 19:46:29,3525000,,False
2026-02-08 19:46:34,3550000,,False
2026-02-08 19:46:34,3550000,,False
2026-02-08 19:46:39,3575000,,False
2026-02-08 19:46:39,3575000,,False
2026-02-08 19:51:45,7000000,267.84725936450394,True
2026-02-08 19:51:45,7000000,267.84725936450394,True
2026-02-08 19:51:50,7025000,,False
2026-02-08 19:51:50,7025000,,False
2026-02-08 19:51:56,7050000,260.1725527924551,True
2026-02-08 19:51:56,7050000,260.1725527924551,True
2026-02-08 19:52:01,3525000,,False
2026-02-08 19:52:01,3525000,,False
2026-02-08 19:52:06,3550000,,False
2026-02-08 19:52:06,3550000,,False
2026-02-08 19:52:12,3575000,,False
2026-02-08 19:52:12,3575000,,False
2026-02-08 19:57:17,7000000,260.94002344966003,True
2026-02-08 19:57:17,7000000,260.94002344966003,True
2026-02-08 19:57:22,7025000,,False
2026-02-08 19:57:22,7025000,,False
2026-02-08 19:57:28,7050000,,False
2026-02-08 19:57:28,7050000,,False
2026-02-08 19:57:34,3525000,,False
2026-02-08 19:57:34,3525000,,False
2026-02-08 19:57:39,3550000,,False
2026-02-08 19:57:39,3550000,,False
2026-02-08 19:57:44,3575000,,False
2026-02-08 19:57:44,3575000,,False
2026-02-08 20:02:49,7000000,246.35808096276725,True
2026-02-08 20:02:49,7000000,246.35808096276725,True
2026-02-08 20:02:55,7025000,,False
2026-02-08 20:02:55,7025000,,False
2026-02-08 20:03:01,7050000,256.33519950643074,True
2026-02-08 20:03:01,7050000,256.33519950643074,True
2026-02-08 20:03:06,3525000,,False
2026-02-08 20:03:06,3525000,,False
2026-02-08 20:03:11,3550000,,False
2026-02-08 20:03:11,3550000,,False
2026-02-08 20:03:16,3575000,,False
2026-02-08 20:03:16,3575000,,False
2026-02-08 20:08:22,7000000,251.73037556320145,True
2026-02-08 20:08:22,7000000,251.73037556320145,True
2026-02-08 20:08:27,7025000,,False
2026-02-08 20:08:27,7025000,,False
2026-02-08 20:08:33,7050000,,False
2026-02-08 20:08:33,7050000,,False
2026-02-08 20:08:38,3525000,,False
2026-02-08 20:08:38,3525000,,False
2026-02-08 20:08:43,3550000,,False
2026-02-08 20:08:43,3550000,,False
2026-02-08 20:08:49,3575000,,False
2026-02-08 20:08:49,3575000,,False
2026-02-08 20:13:54,7000000,258.63761147804536,True
2026-02-08 20:13:54,7000000,258.63761147804536,True
2026-02-08 20:13:59,7025000,,False
2026-02-08 20:13:59,7025000,,False
2026-02-08 20:14:05,7050000,250.19543424879168,True
2026-02-08 20:14:05,7050000,250.19543424879168,True
2026-02-08 20:14:10,3525000,,False
2026-02-08 20:14:10,3525000,,False
2026-02-08 20:14:16,3550000,,False
2026-02-08 20:14:16,3550000,,False
2026-02-08 20:14:21,3575000,,False
2026-02-08 20:14:21,3575000,,False
2026-02-08 20:19:26,7000000,252.4978462204063,True
2026-02-08 20:19:26,7000000,252.4978462204063,True
2026-02-08 20:19:32,7025000,,False
2026-02-08 20:19:32,7025000,,False
2026-02-08 20:19:37,7050000,261.7074941068649,True
2026-02-08 20:19:37,7050000,261.7074941068649,True
2026-02-08 20:19:43,3525000,,False
2026-02-08 20:19:43,3525000,,False
2026-02-08 20:19:48,3550000,,False
2026-02-08 20:19:48,3550000,,False
2026-02-08 20:19:53,3575000,,False
2026-02-08 20:19:53,3575000,,False
2026-02-08 20:24:58,7000000,,False
2026-02-08 20:24:58,7000000,,False
2026-02-08 20:25:04,7025000,,False
2026-02-08 20:25:04,7025000,,False
2026-02-08 20:25:09,7050000,,False
2026-02-08 20:25:09,7050000,,False
2026-02-08 20:25:15,3525000,,False
2026-02-08 20:25:15,3525000,,False
2026-02-08 20:25:20,3550000,,False
2026-02-08 20:25:20,3550000,,False
2026-02-08 20:25:25,3575000,,False
2026-02-08 20:25:25,3575000,,False
2026-02-08 20:30:31,7000000,,False
2026-02-08 20:30:31,7000000,,False
2026-02-08 20:30:36,7025000,,False
2026-02-08 20:30:36,7025000,,False
2026-02-08 20:30:42,7050000,252.4978462204063,True
2026-02-08 20:30:42,7050000,252.4978462204063,True
2026-02-08 20:30:47,3525000,,False
2026-02-08 20:30:47,3525000,,False
2026-02-08 20:30:52,3550000,,False
2026-02-08 20:30:52,3550000,,False
2026-02-08 20:30:57,3575000,,False
2026-02-08 20:30:57,3575000,,False
2026-02-08 20:36:03,7000000,240.98578636233307,True
2026-02-08 20:36:03,7000000,240.98578636233307,True
2026-02-08 20:36:08,7025000,,False
2026-02-08 20:36:08,7025000,,False
2026-02-08 20:36:13,7050000,,False
2026-02-08 20:36:13,7050000,,False
2026-02-08 20:36:19,3525000,,False
2026-02-08 20:36:19,3525000,,False
2026-02-08 20:36:24,3550000,,False
2026-02-08 20:36:24,3550000,,False
2026-02-08 20:36:29,3575000,,False
2026-02-08 20:36:29,3575000,,False
2026-02-08 20:41:34,7000000,250.19543424879168,True
2026-02-08 20:41:34,7000000,250.19543424879168,True
2026-02-08 20:41:40,7025000,293.1737910522651,True
2026-02-08 20:41:40,7025000,293.1737910522651,True
2026-02-08 20:41:46,7050000,244.82313964835748,True
2026-02-08 20:41:46,7050000,244.82313964835748,True
2026-02-08 20:41:51,3525000,,False
2026-02-08 20:41:51,3525000,,False
2026-02-08 20:41:56,3550000,,False
2026-02-08 20:41:56,3550000,,False
2026-02-08 20:42:01,3575000,,False
2026-02-08 20:42:01,3575000,,False
2026-02-08 20:47:07,7000000,249.4279635915868,True
2026-02-08 20:47:07,7000000,249.4279635915868,True
2026-02-08 20:47:12,7025000,,False
2026-02-08 20:47:12,7025000,,False
2026-02-08 20:47:18,7050000,,False
2026-02-08 20:47:18,7050000,,False
2026-02-08 20:47:23,3525000,,False
2026-02-08 20:47:23,3525000,,False
2026-02-08 20:47:28,3550000,,False
2026-02-08 20:47:28,3550000,,False
2026-02-08 20:47:34,3575000,,False
2026-02-08 20:47:34,3575000,,False
2026-02-08 20:52:39,7000000,250.19543424879168,True
2026-02-08 20:52:39,7000000,250.19543424879168,True
2026-02-08 20:52:44,7025000,,False
2026-02-08 20:52:44,7025000,,False
2026-02-08 20:52:50,7050000,257.8701408208405,True
2026-02-08 20:52:50,7050000,257.8701408208405,True
2026-02-08 20:52:55,3525000,,False
2026-02-08 20:52:55,3525000,,False
2026-02-08 20:53:01,3550000,,False
2026-02-08 20:53:01,3550000,,False
2026-02-08 20:53:06,3575000,,False
2026-02-08 20:53:06,3575000,,False
2026-02-08 20:58:11,7000000,250.19543424879168,True
2026-02-08 20:58:11,7000000,250.19543424879168,True
2026-02-08 20:58:17,7025000,,False
2026-02-08 20:58:17,7025000,,False
2026-02-08 20:58:22,7050000,,False
2026-02-08 20:58:22,7050000,,False
2026-02-08 20:58:28,3525000,,False
2026-02-08 20:58:28,3525000,,False
2026-02-08 20:58:33,3550000,,False
2026-02-08 20:58:33,3550000,,False
2026-02-08 20:58:38,3575000,,False
2026-02-08 20:58:38,3575000,,False
2026-02-08 21:03:43,7000000,242.52072767674284,True
2026-02-08 21:03:43,7000000,242.52072767674284,True
2026-02-08 21:03:49,7025000,,False
2026-02-08 21:03:49,7025000,,False
2026-02-08 21:03:54,7050000,243.28819833394772,True
2026-02-08 21:03:54,7050000,243.2881983339477,True
2026-02-08 21:04:00,3525000,,False
2026-02-08 21:04:00,3525000,,False
2026-02-08 21:04:05,3550000,,False
2026-02-08 21:04:05,3550000,,False
2026-02-08 21:04:10,3575000,,False
2026-02-08 21:04:10,3575000,,False
2026-02-08 21:09:16,7000000,244.0556689911526,True
2026-02-08 21:09:16,7000000,244.0556689911526,True
2026-02-08 21:09:21,7025000,,False
2026-02-08 21:09:21,7025000,,False
2026-02-08 21:09:27,7050000,231.0086678186696,True
2026-02-08 21:09:27,7050000,231.0086678186696,True
2026-02-08 21:09:32,3525000,,False
2026-02-08 21:09:32,3525000,,False
2026-02-08 21:09:37,3550000,,False
2026-02-08 21:09:37,3550000,,False
2026-02-08 21:09:42,3575000,,False
2026-02-08 21:09:42,3575000,,False
2026-02-08 21:14:48,7000000,249.4279635915868,True
2026-02-08 21:14:48,7000000,249.4279635915868,True
2026-02-08 21:14:53,7025000,,False
2026-02-08 21:14:53,7025000,,False
2026-02-08 21:14:59,7050000,241.75325701953795,True
2026-02-08 21:14:59,7050000,241.75325701953795,True
2026-02-08 21:15:04,3525000,,False
2026-02-08 21:15:04,3525000,,False
2026-02-08 21:15:09,3550000,,False
2026-02-08 21:15:09,3550000,,False
2026-02-08 21:15:15,3575000,,False
2026-02-08 21:15:15,3575000,,False
2026-02-08 21:20:20,7000000,245.59061030556236,True
2026-02-08 21:20:20,7000000,245.5906103055624,True
2026-02-08 21:20:25,7025000,,False
2026-02-08 21:20:25,7025000,,False
2026-02-08 21:20:31,7050000,245.59061030556236,True
2026-02-08 21:20:31,7050000,245.5906103055624,True
2026-02-08 21:20:36,3525000,,False
2026-02-08 21:20:36,3525000,,False
2026-02-08 21:20:42,3550000,,False
2026-02-08 21:20:42,3550000,,False
2026-02-08 21:20:47,3575000,,False
2026-02-08 21:20:47,3575000,,False
2026-02-08 21:25:52,7000000,255.56772884922583,True
2026-02-08 21:25:52,7000000,255.56772884922583,True
2026-02-08 21:25:57,7025000,,False
2026-02-08 21:25:57,7025000,,False
2026-02-08 21:26:03,7050000,244.0556689911526,True
2026-02-08 21:26:03,7050000,244.0556689911526,True
2026-02-08 21:26:09,3525000,,False
2026-02-08 21:26:09,3525000,,False
2026-02-08 21:26:14,3550000,,False
2026-02-08 21:26:14,3550000,,False
2026-02-08 21:26:19,3575000,,False
2026-02-08 21:26:19,3575000,,False
2026-02-08 21:31:24,7000000,253.2653168776112,True
2026-02-08 21:31:24,7000000,253.26531687761118,True
2026-02-08 21:31:30,7025000,,False
2026-02-08 21:31:30,7025000,,False
2026-02-08 21:31:36,7050000,250.96290490599657,True
2026-02-08 21:31:36,7050000,250.96290490599657,True
2026-02-08 21:31:41,3525000,,False
2026-02-08 21:31:41,3525000,,False
2026-02-08 21:31:46,3550000,,False
2026-02-08 21:31:46,3550000,,False
2026-02-08 21:31:51,3575000,,False
2026-02-08 21:31:51,3575000,,False
2026-02-08 21:36:57,7000000,247.12555161997213,True
2026-02-08 21:36:57,7000000,247.12555161997213,True
2026-02-08 21:37:02,7025000,,False
2026-02-08 21:37:02,7025000,,False
2026-02-08 21:37:08,7050000,253.26531687761118,True
2026-02-08 21:37:08,7050000,253.2653168776112,True
2026-02-08 21:37:13,3525000,,False
2026-02-08 21:37:13,3525000,,False
2026-02-08 21:37:18,3550000,,False
2026-02-08 21:37:18,3550000,,False
2026-02-08 21:37:23,3575000,,False
2026-02-08 21:37:23,3575000,,False
2026-02-08 21:42:29,7000000,246.35808096276725,True
2026-02-08 21:42:29,7000000,246.35808096276725,True
2026-02-08 21:42:34,7025000,,False
2026-02-08 21:42:34,7025000,,False
2026-02-08 21:42:40,7050000,,False
2026-02-08 21:42:40,7050000,,False
2026-02-08 21:42:45,3525000,,False
2026-02-08 21:42:45,3525000,,False
2026-02-08 21:42:50,3550000,,False
2026-02-08 21:42:50,3550000,,False
2026-02-08 21:42:55,3575000,,False
2026-02-08 21:42:55,3575000,,False
2026-02-08 21:48:01,7000000,,False
2026-02-08 21:48:01,7000000,,False
2026-02-08 21:48:06,7025000,,False
2026-02-08 21:48:06,7025000,,False
2026-02-08 21:48:12,7050000,256.33519950643074,True
2026-02-08 21:48:12,7050000,256.33519950643074,True
2026-02-08 21:48:17,3525000,,False
2026-02-08 21:48:17,3525000,,False
2026-02-08 21:48:22,3550000,,False
2026-02-08 21:48:22,3550000,,False
2026-02-08 21:48:28,3575000,,False
2026-02-08 21:48:28,3575000,,False
2026-02-08 21:53:33,7000000,260.94002344966003,True
2026-02-08 21:53:33,7000000,260.94002344966003,True
2026-02-08 21:53:38,7025000,,False
2026-02-08 21:53:38,7025000,,False
2026-02-08 21:53:44,7050000,,False
2026-02-08 21:53:44,7050000,,False
2026-02-08 21:53:50,3525000,,False
2026-02-08 21:53:50,3525000,,False
2026-02-08 21:53:55,3550000,,False
2026-02-08 21:53:55,3550000,,False
2026-02-08 21:54:00,3575000,,False
2026-02-08 21:54:00,3575000,,False
2026-02-08 21:59:05,7000000,255.56772884922583,True
2026-02-08 21:59:05,7000000,255.56772884922583,True
2026-02-08 21:59:11,7025000,,False
2026-02-08 21:59:11,7025000,,False
2026-02-08 21:59:17,7050000,,False
2026-02-08 21:59:17,7050000,,False
2026-02-08 21:59:22,3525000,,False
2026-02-08 21:59:22,3525000,,False
2026-02-08 21:59:27,3550000,,False
2026-02-08 21:59:27,3550000,,False
2026-02-08 21:59:32,3575000,,False
2026-02-08 21:59:32,3575000,,False
2026-02-08 22:04:38,7000000,,False
2026-02-08 22:04:38,7000000,,False
2026-02-08 22:04:43,7025000,,False
2026-02-08 22:04:43,7025000,,False
2026-02-08 22:04:49,7050000,279.3593192225772,True
2026-02-08 22:04:49,7050000,279.3593192225772,True
2026-02-08 22:04:54,3525000,,False
2026-02-08 22:04:54,3525000,,False
2026-02-08 22:04:59,3550000,,False
2026-02-08 22:04:59,3550000,,False
2026-02-08 22:05:05,3575000,,False
2026-02-08 22:05:05,3575000,,False
2026-02-08 22:10:10,7000000,256.33519950643074,True
2026-02-08 22:10:10,7000000,256.33519950643074,True
2026-02-08 22:10:15,7025000,,False
2026-02-08 22:10:15,7025000,,False
2026-02-08 22:10:21,7050000,,False
2026-02-08 22:10:21,7050000,,False
2026-02-08 22:10:26,3525000,,False
2026-02-08 22:10:26,3525000,,False
2026-02-08 22:10:32,3550000,,False
2026-02-08 22:10:32,3550000,,False
2026-02-08 22:10:37,3575000,,False
2026-02-08 22:10:37,3575000,,False
2026-02-08 22:15:42,7000000,252.4978462204063,True
2026-02-08 22:15:42,7000000,252.4978462204063,True
2026-02-08 22:15:48,7025000,,False
2026-02-08 22:15:48,7025000,,False
2026-02-08 22:15:53,7050000,,False
2026-02-08 22:15:53,7050000,,False
2026-02-08 22:15:59,3525000,,False
2026-02-08 22:15:59,3525000,,False
2026-02-08 22:16:04,3550000,,False
2026-02-08 22:16:04,3550000,,False
2026-02-08 22:16:09,3575000,,False
2026-02-08 22:16:09,3575000,,False
2026-02-08 22:21:14,7000000,,False
2026-02-08 22:21:14,7000000,,False
2026-02-08 22:21:20,7025000,244.0556689911526,True
2026-02-08 22:21:20,7025000,244.0556689911526,True
2026-02-08 22:21:25,7050000,273.987024622143,True
2026-02-08 22:21:25,7050000,273.987024622143,True
2026-02-08 22:21:31,3525000,,False
2026-02-08 22:21:31,3525000,,False
2026-02-08 22:21:36,3550000,,False
2026-02-08 22:21:36,3550000,,False
2026-02-08 22:21:41,3575000,,False
2026-02-08 22:21:41,3575000,,False
2026-02-08 22:26:47,7000000,269.3822006789137,True
2026-02-08 22:26:47,7000000,269.3822006789137,True
2026-02-08 22:26:52,7025000,,False
2026-02-08 22:26:52,7025000,,False
2026-02-08 22:26:58,7050000,,False
2026-02-08 22:26:58,7050000,,False
2026-02-08 22:27:03,3525000,230.24119716146473,True
2026-02-08 22:27:03,3525000,230.24119716146475,True
2026-02-08 22:27:08,3550000,,False
2026-02-08 22:27:08,3550000,,False
2026-02-08 22:27:13,3575000,,False
2026-02-08 22:27:13,3575000,,False
2026-02-08 22:32:19,7000000,,False
2026-02-08 22:32:19,7000000,,False
2026-02-08 22:32:24,7025000,,False
2026-02-08 22:32:24,7025000,,False
2026-02-08 22:32:30,7050000,,False
2026-02-08 22:32:30,7050000,,False
2026-02-08 22:32:35,3525000,,False
2026-02-08 22:32:35,3525000,,False
2026-02-08 22:32:41,3550000,,False
2026-02-08 22:32:41,3550000,,False
2026-02-08 22:32:46,3575000,,False
2026-02-08 22:32:46,3575000,,False
2026-02-08 22:37:51,7000000,263.24243542127465,True
2026-02-08 22:37:51,7000000,263.24243542127465,True
2026-02-08 22:37:56,7025000,270.1496713361186,True
2026-02-08 22:37:56,7025000,270.1496713361186,True
2026-02-08 22:38:02,7050000,264.7773767356844,True
2026-02-08 22:38:02,7050000,264.7773767356844,True
2026-02-08 22:38:08,3525000,,False
2026-02-08 22:38:08,3525000,,False
2026-02-08 22:38:13,3550000,,False
2026-02-08 22:38:13,3550000,,False
2026-02-08 22:38:18,3575000,,False
2026-02-08 22:38:18,3575000,,False
2026-02-08 22:43:23,7000000,262.4749647640698,True
2026-02-08 22:43:23,7000000,262.4749647640698,True
2026-02-08 22:43:29,7025000,,False
2026-02-08 22:43:29,7025000,,False
2026-02-08 22:43:35,7050000,257.8701408208405,True
2026-02-08 22:43:35,7050000,257.8701408208405,True
2026-02-08 22:43:40,3525000,,False
2026-02-08 22:43:40,3525000,,False
2026-02-08 22:43:45,3550000,,False
2026-02-08 22:43:45,3550000,,False
2026-02-08 22:43:50,3575000,,False
2026-02-08 22:43:50,3575000,,False
2026-02-08 22:48:56,7000000,267.0797887072991,True
2026-02-08 22:48:56,7000000,267.0797887072991,True
2026-02-08 22:49:01,7025000,,False
2026-02-08 22:49:01,7025000,,False
2026-02-08 22:49:06,7050000,,False
2026-02-08 22:49:06,7050000,,False
2026-02-08 22:49:12,3525000,,False
2026-02-08 22:49:12,3525000,,False
2026-02-08 22:49:17,3550000,,False
2026-02-08 22:49:17,3550000,,False
2026-02-08 22:49:22,3575000,,False
2026-02-08 22:49:22,3575000,,False
2026-02-08 22:54:28,7000000,260.94002344966003,True
2026-02-08 22:54:28,7000000,260.94002344966003,True
2026-02-08 22:54:33,7025000,,False
2026-02-08 22:54:33,7025000,,False
2026-02-08 22:54:38,7050000,,False
2026-02-08 22:54:38,7050000,,False
2026-02-08 22:54:43,3525000,234.07855044748916,True
2026-02-08 22:54:43,3525000,234.07855044748914,True
2026-02-08 22:54:49,3550000,,False
2026-02-08 22:54:49,3550000,,False
2026-02-08 22:54:54,3575000,,False
2026-02-08 22:54:54,3575000,,False
2026-02-08 22:59:59,7000000,258.63761147804536,True
2026-02-08 22:59:59,7000000,258.63761147804536,True
2026-02-08 23:00:05,7025000,260.94002344966003,True
2026-02-08 23:00:05,7025000,260.94002344966003,True
2026-02-08 23:00:10,7050000,263.24243542127465,True
2026-02-08 23:00:10,7050000,263.24243542127465,True
2026-02-08 23:00:15,3525000,234.07855044748914,True
2026-02-08 23:00:15,3525000,234.07855044748916,True
2026-02-08 23:00:20,3550000,321.5702053688457,True
2026-02-08 23:00:20,3550000,321.5702053688457,True
2026-02-08 23:00:26,3575000,297.01114433828945,True
2026-02-08 23:00:26,3575000,297.01114433828945,True
2026-02-08 23:05:31,7000000,264.0099060784796,True
2026-02-08 23:05:31,7000000,264.00990607847956,True
2026-02-08 23:05:36,7025000,,False
2026-02-08 23:05:36,7025000,,False
2026-02-08 23:05:42,7050000,270.1496713361186,True
2026-02-08 23:05:42,7050000,270.1496713361186,True
2026-02-08 23:05:47,3525000,,False
2026-02-08 23:05:47,3525000,,False
2026-02-08 23:05:52,3550000,,False
2026-02-08 23:05:52,3550000,,False
2026-02-08 23:05:57,3575000,,False
2026-02-08 23:05:57,3575000,,False
2026-02-08 23:11:03,7000000,310.0581455107725,True
2026-02-08 23:11:03,7000000,310.0581455107725,True
2026-02-08 23:11:08,7025000,303.9183802531334,True
2026-02-08 23:11:08,7025000,303.9183802531334,True
2026-02-08 23:11:13,7050000,,False
2026-02-08 23:11:13,7050000,,False
2026-02-08 23:11:19,3525000,235.6134917618989,True
2026-02-08 23:11:19,3525000,235.6134917618989,True
2026-02-08 23:11:24,3550000,,False
2026-02-08 23:11:24,3550000,,False
2026-02-08 23:11:29,3575000,237.14843307630863,True
2026-02-08 23:11:29,3575000,237.14843307630863,True
2026-02-08 23:16:34,7000000,,False
2026-02-08 23:16:34,7000000,,False
2026-02-08 23:16:40,7025000,305.4533215675432,True
2026-02-08 23:16:40,7025000,305.4533215675432,True
2026-02-08 23:16:45,7050000,,False
2026-02-08 23:16:45,7050000,,False
2026-02-08 23:16:50,3525000,,False
2026-02-08 23:16:50,3525000,,False
2026-02-08 23:16:55,3550000,,False
2026-02-08 23:16:55,3550000,,False
2026-02-08 23:17:01,3575000,280.1267898797821,True
2026-02-08 23:17:01,3575000,280.1267898797821,True
2026-02-08 23:22:06,7000000,,False
2026-02-08 23:22:06,7000000,,False
2026-02-08 23:22:11,7025000,316.96538142561644,True
2026-02-08 23:22:11,7025000,316.96538142561644,True
2026-02-08 23:22:17,7050000,300.8484976243139,True
2026-02-08 23:22:17,7050000,300.8484976243139,True
2026-02-08 23:22:22,3525000,,False
2026-02-08 23:22:22,3525000,,False
2026-02-08 23:22:27,3550000,,False
2026-02-08 23:22:27,3550000,,False
2026-02-08 23:22:32,3575000,,False
2026-02-08 23:22:32,3575000,,False
2026-02-08 23:27:38,7000000,,False
2026-02-08 23:27:38,7000000,,False
2026-02-08 23:27:43,7025000,325.4075586548701,True
2026-02-08 23:27:43,7025000,325.4075586548701,True
2026-02-08 23:27:48,7050000,304.6858509103384,True
2026-02-08 23:27:48,7050000,304.68585091033833,True
2026-02-08 23:27:53,3525000,,False
2026-02-08 23:27:53,3525000,,False
2026-02-08 23:27:59,3550000,,False
2026-02-08 23:27:59,3550000,,False
2026-02-08 23:28:04,3575000,,False
2026-02-08 23:28:04,3575000,,False
2026-02-08 23:33:09,7000000,343.82685442778734,True
2026-02-08 23:33:09,7000000,343.82685442778734,True
2026-02-08 23:33:15,7025000,329.2449119408945,True
2026-02-08 23:33:15,7025000,329.24491194089455,True
2026-02-08 23:33:20,7050000,306.2207922247481,True
2026-02-08 23:33:20,7050000,306.2207922247481,True
2026-02-08 23:33:25,3525000,,False
2026-02-08 23:33:25,3525000,,False
2026-02-08 23:33:30,3550000,,False
2026-02-08 23:33:30,3550000,,False
2026-02-08 23:33:36,3575000,,False
2026-02-08 23:33:36,3575000,,False
2026-02-08 23:38:41,7000000,,False
2026-02-08 23:38:41,7000000,,False
2026-02-08 23:38:46,7025000,297.01114433828945,True
2026-02-08 23:38:46,7025000,297.01114433828945,True
2026-02-08 23:38:52,7050000,318.5003227400262,True
2026-02-08 23:38:52,7050000,318.5003227400262,True
2026-02-08 23:38:57,3525000,242.52072767674284,True
2026-02-08 23:38:57,3525000,242.52072767674284,True
2026-02-08 23:39:02,3550000,,False
2026-02-08 23:39:02,3550000,,False
2026-02-08 23:39:07,3575000,,False
2026-02-08 23:39:07,3575000,,False
2026-02-08 23:44:13,7000000,295.4762030238797,True
2026-02-08 23:44:13,7000000,295.4762030238797,True
2026-02-08 23:44:18,7025000,,False
2026-02-08 23:44:18,7025000,,False
2026-02-08 23:44:24,7050000,,False
2026-02-08 23:44:24,7050000,,False
2026-02-08 23:44:29,3525000,,False
2026-02-08 23:44:29,3525000,,False
2026-02-08 23:44:34,3550000,,False
2026-02-08 23:44:34,3550000,,False
2026-02-08 23:44:39,3575000,,False
2026-02-08 23:44:39,3575000,,False
2026-02-08 23:49:45,7000000,304.68585091033833,True
2026-02-08 23:49:45,7000000,304.6858509103384,True
2026-02-08 23:49:50,7025000,,False
2026-02-08 23:49:50,7025000,,False
2026-02-08 23:49:55,7050000,254.03278753481607,True
2026-02-08 23:49:55,7050000,254.03278753481607,True
2026-02-08 23:50:00,3525000,,False
2026-02-08 23:50:00,3525000,,False
2026-02-08 23:50:06,3550000,,False
2026-02-08 23:50:06,3550000,,False
2026-02-08 23:50:11,3575000,,False
2026-02-08 23:50:11,3575000,,False
2026-02-08 23:55:16,7000000,286.2665551374211,True
2026-02-08 23:55:16,7000000,286.2665551374211,True
2026-02-08 23:55:22,7025000,,False
2026-02-08 23:55:22,7025000,,False
2026-02-08 23:55:27,7050000,,False
2026-02-08 23:55:27,7050000,,False
2026-02-08 23:55:32,3525000,,False
2026-02-08 23:55:32,3525000,,False
2026-02-08 23:55:38,3550000,,False
2026-02-08 23:55:38,3550000,,False
2026-02-08 23:55:43,3575000,,False
2026-02-08 23:55:43,3575000,,False
