utc_times,frequencies_Hz,virtual_heights_km,echo_detected
2026-02-18 00:02:33,7000000,287.034025794626,True
2026-02-18 00:02:33,7000000,287.034025794626,True
2026-02-18 00:02:38,7025000,272.45208330773323,True
2026-02-18 00:02:38,7025000,272.45208330773323,True
2026-02-18 00:02:43,7050000,287.034025794626,True
2026-02-18 00:02:43,7050000,287.034025794626,True
2026-02-18 00:02:48,3525000,243.2881983339477,True
2026-02-18 00:02:48,3525000,243.28819833394772,True
2026-02-18 00:02:53,3550000,247.893022277177,True
2026-02-18 00:02:53,3550000,247.893022277177,True
2026-02-18 00:02:59,3575000,,False
2026-02-18 00:02:59,3575000,,False
2026-02-18 00:08:04,7000000,349.9666196854264,True
2026-02-18 00:08:04,7000000,349.9666196854264,True
2026-02-18 00:08:09,7025000,337.6870891701483,True
2026-02-18 00:08:09,7025000,337.6870891701483,True
2026-02-18 00:08:14,7050000,,False
2026-02-18 00:08:14,7050000,,False
2026-02-18 00:08:20,3525000,,False
2026-02-18 00:08:20,3525000,,False
2026-02-18 00:08:25,3550000,231.7761384758745,True
2026-02-18 00:08:25,3550000,231.7761384758745,True
2026-02-18 00:08:30,3575000,,False
2026-02-18 00:08:30,3575000,,False
2026-02-18 00:13:35,7000000,414.4341548906365,True
2026-02-18 00:13:35,7000000,414.4341548906365,True
2026-02-18 00:13:40,7025000,,False
2026-02-18 00:13:40,7025000,,False
2026-02-18 00:13:46,7050000,,False
2026-02-18 00:13:46,7050000,,False
2026-02-18 00:13:51,3525000,,False
2026-02-18 00:13:51,3525000,,False
2026-02-18 00:13:56,3550000,,False
2026-02-18 00:13:56,3550000,,False
2026-02-18 00:14:01,3575000,,False
2026-02-18 00:14:01,3575000,,False
2026-02-18 00:19:06,7000000,,False
2026-02-18 00:19:06,7000000,,False
2026-02-18 00:19:12,7025000,,False
2026-02-18 00:19:12,7025000,,False
2026-02-18 00:19:17,7050000,293.9412617094699,True
2026-02-18 00:19:17,7050000,293.9412617094699,True
2026-02-18 00:19:22,3525000,231.7761384758745,True
2026-02-18 00:19:22,3525000,231.7761384758745,True
2026-02-18 00:19:27,3550000,,False
2026-02-18 00:19:27,3550000,,False
2026-02-18 00:19:32,3575000,,False
2026-02-18 00:19:32,3575000,,False
2026-02-18 00:24:37,7000000,,False
2026-02-18 00:24:37,7000000,,False
2026-02-18 00:24:43,7025000,,False
2026-02-18 00:24:43,7025000,,False
2026-02-18 00:24:48,7050000,384.50279925964605,True
2026-02-18 00:24:48,7050000,384.50279925964605,True
2026-02-18 00:24:53,3525000,234.07855044748914,True
2026-02-18 00:24:53,3525000,234.07855044748916,True
2026-02-18 00:24:58,3550000,237.14843307630863,True
2026-02-18 00:24:58,3550000,237.14843307630863,True
2026-02-18 00:25:03,3575000,,False
2026-02-18 00:25:03,3575000,,False
2026-02-18 00:30:08,7000000,320.035264054436,True
2026-02-18 00:30:08,7000000,320.03526405443597,True
2026-02-18 00:30:14,7025000,,False
2026-02-18 00:30:14,7025000,,False
2026-02-18 00:30:19,7050000,376.0606220303924,True
2026-02-18 00:30:19,7050000,376.0606220303924,True
2026-02-18 00:30:24,3525000,240.98578636233307,True
2026-02-18 00:30:24,3525000,240.98578636233307,True
2026-02-18 00:30:29,3550000,231.7761384758745,True
2026-02-18 00:30:29,3550000,231.7761384758745,True
2026-02-18 00:30:34,3575000,,False
2026-02-18 00:30:34,3575000,,False
2026-02-18 00:35:40,7000000,343.82685442778734,True
2026-02-18 00:35:40,7000000,343.82685442778734,True
2026-02-18 00:35:45,7025000,355.33891428586054,True
2026-02-18 00:35:45,7025000,355.33891428586054,True
2026-02-18 00:35:50,7050000,,False
2026-02-18 00:35:50,7050000,,False
2026-02-18 00:35:55,3525000,,False
2026-02-18 00:35:55,3525000,,False
2026-02-18 00:36:00,3550000,,False
2026-02-18 00:36:00,3550000,,False
2026-02-18 00:36:05,3575000,,False
2026-02-18 00:36:05,3575000,,False
2026-02-18 00:41:11,7000000,415.20162554784133,True
2026-02-18 00:41:11,7000000,415.2016255478413,True
2026-02-18 00:41:16,7025000,434.38839197796347,True
2026-02-18 00:41:16,7025000,434.38839197796347,True
2026-02-18 00:41:21,7050000,411.364272261817,True
2026-02-18 00:41:21,7050000,411.364272261817,True
2026-02-18 00:41:26,3525000,237.91590373351357,True
2026-02-18 00:41:26,3525000,237.91590373351355,True
2026-02-18 00:41:31,3550000,,False
2026-02-18 00:41:31,3550000,,False
2026-02-18 00:41:37,3575000,422.8763321198902,True
2026-02-18 00:41:37,3575000,422.8763321198902,True
2026-02-18 00:46:42,7000000,438.2257452639879,True
2026-02-18 00:46:42,7000000,438.2257452639879,True
2026-02-18 00:46:47,7025000,,False
2026-02-18 00:46:47,7025000,,False
2026-02-18 00:46:52,7050000,,False
2026-02-18 00:46:52,7050000,,False
2026-02-18 00:46:57,3525000,231.0086678186696,True
2026-02-18 00:46:57,3525000,231.0086678186696,True
2026-02-18 00:47:03,3550000,,False
2026-02-18 00:47:03,3550000,,False
2026-02-18 00:47:08,3575000,,False
2026-02-18 00:47:08,3575000,,False
2026-02-18 00:52:13,7000000,,False
2026-02-18 00:52:13,7000000,,False
2026-02-18 00:52:18,7025000,435.1558626351683,True
2026-02-18 00:52:18,7025000,435.1558626351683,True
2026-02-18 00:52:24,7050000,,False
2026-02-18 00:52:24,7050000,,False
2026-02-18 00:52:29,3525000,,False
2026-02-18 00:52:29,3525000,,False
2026-02-18 00:52:34,3550000,,False
2026-02-18 00:52:34,3550000,,False
2026-02-18 00:52:39,3575000,,False
2026-02-18 00:52:39,3575000,,False
2026-02-18 00:57:44,7000000,,False
2026-02-18 00:57:44,7000000,,False
2026-02-18 00:57:50,7025000,,False
2026-02-18 00:57:50,7025000,,False
2026-02-18 00:57:55,7050000,,False
2026-02-18 00:57:55,7050000,,False
2026-02-18 00:58:00,3525000,,False
2026-02-18 00:58:00,3525000,,False
2026-02-18 00:58:05,3550000,,False
2026-02-18 00:58:05,3550000,,False
2026-02-18 00:58:10,3575000,,False
2026-02-18 00:58:10,3575000,,False
2026-02-18 01:03:16,7000000,,False
2026-02-18 01:03:16,7000000,,False
2026-02-18 01:03:21,7025000,,False
2026-02-18 01:03:21,7025000,,False
2026-02-18 01:03:26,7050000,,False
2026-02-18 01:03:26,7050000,,False
2026-02-18 01:03:31,3525000,253.26531687761118,True
2026-02-18 01:03:31,3525000,253.2653168776112,True
2026-02-18 01:03:36,3550000,,False
2026-02-18 01:03:36,3550000,,False
2026-02-18 01:03:41,3575000,,False
2026-02-18 01:03:41,3575000,,False
2026-02-18 01:08:47,7000000,,False
2026-02-18 01:08:47,7000000,,False
2026-02-18 01:08:52,7025000,,False
2026-02-18 01:08:52,7025000,,False
2026-02-18 01:08:57,7050000,,False
2026-02-18 01:08:57,7050000,,False
2026-02-18 01:09:02,3525000,250.19543424879168,True
2026-02-18 01:09:02,3525000,250.19543424879168,True
2026-02-18 01:09:07,3550000,,False
2026-02-18 01:09:07,3550000,,False
2026-02-18 01:09:13,3575000,,False
2026-02-18 01:09:13,3575000,,False
2026-02-18 01:14:18,7000000,,False
2026-02-18 01:14:18,7000000,,False
2026-02-18 01:14:23,7025000,,False
2026-02-18 01:14:23,7025000,,False
2026-02-18 01:14:29,7050000,,False
2026-02-18 01:14:29,7050000,,False
2026-02-18 01:14:34,3525000,240.2183157051282,True
2026-02-18 01:14:34,3525000,240.2183157051282,True
2026-02-18 01:14:39,3550000,,False
2026-02-18 01:14:39,3550000,,False
2026-02-18 01:14:45,3575000,262.4749647640698,True
2026-02-18 01:14:45,3575000,262.4749647640698,True
2026-02-18 01:19:50,7000000,,False
2026-02-18 01:19:50,7000000,,False
2026-02-18 01:19:55,7025000,,False
2026-02-18 01:19:55,7025000,,False
2026-02-18 01:20:01,7050000,,False
2026-02-18 01:20:01,7050000,,False
2026-02-18 01:20:06,3525000,,False
2026-02-18 01:20:06,3525000,,False
2026-02-18 01:20:11,3550000,280.1267898797821,True
2026-02-18 01:20:11,3550000,280.1267898797821,True
2026-02-18 01:20:16,3575000,,False
2026-02-18 01:20:16,3575000,,False
2026-02-18 01:25:22,7000000,,False
2026-02-18 01:25:22,7000000,,False
2026-02-18 01:25:27,7025000,,False
2026-02-18 01:25:27,7025000,,False
2026-02-18 01:25:33,7050000,,False
2026-02-18 01:25:33,7050000,,False
2026-02-18 01:25:38,3525000,267.0797887072991,True
2026-02-18 01:25:38,3525000,267.0797887072991,True
2026-02-18 01:25:43,3550000,,False
2026-02-18 01:25:43,3550000,,False
2026-02-18 01:25:48,3575000,,False
2026-02-18 01:25:48,3575000,,False
2026-02-18 01:30:53,7000000,,False
2026-02-18 01:30:53,7000000,,False
2026-02-18 01:30:59,7025000,,False
2026-02-18 01:30:59,7025000,,False
2026-02-18 01:31:04,7050000,,False
2026-02-18 01:31:04,7050000,,False
2026-02-18 01:31:10,3525000,248.66049293438192,True
2026-02-18 01:31:10,3525000,248.66049293438192,True
2026-02-18 01:31:15,3550000,,False
2026-02-18 01:31:15,3550000,,False
2026-02-18 01:31:20,3575000,,False
2026-02-18 01:31:20,3575000,,False
2026-02-18 01:36:25,7000000,,False
2026-02-18 01:36:25,7000000,,False
2026-02-18 01:36:30,7025000,,False
2026-02-18 01:36:30,7025000,,False
2026-02-18 01:36:36,7050000,,False
2026-02-18 01:36:36,7050000,,False
2026-02-18 01:36:41,3525000,,False
2026-02-18 01:36:41,3525000,,False
2026-02-18 01:36:46,3550000,287.034025794626,True
2026-02-18 01:36:46,3550000,287.034025794626,True
2026-02-18 01:36:52,3575000,,False
2026-02-18 01:36:52,3575000,,False
2026-02-18 01:41:57,7000000,258.63761147804536,True
2026-02-18 01:41:57,7000000,258.63761147804536,True
2026-02-18 01:42:02,7025000,,False
2026-02-18 01:42:02,7025000,,False
2026-02-18 01:42:08,7050000,,False
2026-02-18 01:42:08,7050000,,False
2026-02-18 01:42:13,3525000,255.56772884922583,True
2026-02-18 01:42:13,3525000,255.56772884922583,True
2026-02-18 01:42:18,3550000,264.7773767356844,True
2026-02-18 01:42:18,3550000,264.7773767356844,True
2026-02-18 01:42:23,3575000,,False
2026-02-18 01:42:23,3575000,,False
2026-02-18 01:47:29,7000000,,False
2026-02-18 01:47:29,7000000,,False
2026-02-18 01:47:34,7025000,,False
2026-02-18 01:47:34,7025000,,False
2026-02-18 01:47:40,7050000,269.3822006789137,True
2026-02-18 01:47:40,7050000,269.3822006789137,True
2026-02-18 01:47:45,3525000,,False
2026-02-18 01:47:45,3525000,,False
2026-02-18 01:47:50,3550000,254.03278753481607,True
2026-02-18 01:47:50,3550000,254.03278753481607,True
2026-02-18 01:47:55,3575000,382.2003872880314,True
2026-02-18 01:47:55,3575000,382.2003872880314,True
2026-02-18 01:53:00,7000000,,False
2026-02-18 01:53:00,7000000,,False
2026-02-18 01:53:06,7025000,,False
2026-02-18 01:53:06,7025000,,False
2026-02-18 01:53:11,7050000,,False
2026-02-18 01:53:11,7050000,,False
2026-02-18 01:53:16,3525000,275.52196593655276,True
2026-02-18 01:53:16,3525000,275.5219659365528,True
2026-02-18 01:53:21,3550000,,False
2026-02-18 01:53:21,3550000,,False
2026-02-18 01:53:26,3575000,,False
2026-02-18 01:53:26,3575000,,False
2026-02-18 01:58:32,7000000,,False
2026-02-18 01:58:32,7000000,,False
2026-02-18 01:58:37,7025000,,False
2026-02-18 01:58:37,7025000,,False
2026-02-18 01:58:42,7050000,,False
2026-02-18 01:58:42,7050000,,False
2026-02-18 01:58:47,3525000,255.56772884922583,True
2026-02-18 01:58:47,3525000,255.56772884922583,True
2026-02-18 01:58:52,3550000,,False
2026-02-18 01:58:52,3550000,,False
2026-02-18 01:58:58,3575000,,False
2026-02-18 01:58:58,3575000,,False
2026-02-18 02:04:03,7000000,,False
2026-02-18 02:04:03,7000000,,False
2026-02-18 02:04:08,7025000,,False
2026-02-18 02:04:08,7025000,,False
2026-02-18 02:04:13,7050000,,False
2026-02-18 02:04:13,7050000,,False
2026-02-18 02:04:18,3525000,260.94002344966003,True
2026-02-18 02:04:18,3525000,260.94002344966003,True
2026-02-18 02:04:24,3550000,257.1026701636356,True
2026-02-18 02:04:24,3550000,257.1026701636356,True
2026-02-18 02:04:29,3575000,275.52196593655276,True
2026-02-18 02:04:29,3575000,275.5219659365528,True
2026-02-18 02:09:34,7000000,,False
2026-02-18 02:09:34,7000000,,False
2026-02-18 02:09:39,7025000,,False
2026-02-18 02:09:39,7025000,,False
2026-02-18 02:09:44,7050000,,False
2026-02-18 02:09:44,7050000,,False
2026-02-18 02:09:50,3525000,269.3822006789137,True
2026-02-18 02:09:50,3525000,269.3822006789137,True
2026-02-18 02:09:55,3550000,267.0797887072991,True
2026-02-18 02:09:55,3550000,267.0797887072991,True
2026-02-18 02:10:00,3575000,,False
2026-02-18 02:10:00,3575000,,False
2026-02-18 02:15:05,7000000,,False
2026-02-18 02:15:05,7000000,,False
2026-02-18 02:15:10,7025000,,False
2026-02-18 02:15:10,7025000,,False
2026-02-18 02:15:15,7050000,,False
2026-02-18 02:15:15,7050000,,False
2026-02-18 02:15:21,3525000,279.3593192225772,True
2026-02-18 02:15:21,3525000,279.3593192225772,True
2026-02-18 02:15:26,3550000,,False
2026-02-18 02:15:26,3550000,,False
2026-02-18 02:15:31,3575000,,False
2026-02-18 02:15:31,3575000,,False
2026-02-18 02:20:36,7000000,,False
2026-02-18 02:20:36,7000000,,False
2026-02-18 02:20:41,7025000,,False
2026-02-18 02:20:41,7025000,,False
2026-02-18 02:20:47,7050000,,False
2026-02-18 02:20:47,7050000,,False
2026-02-18 02:20:52,3525000,,False
2026-02-18 02:20:52,3525000,,False
2026-02-18 02:20:57,3550000,271.6846126505284,True
2026-02-18 02:20:57,3550000,271.6846126505284,True
2026-02-18 02:21:02,3575000,,False
2026-02-18 02:21:02,3575000,,False
2026-02-18 02:26:07,7000000,,False
2026-02-18 02:26:07,7000000,,False
2026-02-18 02:26:13,7025000,,False
2026-02-18 02:26:13,7025000,,False
2026-02-18 02:26:18,7050000,,False
2026-02-18 02:26:18,7050000,,False
2026-02-18 02:26:23,3525000,,False
2026-02-18 02:26:23,3525000,,False
2026-02-18 02:26:28,3550000,280.89426053698696,True
2026-02-18 02:26:28,3550000,280.89426053698696,True
2026-02-18 02:26:33,3575000,,False
2026-02-18 02:26:33,3575000,,False
2026-02-18 02:31:39,7000000,,False
2026-02-18 02:31:39,7000000,,False
2026-02-18 02:31:44,7025000,,False
2026-02-18 02:31:44,7025000,,False
2026-02-18 02:31:49,7050000,,False
2026-02-18 02:31:49,7050000,,False
2026-02-18 02:31:54,3525000,268.61473002170885,True
2026-02-18 02:31:54,3525000,268.61473002170885,True
2026-02-18 02:31:59,3550000,,False
2026-02-18 02:31:59,3550000,,False
2026-02-18 02:32:04,3575000,,False
2026-02-18 02:32:04,3575000,,False
2026-02-18 02:37:10,7000000,,False
2026-02-18 02:37:10,7000000,,False
2026-02-18 02:37:15,7025000,,False
2026-02-18 02:37:15,7025000,,False
2026-02-18 02:37:20,7050000,,False
2026-02-18 02:37:20,7050000,,False
2026-02-18 02:37:25,3525000,264.0099060784796,True
2026-02-18 02:37:25,3525000,264.00990607847956,True
2026-02-18 02:37:30,3550000,269.3822006789137,True
2026-02-18 02:37:30,3550000,269.3822006789137,True
2026-02-18 02:37:35,3575000,,False
2026-02-18 02:37:35,3575000,,False
2026-02-18 02:42:41,7000000,,False
2026-02-18 02:42:41,7000000,,False
2026-02-18 02:42:46,7025000,,False
2026-02-18 02:42:46,7025000,,False
2026-02-18 02:42:51,7050000,,False
2026-02-18 02:42:51,7050000,,False
2026-02-18 02:42:56,3525000,,False
2026-02-18 02:42:56,3525000,,False
2026-02-18 02:43:01,3550000,,False
2026-02-18 02:43:01,3550000,,False
2026-02-18 02:43:07,3575000,,False
2026-02-18 02:43:07,3575000,,False
2026-02-18 02:48:12,7000000,,False
2026-02-18 02:48:12,7000000,,False
2026-02-18 02:48:17,7025000,,False
2026-02-18 02:48:17,7025000,,False
2026-02-18 02:48:22,7050000,,False
2026-02-18 02:48:22,7050000,,False
2026-02-18 02:48:27,3525000,,False
2026-02-18 02:48:27,3525000,,False
2026-02-18 02:48:33,3550000,329.24491194089455,True
2026-02-18 02:48:33,3550000,329.2449119408945,True
2026-02-18 02:48:38,3575000,,False
2026-02-18 02:48:38,3575000,,False
2026-02-18 02:53:43,7000000,,False
2026-02-18 02:53:43,7000000,,False
2026-02-18 02:53:48,7025000,,False
2026-02-18 02:53:48,7025000,,False
2026-02-18 02:53:53,7050000,,False
2026-02-18 02:53:53,7050000,,False
2026-02-18 02:53:59,3525000,260.1725527924551,True
2026-02-18 02:53:59,3525000,260.1725527924551,True
2026-02-18 02:54:04,3550000,,False
2026-02-18 02:54:04,3550000,,False
2026-02-18 02:54:09,3575000,,False
2026-02-18 02:54:09,3575000,,False
2026-02-18 02:59:14,7000000,,False
2026-02-18 02:59:14,7000000,,False
2026-02-18 02:59:19,7025000,,False
2026-02-18 02:59:19,7025000,,False
2026-02-18 02:59:25,7050000,,False
2026-02-18 02:59:25,7050000,,False
2026-02-18 02:59:30,3525000,,False
2026-02-18 02:59:30,3525000,,False
2026-02-18 02:59:35,3550000,283.1966725086016,True
2026-02-18 02:59:35,3550000,283.1966725086016,True
2026-02-18 02:59:40,3575000,,False
2026-02-18 02:59:40,3575000,,False
2026-02-18 03:04:45,7000000,,False
2026-02-18 03:04:45,7000000,,False
2026-02-18 03:04:51,7025000,,False
2026-02-18 03:04:51,7025000,,False
2026-02-18 03:04:56,7050000,,False
2026-02-18 03:04:56,7050000,,False
2026-02-18 03:05:01,3525000,290.87137908065046,True
2026-02-18 03:05:01,3525000,290.87137908065046,True
2026-02-18 03:05:06,3550000,279.3593192225772,True
2026-02-18 03:05:06,3550000,279.3593192225772,True
2026-02-18 03:05:11,3575000,,False
2026-02-18 03:05:11,3575000,,False
2026-02-18 03:10:16,7000000,,False
2026-02-18 03:10:16,7000000,,False
2026-02-18 03:10:22,7025000,,False
2026-02-18 03:10:22,7025000,,False
2026-02-18 03:10:27,7050000,,False
2026-02-18 03:10:27,7050000,,False
2026-02-18 03:10:32,3525000,,False
2026-02-18 03:10:32,3525000,,False
2026-02-18 03:10:37,3550000,,False
2026-02-18 03:10:37,3550000,,False
2026-02-18 03:10:42,3575000,,False
2026-02-18 03:10:42,3575000,,False
2026-02-18 03:15:48,7000000,,False
2026-02-18 03:15:48,7000000,,False
2026-02-18 03:15:53,7025000,,False
2026-02-18 03:15:53,7025000,,False
2026-02-18 03:15:58,7050000,,False
2026-02-18 03:15:58,7050000,,False
2026-02-18 03:16:03,3525000,,False
2026-02-18 03:16:03,3525000,,False
2026-02-18 03:16:08,3550000,295.4762030238797,True
2026-02-18 03:16:08,3550000,295.4762030238797,True
2026-02-18 03:16:14,3575000,300.081026967109,True
2026-02-18 03:16:14,3575000,300.081026967109,True
2026-02-18 03:21:19,7000000,,False
2026-02-18 03:21:19,7000000,,False
2026-02-18 03:21:24,7025000,,False
2026-02-18 03:21:24,7025000,,False
2026-02-18 03:21:29,7050000,,False
2026-02-18 03:21:29,7050000,,False
2026-02-18 03:21:34,3525000,279.3593192225772,True
2026-02-18 03:21:34,3525000,279.3593192225772,True
2026-02-18 03:21:40,3550000,303.15090959592857,True
2026-02-18 03:21:40,3550000,303.15090959592857,True
2026-02-18 03:21:45,3575000,295.4762030238797,True
2026-02-18 03:21:45,3575000,295.4762030238797,True
2026-02-18 03:26:50,7000000,,False
2026-02-18 03:26:50,7000000,,False
2026-02-18 03:26:55,7025000,,False
2026-02-18 03:26:55,7025000,,False
2026-02-18 03:27:00,7050000,,False
2026-02-18 03:27:00,7050000,,False
2026-02-18 03:27:06,3525000,283.1966725086016,True
2026-02-18 03:27:06,3525000,283.1966725086016,True
2026-02-18 03:27:11,3550000,276.28943659375767,True
2026-02-18 03:27:11,3550000,276.28943659375767,True
2026-02-18 03:27:16,3575000,,False
2026-02-18 03:27:16,3575000,,False
2026-02-18 03:32:21,7000000,,False
2026-02-18 03:32:21,7000000,,False
2026-02-18 03:32:26,7025000,,False
2026-02-18 03:32:26,7025000,,False
2026-02-18 03:32:32,7050000,,False
2026-02-18 03:32:32,7050000,,False
2026-02-18 03:32:37,3525000,276.28943659375767,True
2026-02-18 03:32:37,3525000,276.28943659375767,True
2026-02-18 03:32:42,3550000,,False
2026-02-18 03:32:42,3550000,,False
2026-02-18 03:32:47,3575000,,False
2026-02-18 03:32:47,3575000,,False
2026-02-18 03:37:52,7000000,,False
2026-02-18 03:37:52,7000000,,False
2026-02-18 03:37:58,7025000,,False
2026-02-18 03:37:58,7025000,,False
2026-02-18 03:38:03,7050000,,False
2026-02-18 03:38:03,7050000,,False
2026-02-18 03:38:08,3525000,316.96538142561644,True
2026-02-18 03:38:08,3525000,316.96538142561644,True
2026-02-18 03:38:13,3550000,290.10390842344555,True
2026-02-18 03:38:13,3550000,290.10390842344555,True
2026-02-18 03:38:18,3575000,,False
2026-02-18 03:38:18,3575000,,False
2026-02-18 03:43:23,7000000,,False
2026-02-18 03:43:23,7000000,,False
2026-02-18 03:43:29,7025000,,False
2026-02-18 03:43:29,7025000,,False
2026-02-18 03:43:34,7050000,,False
2026-02-18 03:43:34,7050000,,False
2026-02-18 03:43:39,3525000,285.49908448021625,True
2026-02-18 03:43:39,3525000,285.49908448021625,True
2026-02-18 03:43:44,3550000,303.9183802531334,True
2026-02-18 03:43:44,3550000,303.9183802531334,True
2026-02-18 03:43:49,3575000,,False
2026-02-18 03:43:49,3575000,,False
2026-02-18 03:48:55,7000000,,False
2026-02-18 03:48:55,7000000,,False
2026-02-18 03:49:00,7025000,,False
2026-02-18 03:49:00,7025000,,False
2026-02-18 03:49:05,7050000,,False
2026-02-18 03:49:05,7050000,,False
2026-02-18 03:49:10,3525000,293.9412617094699,True
2026-02-18 03:49:10,3525000,293.9412617094699,True
2026-02-18 03:49:15,3550000,,False
2026-02-18 03:49:15,3550000,,False
2026-02-18 03:49:20,3575000,,False
2026-02-18 03:49:20,3575000,,False
2026-02-18 03:54:26,7000000,,False
2026-02-18 03:54:26,7000000,,False
2026-02-18 03:54:31,7025000,,False
2026-02-18 03:54:31,7025000,,False
2026-02-18 03:54:36,7050000,,False
2026-02-18 03:54:36,7050000,,False
2026-02-18 03:54:41,3525000,272.45208330773323,True
2026-02-18 03:54:41,3525000,272.45208330773323,True
2026-02-18 03:54:46,3550000,294.70873236667484,True
2026-02-18 03:54:46,3550000,294.70873236667484,True
2026-02-18 03:54:52,3575000,,False
2026-02-18 03:54:52,3575000,,False
2026-02-18 03:59:57,7000000,,False
2026-02-18 03:59:57,7000000,,False
2026-02-18 04:00:02,7025000,,False
2026-02-18 04:00:02,7025000,,False
2026-02-18 04:00:07,7050000,,False
2026-02-18 04:00:07,7050000,,False
2026-02-18 04:00:13,3525000,315.4304401112067,True
2026-02-18 04:00:13,3525000,315.4304401112067,True
2026-02-18 04:00:18,3550000,299.31355630990413,True
2026-02-18 04:00:18,3550000,299.31355630990413,True
2026-02-18 04:00:23,3575000,,False
2026-02-18 04:00:23,3575000,,False
2026-02-18 04:05:28,7000000,,False
2026-02-18 04:05:28,7000000,,False
2026-02-18 04:05:33,7025000,,False
2026-02-18 04:05:33,7025000,,False
2026-02-18 04:05:39,7050000,,False
2026-02-18 04:05:39,7050000,,False
2026-02-18 04:05:44,3525000,,False
2026-02-18 04:05:44,3525000,,False
2026-02-18 04:05:49,3550000,289.3364377662407,True
2026-02-18 04:05:49,3550000,289.3364377662407,True
2026-02-18 04:05:54,3575000,,False
2026-02-18 04:05:54,3575000,,False
2026-02-18 04:10:59,7000000,,False
2026-02-18 04:10:59,7000000,,False
2026-02-18 04:11:05,7025000,,False
2026-02-18 04:11:05,7025000,,False
2026-02-18 04:11:10,7050000,,False
2026-02-18 04:11:10,7050000,,False
2026-02-18 04:11:15,3525000,309.2906748535676,True
2026-02-18 04:11:15,3525000,309.2906748535676,True
2026-02-18 04:11:20,3550000,254.80025819202092,True
2026-02-18 04:11:20,3550000,254.80025819202095,True
2026-02-18 04:11:25,3575000,,False
2026-02-18 04:11:25,3575000,,False
2026-02-18 04:16:30,7000000,,False
2026-02-18 04:16:30,7000000,,False
2026-02-18 04:16:36,7025000,,False
2026-02-18 04:16:36,7025000,,False
2026-02-18 04:16:41,7050000,,False
2026-02-18 04:16:41,7050000,,False
2026-02-18 04:16:46,3525000,297.01114433828945,True
2026-02-18 04:16:46,3525000,297.01114433828945,True
2026-02-18 04:16:51,3550000,,False
2026-02-18 04:16:51,3550000,,False
2026-02-18 04:16:56,3575000,,False
2026-02-18 04:16:56,3575000,,False
2026-02-18 04:22:02,7000000,,False
2026-02-18 04:22:02,7000000,,False
2026-02-18 04:22:07,7025000,,False
2026-02-18 04:22:07,7025000,,False
2026-02-18 04:22:12,7050000,,False
2026-02-18 04:22:12,7050000,,False
2026-02-18 04:22:17,3525000,313.8954987967969,True
2026-02-18 04:22:17,3525000,313.8954987967969,True
2026-02-18 04:22:22,3550000,315.4304401112067,True
2026-02-18 04:22:22,3550000,315.4304401112067,True
2026-02-18 04:22:28,3575000,,False
2026-02-18 04:22:28,3575000,,False
2026-02-18 04:27:33,7000000,,False
2026-02-18 04:27:33,7000000,,False
2026-02-18 04:27:38,7025000,,False
2026-02-18 04:27:38,7025000,,False
2026-02-18 04:27:43,7050000,,False
2026-02-18 04:27:43,7050000,,False
2026-02-18 04:27:48,3525000,,False
2026-02-18 04:27:48,3525000,,False
2026-02-18 04:27:54,3550000,321.5702053688457,True
2026-02-18 04:27:54,3550000,321.5702053688457,True
2026-02-18 04:27:59,3575000,,False
2026-02-18 04:27:59,3575000,,False
2026-02-18 04:33:04,7000000,,False
2026-02-18 04:33:04,7000000,,False
2026-02-18 04:33:09,7025000,,False
2026-02-18 04:33:09,7025000,,False
2026-02-18 04:33:15,7050000,,False
2026-02-18 04:33:15,7050000,,False
2026-02-18 04:33:20,3525000,302.38343893872366,True
2026-02-18 04:33:20,3525000,302.38343893872366,True
2026-02-18 04:33:25,3550000,,False
2026-02-18 04:33:25,3550000,,False
2026-02-18 04:33:31,3575000,,False
2026-02-18 04:33:31,3575000,,False
2026-02-18 04:38:36,7000000,,False
2026-02-18 04:38:36,7000000,,False
2026-02-18 04:38:41,7025000,,False
2026-02-18 04:38:41,7025000,,False
2026-02-18 04:38:47,7050000,,False
2026-02-18 04:38:47,7050000,,False
2026-02-18 04:38:52,3525000,,False
2026-02-18 04:38:52,3525000,,False
2026-02-18 04:38:57,3550000,,False
2026-02-18 04:38:57,3550000,,False
2026-02-18 04:39:02,3575000,,False
2026-02-18 04:39:02,3575000,,False
2026-02-18 04:44:08,7000000,,False
2026-02-18 04:44:08,7000000,,False
2026-02-18 04:44:13,7025000,,False
2026-02-18 04:44:13,7025000,,False
2026-02-18 04:44:18,7050000,,False
2026-02-18 04:44:18,7050000,,False
2026-02-18 04:44:23,3525000,,False
2026-02-18 04:44:23,3525000,,False
2026-02-18 04:44:28,3550000,,False
2026-02-18 04:44:28,3550000,,False
2026-02-18 04:44:33,3575000,,False
2026-02-18 04:44:33,3575000,,False
2026-02-18 04:49:39,7000000,,False
2026-02-18 04:49:39,7000000,,False
2026-02-18 04:49:44,7025000,,False
2026-02-18 04:49:44,7025000,,False
2026-02-18 04:49:49,7050000,,False
2026-02-18 04:49:49,7050000,,False
2026-02-18 04:49:54,3525000,299.31355630990413,True
2026-02-18 04:49:54,3525000,299.31355630990413,True
2026-02-18 04:49:59,3550000,,False
2026-02-18 04:49:59,3550000,,False
2026-02-18 04:50:05,3575000,,False
2026-02-18 04:50:05,3575000,,False
2026-02-18 04:55:10,7000000,,False
2026-02-18 04:55:10,7000000,,False
2026-02-18 04:55:15,7025000,,False
2026-02-18 04:55:15,7025000,,False
2026-02-18 04:55:21,7050000,,False
2026-02-18 04:55:21,7050000,,False
2026-02-18 04:55:26,3525000,,False
2026-02-18 04:55:26,3525000,,False
2026-02-18 04:55:31,3550000,,False
2026-02-18 04:55:31,3550000,,False
2026-02-18 04:55:36,3575000,,False
2026-02-18 04:55:36,3575000,,False
2026-02-18 05:00:42,7000000,,False
2026-02-18 05:00:42,7000000,,False
2026-02-18 05:00:47,7025000,,False
2026-02-18 05:00:47,7025000,,False
2026-02-18 05:00:53,7050000,,False
2026-02-18 05:00:53,7050000,,False
2026-02-18 05:00:58,3525000,,False
2026-02-18 05:00:58,3525000,,False
2026-02-18 05:01:03,3550000,311.5930868251823,True
2026-02-18 05:01:03,3550000,311.5930868251823,True
2026-02-18 05:01:08,3575000,,False
2026-02-18 05:01:08,3575000,,False
2026-02-18 05:06:13,7000000,,False
2026-02-18 05:06:13,7000000,,False
2026-02-18 05:06:19,7025000,,False
2026-02-18 05:06:19,7025000,,False
2026-02-18 05:06:24,7050000,,False
2026-02-18 05:06:24,7050000,,False
2026-02-18 05:06:30,3525000,346.89673705660687,True
2026-02-18 05:06:30,3525000,346.89673705660687,True
2026-02-18 05:06:35,3550000,,False
2026-02-18 05:06:35,3550000,,False
2026-02-18 05:06:40,3575000,,False
2026-02-18 05:06:40,3575000,,False
2026-02-18 05:11:45,7000000,,False
2026-02-18 05:11:45,7000000,,False
2026-02-18 05:11:50,7025000,,False
2026-02-18 05:11:50,7025000,,False
2026-02-18 05:11:56,7050000,,False
2026-02-18 05:11:56,7050000,,False
2026-02-18 05:12:01,3525000,,False
2026-02-18 05:12:01,3525000,,False
2026-02-18 05:12:07,3550000,,False
2026-02-18 05:12:07,3550000,,False
2026-02-18 05:12:12,3575000,,False
2026-02-18 05:12:12,3575000,,False
2026-02-18 05:17:17,7000000,,False
2026-02-18 05:17:17,7000000,,False
2026-02-18 05:17:22,7025000,,False
2026-02-18 05:17:22,7025000,,False
2026-02-18 05:17:28,7050000,,False
2026-02-18 05:17:28,7050000,,False
2026-02-18 05:17:33,3525000,313.8954987967969,True
2026-02-18 05:17:33,3525000,313.8954987967969,True
2026-02-18 05:17:38,3550000,,False
2026-02-18 05:17:38,3550000,,False
2026-02-18 05:17:43,3575000,,False
2026-02-18 05:17:43,3575000,,False
2026-02-18 05:22:49,7000000,,False
2026-02-18 05:22:49,7000000,,False
2026-02-18 05:22:54,7025000,,False
2026-02-18 05:22:54,7025000,,False
2026-02-18 05:23:00,7050000,,False
2026-02-18 05:23:00,7050000,,False
2026-02-18 05:23:05,3525000,341.52444245617266,True
2026-02-18 05:23:05,3525000,341.52444245617266,True
2026-02-18 05:23:10,3550000,363.01362085790936,True
2026-02-18 05:23:10,3550000,363.01362085790936,True
2026-02-18 05:23:15,3575000,361.4786795434996,True
2026-02-18 05:23:15,3575000,361.4786795434996,True
2026-02-18 05:28:21,7000000,,False
2026-02-18 05:28:21,7000000,,False
2026-02-18 05:28:26,7025000,,False
2026-02-18 05:28:26,7025000,,False
2026-02-18 05:28:32,7050000,,False
2026-02-18 05:28:32,7050000,,False
2026-02-18 05:28:37,3525000,446.6679224932415,True
2026-02-18 05:28:37,3525000,446.6679224932415,True
2026-02-18 05:28:42,3550000,399.85221240374375,True
2026-02-18 05:28:42,3550000,399.85221240374375,True
2026-02-18 05:28:47,3575000,,False
2026-02-18 05:28:47,3575000,,False
2026-02-18 05:33:52,7000000,,False
2026-02-18 05:33:52,7000000,,False
2026-02-18 05:33:58,7025000,,False
2026-02-18 05:33:58,7025000,,False
2026-02-18 05:34:03,7050000,,False
2026-02-18 05:34:03,7050000,,False
2026-02-18 05:34:08,3525000,,False
2026-02-18 05:34:08,3525000,,False
2026-02-18 05:34:14,3550000,378.36303400200705,True
2026-02-18 05:34:14,3550000,378.3630340020071,True
2026-02-18 05:34:19,3575000,,False
2026-02-18 05:34:19,3575000,,False
2026-02-18 05:39:24,7000000,,False
2026-02-18 05:39:24,7000000,,False
2026-02-18 05:39:29,7025000,,False
2026-02-18 05:39:29,7025000,,False
2026-02-18 05:39:35,7050000,,False
2026-02-18 05:39:35,7050000,,False
2026-02-18 05:39:40,3525000,,False
2026-02-18 05:39:40,3525000,,False
2026-02-18 05:39:45,3550000,,False
2026-02-18 05:39:45,3550000,,False
2026-02-18 05:39:51,3575000,,False
2026-02-18 05:39:51,3575000,,False
2026-02-18 05:44:56,7000000,,False
2026-02-18 05:44:56,7000000,,False
2026-02-18 05:45:01,7025000,,False
2026-02-18 05:45:01,7025000,,False
2026-02-18 05:45:07,7050000,,False
2026-02-18 05:45:07,7050000,,False
2026-02-18 05:45:12,3525000,,False
2026-02-18 05:45:12,3525000,,False
2026-02-18 05:45:17,3550000,,False
2026-02-18 05:45:17,3550000,,False
2026-02-18 05:45:22,3575000,,False
2026-02-18 05:45:22,3575000,,False
2026-02-18 05:50:28,7000000,,False
2026-02-18 05:50:28,7000000,,False
2026-02-18 05:50:33,7025000,,False
2026-02-18 05:50:33,7025000,,False
2026-02-18 05:50:39,7050000,,False
2026-02-18 05:50:39,7050000,,False
2026-02-18 05:50:44,3525000,324.6400879976652,True
2026-02-18 05:50:44,3525000,324.6400879976652,True
2026-02-18 05:50:49,3550000,,False
2026-02-18 05:50:49,3550000,,False
2026-02-18 05:50:54,3575000,,False
2026-02-18 05:50:54,3575000,,False
2026-02-18 05:55:59,7000000,,False
2026-02-18 05:55:59,7000000,,False
2026-02-18 05:56:05,7025000,,False
2026-02-18 05:56:05,7025000,,False
2026-02-18 05:56:10,7050000,,False
2026-02-18 05:56:10,7050000,,False
2026-02-18 05:56:15,3525000,,False
2026-02-18 05:56:15,3525000,,False
2026-02-18 05:56:20,3550000,,False
2026-02-18 05:56:20,3550000,,False
2026-02-18 05:56:25,3575000,,False
2026-02-18 05:56:25,3575000,,False
2026-02-18 06:01:30,7000000,,False
2026-02-18 06:01:30,7000000,,False
2026-02-18 06:01:36,7025000,,False
2026-02-18 06:01:36,7025000,,False
2026-02-18 06:01:41,7050000,,False
2026-02-18 06:01:41,7050000,,False
2026-02-18 06:01:46,3525000,,False
2026-02-18 06:01:46,3525000,,False
2026-02-18 06:01:51,3550000,,False
2026-02-18 06:01:51,3550000,,False
2026-02-18 06:01:56,3575000,,False
2026-02-18 06:01:56,3575000,,False
2026-02-18 06:07:02,7000000,,False
2026-02-18 06:07:02,7000000,,False
2026-02-18 06:07:07,7025000,,False
2026-02-18 06:07:07,7025000,,False
2026-02-18 06:07:12,7050000,,False
2026-02-18 06:07:12,7050000,,False
2026-02-18 06:07:17,3525000,,False
2026-02-18 06:07:17,3525000,,False
2026-02-18 06:07:22,3550000,424.4112734343,True
2026-02-18 06:07:22,3550000,424.41127343429997,True
2026-02-18 06:07:28,3575000,,False
2026-02-18 06:07:28,3575000,,False
2026-02-18 06:12:33,7000000,,False
2026-02-18 06:12:33,7000000,,False
2026-02-18 06:12:38,7025000,,False
2026-02-18 06:12:38,7025000,,False
2026-02-18 06:12:43,7050000,,False
2026-02-18 06:12:43,7050000,,False
2026-02-18 06:12:48,3525000,379.8979753164168,True
2026-02-18 06:12:48,3525000,379.8979753164168,True
2026-02-18 06:12:54,3550000,,False
2026-02-18 06:12:54,3550000,,False
2026-02-18 06:12:59,3575000,,False
2026-02-18 06:12:59,3575000,,False
2026-02-18 06:18:04,7000000,,False
2026-02-18 06:18:04,7000000,,False
2026-02-18 06:18:09,7025000,,False
2026-02-18 06:18:09,7025000,,False
2026-02-18 06:18:14,7050000,,False
2026-02-18 06:18:14,7050000,,False
2026-02-18 06:18:20,3525000,381.4329166308266,True
2026-02-18 06:18:20,3525000,381.4329166308266,True
2026-02-18 06:18:25,3550000,,False
2026-02-18 06:18:25,3550000,,False
2026-02-18 06:18:30,3575000,,False
2026-02-18 06:18:30,3575000,,False
2026-02-18 06:23:35,7000000,,False
2026-02-18 06:23:35,7000000,,False
2026-02-18 06:23:40,7025000,,False
2026-02-18 06:23:40,7025000,,False
2026-02-18 06:23:46,7050000,,False
2026-02-18 06:23:46,7050000,,False
2026-02-18 06:23:51,3525000,,False
2026-02-18 06:23:51,3525000,,False
2026-02-18 06:23:56,3550000,,False
2026-02-18 06:23:56,3550000,,False
2026-02-18 06:24:01,3575000,,False
2026-02-18 06:24:01,3575000,,False
2026-02-18 06:29:06,7000000,,False
2026-02-18 06:29:06,7000000,,False
2026-02-18 06:29:12,7025000,,False
2026-02-18 06:29:12,7025000,,False
2026-02-18 06:29:17,7050000,,False
2026-02-18 06:29:17,7050000,,False
2026-02-18 06:29:22,3525000,,False
2026-02-18 06:29:22,3525000,,False
2026-02-18 06:29:27,3550000,,False
2026-02-18 06:29:27,3550000,,False
2026-02-18 06:29:32,3575000,,False
2026-02-18 06:29:32,3575000,,False
2026-02-18 06:34:37,7000000,,False
2026-02-18 06:34:37,7000000,,False
2026-02-18 06:34:43,7025000,,False
2026-02-18 06:34:43,7025000,,False
2026-02-18 06:34:48,7050000,,False
2026-02-18 06:34:48,7050000,,False
2026-02-18 06:34:53,3525000,411.364272261817,True
2026-02-18 06:34:53,3525000,411.364272261817,True
2026-02-18 06:34:58,3550000,372.223268744368,True
2026-02-18 06:34:58,3550000,372.223268744368,True
2026-02-18 06:35:03,3575000,,False
2026-02-18 06:35:03,3575000,,False
2026-02-18 06:40:09,7000000,,False
2026-02-18 06:40:09,7000000,,False
2026-02-18 06:40:14,7025000,,False
2026-02-18 06:40:14,7025000,,False
2026-02-18 06:40:19,7050000,,False
2026-02-18 06:40:19,7050000,,False
2026-02-18 06:40:24,3525000,,False
2026-02-18 06:40:24,3525000,,False
2026-02-18 06:40:29,3550000,,False
2026-02-18 06:40:29,3550000,,False
2026-02-18 06:40:35,3575000,,False
2026-02-18 06:40:35,3575000,,False
2026-02-18 06:45:40,7000000,,False
2026-02-18 06:45:40,7000000,,False
2026-02-18 06:45:45,7025000,,False
2026-02-18 06:45:45,7025000,,False
2026-02-18 06:45:50,7050000,,False
2026-02-18 06:45:50,7050000,,False
2026-02-18 06:45:55,3525000,,False
2026-02-18 06:45:55,3525000,,False
2026-02-18 06:46:01,3550000,,False
2026-02-18 06:46:01,3550000,,False
2026-02-18 06:46:06,3575000,,False
2026-02-18 06:46:06,3575000,,False
2026-02-18 06:51:11,7000000,,False
2026-02-18 06:51:11,7000000,,False
2026-02-18 06:51:16,7025000,,False
2026-02-18 06:51:16,7025000,,False
2026-02-18 06:51:21,7050000,,False
2026-02-18 06:51:21,7050000,,False
2026-02-18 06:51:27,3525000,,False
2026-02-18 06:51:27,3525000,,False
2026-02-18 06:51:32,3550000,,False
2026-02-18 06:51:32,3550000,,False
2026-02-18 06:51:37,3575000,,False
2026-02-18 06:51:37,3575000,,False
2026-02-18 06:56:42,7000000,,False
2026-02-18 06:56:42,7000000,,False
2026-02-18 06:56:47,7025000,,False
2026-02-18 06:56:47,7025000,,False
2026-02-18 06:56:52,7050000,,False
2026-02-18 06:56:52,7050000,,False
2026-02-18 06:56:58,3525000,,False
2026-02-18 06:56:58,3525000,,False
2026-02-18 06:57:03,3550000,,False
2026-02-18 06:57:03,3550000,,False
2026-02-18 06:57:08,3575000,,False
2026-02-18 06:57:08,3575000,,False
2026-02-18 07:02:13,7000000,,False
2026-02-18 07:02:13,7000000,,False
2026-02-18 07:02:19,7025000,,False
2026-02-18 07:02:19,7025000,,False
2026-02-18 07:02:24,7050000,,False
2026-02-18 07:02:24,7050000,,False
2026-02-18 07:02:29,3525000,,False
2026-02-18 07:02:29,3525000,,False
2026-02-18 07:02:34,3550000,,False
2026-02-18 07:02:34,3550000,,False
2026-02-18 07:02:39,3575000,,False
2026-02-18 07:02:39,3575000,,False
2026-02-18 07:07:44,7000000,,False
2026-02-18 07:07:44,7000000,,False
2026-02-18 07:07:50,7025000,,False
2026-02-18 07:07:50,7025000,,False
2026-02-18 07:07:55,7050000,,False
2026-02-18 07:07:55,7050000,,False
2026-02-18 07:08:00,3525000,,False
2026-02-18 07:08:00,3525000,,False
2026-02-18 07:08:05,3550000,316.96538142561644,True
2026-02-18 07:08:05,3550000,316.96538142561644,True
2026-02-18 07:08:10,3575000,,False
2026-02-18 07:08:10,3575000,,False
2026-02-18 07:13:16,7000000,,False
2026-02-18 07:13:16,7000000,,False
2026-02-18 07:13:21,7025000,,False
2026-02-18 07:13:21,7025000,,False
2026-02-18 07:13:26,7050000,,False
2026-02-18 07:13:26,7050000,,False
2026-02-18 07:13:31,3525000,349.9666196854264,True
2026-02-18 07:13:31,3525000,349.9666196854264,True
2026-02-18 07:13:36,3550000,,False
2026-02-18 07:13:36,3550000,,False
2026-02-18 07:13:41,3575000,,False
2026-02-18 07:13:41,3575000,,False
2026-02-18 07:18:47,7000000,,False
2026-02-18 07:18:47,7000000,,False
2026-02-18 07:18:52,7025000,,False
2026-02-18 07:18:52,7025000,,False
2026-02-18 07:18:57,7050000,,False
2026-02-18 07:18:57,7050000,,False
2026-02-18 07:19:02,3525000,,False
2026-02-18 07:19:02,3525000,,False
2026-02-18 07:19:07,3550000,,False
2026-02-18 07:19:07,3550000,,False
2026-02-18 07:19:13,3575000,,False
2026-02-18 07:19:13,3575000,,False
2026-02-18 07:24:18,7000000,,False
2026-02-18 07:24:18,7000000,,False
2026-02-18 07:24:23,7025000,,False
2026-02-18 07:24:23,7025000,,False
2026-02-18 07:24:28,7050000,,False
2026-02-18 07:24:28,7050000,,False
2026-02-18 07:24:33,3525000,408.2943896329975,True
2026-02-18 07:24:33,3525000,408.2943896329975,True
2026-02-18 07:24:39,3550000,407.52691897579257,True
2026-02-18 07:24:39,3550000,407.52691897579257,True
2026-02-18 07:24:44,3575000,356.1063849430654,True
2026-02-18 07:24:44,3575000,356.1063849430654,True
2026-02-18 07:29:49,7000000,,False
2026-02-18 07:29:49,7000000,,False
2026-02-18 07:29:54,7025000,,False
2026-02-18 07:29:54,7025000,,False
2026-02-18 07:29:59,7050000,,False
2026-02-18 07:29:59,7050000,,False
2026-02-18 07:30:05,3525000,,False
2026-02-18 07:30:05,3525000,,False
2026-02-18 07:30:10,3550000,,False
2026-02-18 07:30:10,3550000,,False
2026-02-18 07:30:15,3575000,,False
2026-02-18 07:30:15,3575000,,False
2026-02-18 07:35:20,7000000,,False
2026-02-18 07:35:20,7000000,,False
2026-02-18 07:35:25,7025000,,False
2026-02-18 07:35:25,7025000,,False
2026-02-18 07:35:31,7050000,,False
2026-02-18 07:35:31,7050000,,False
2026-02-18 07:35:36,3525000,359.176267571885,True
2026-02-18 07:35:36,3525000,359.176267571885,True
2026-02-18 07:35:41,3550000,402.9220950325633,True
2026-02-18 07:35:41,3550000,402.9220950325633,True
2026-02-18 07:35:46,3575000,,False
2026-02-18 07:35:46,3575000,,False
2026-02-18 07:40:51,7000000,,False
2026-02-18 07:40:51,7000000,,False
2026-02-18 07:40:57,7025000,,False
2026-02-18 07:40:57,7025000,,False
2026-02-18 07:41:02,7050000,,False
2026-02-18 07:41:02,7050000,,False
2026-02-18 07:41:07,3525000,412.8992135762267,True
2026-02-18 07:41:07,3525000,412.8992135762267,True
2026-02-18 07:41:12,3550000,,False
2026-02-18 07:41:12,3550000,,False
2026-02-18 07:41:17,3575000,,False
2026-02-18 07:41:17,3575000,,False
2026-02-18 07:46:23,7000000,,False
2026-02-18 07:46:23,7000000,,False
2026-02-18 07:46:28,7025000,,False
2026-02-18 07:46:28,7025000,,False
2026-02-18 07:46:33,7050000,,False
2026-02-18 07:46:33,7050000,,False
2026-02-18 07:46:38,3525000,,False
2026-02-18 07:46:38,3525000,,False
2026-02-18 07:46:43,3550000,331.5473239125092,True
2026-02-18 07:46:43,3550000,331.54732391250917,True
2026-02-18 07:46:48,3575000,,False
2026-02-18 07:46:48,3575000,,False
2026-02-18 07:51:54,7000000,,False
2026-02-18 07:51:54,7000000,,False
2026-02-18 07:51:59,7025000,,False
2026-02-18 07:51:59,7025000,,False
2026-02-18 07:52:04,7050000,,False
2026-02-18 07:52:04,7050000,,False
2026-02-18 07:52:09,3525000,396.7823297749242,True
2026-02-18 07:52:09,3525000,396.7823297749242,True
2026-02-18 07:52:14,3550000,346.89673705660687,True
2026-02-18 07:52:14,3550000,346.89673705660687,True
2026-02-18 07:52:20,3575000,,False
2026-02-18 07:52:20,3575000,,False
2026-02-18 07:57:25,7000000,,False
2026-02-18 07:57:25,7000000,,False
2026-02-18 07:57:30,7025000,,False
2026-02-18 07:57:30,7025000,,False
2026-02-18 07:57:35,7050000,,False
2026-02-18 07:57:35,7050000,,False
2026-02-18 07:57:40,3525000,,False
2026-02-18 07:57:40,3525000,,False
2026-02-18 07:57:46,3550000,247.893022277177,True
2026-02-18 07:57:46,3550000,247.893022277177,True
2026-02-18 07:57:51,3575000,,False
2026-02-18 07:57:51,3575000,,False
2026-02-18 08:02:56,7000000,,False
2026-02-18 08:02:56,7000000,,False
2026-02-18 08:03:01,7025000,,False
2026-02-18 08:03:01,7025000,,False
2026-02-18 08:03:06,7050000,,False
2026-02-18 08:03:06,7050000,,False
2026-02-18 08:03:12,3525000,,False
2026-02-18 08:03:12,3525000,,False
2026-02-18 08:03:17,3550000,306.98826288195295,True
2026-02-18 08:03:17,3550000,306.9882628819529,True
2026-02-18 08:03:22,3575000,,False
2026-02-18 08:03:22,3575000,,False
2026-02-18 08:08:27,7000000,,False
2026-02-18 08:08:27,7000000,,False
2026-02-18 08:08:32,7025000,,False
2026-02-18 08:08:32,7025000,,False
2026-02-18 08:08:38,7050000,,False
2026-02-18 08:08:38,7050000,,False
2026-02-18 08:08:43,3525000,363.01362085790936,True
2026-02-18 08:08:43,3525000,363.01362085790936,True
2026-02-18 08:08:48,3550000,376.8280926875973,True
2026-02-18 08:08:48,3550000,376.8280926875973,True
2026-02-18 08:08:53,3575000,,False
2026-02-18 08:08:53,3575000,,False
2026-02-18 08:13:58,7000000,,False
2026-02-18 08:13:58,7000000,,False
2026-02-18 08:14:04,7025000,,False
2026-02-18 08:14:04,7025000,,False
2026-02-18 08:14:09,7050000,,False
2026-02-18 08:14:09,7050000,,False
2026-02-18 08:14:14,3525000,333.08226522691893,True
2026-02-18 08:14:14,3525000,333.08226522691893,True
2026-02-18 08:14:19,3550000,419.8064494910707,True
2026-02-18 08:14:19,3550000,419.8064494910707,True
2026-02-18 08:14:24,3575000,,False
2026-02-18 08:14:24,3575000,,False
2026-02-18 08:19:29,7000000,,False
2026-02-18 08:19:29,7000000,,False
2026-02-18 08:19:35,7025000,,False
2026-02-18 08:19:35,7025000,,False
2026-02-18 08:19:40,7050000,,False
2026-02-18 08:19:40,7050000,,False
2026-02-18 08:19:45,3525000,326.9424999692799,True
2026-02-18 08:19:45,3525000,326.9424999692799,True
2026-02-18 08:19:50,3550000,381.4329166308266,True
2026-02-18 08:19:50,3550000,381.4329166308266,True
2026-02-18 08:19:55,3575000,,False
2026-02-18 08:19:55,3575000,,False
2026-02-18 08:25:01,7000000,,False
2026-02-18 08:25:01,7000000,,False
2026-02-18 08:25:06,7025000,,False
2026-02-18 08:25:06,7025000,,False
2026-02-18 08:25:11,7050000,,False
2026-02-18 08:25:11,7050000,,False
2026-02-18 08:25:16,3525000,322.3376760260506,True
2026-02-18 08:25:16,3525000,322.3376760260506,True
2026-02-18 08:25:21,3550000,,False
2026-02-18 08:25:21,3550000,,False
2026-02-18 08:25:27,3575000,,False
2026-02-18 08:25:27,3575000,,False
2026-02-18 08:30:32,7000000,,False
2026-02-18 08:30:32,7000000,,False
2026-02-18 08:30:37,7025000,,False
2026-02-18 08:30:37,7025000,,False
2026-02-18 08:30:42,7050000,,False
2026-02-18 08:30:42,7050000,,False
2026-02-18 08:30:47,3525000,343.82685442778734,True
2026-02-18 08:30:47,3525000,343.82685442778734,True
2026-02-18 08:30:53,3550000,,False
2026-02-18 08:30:53,3550000,,False
2026-02-18 08:30:58,3575000,,False
2026-02-18 08:30:58,3575000,,False
2026-02-18 08:36:03,7000000,,False
2026-02-18 08:36:03,7000000,,False
2026-02-18 08:36:08,7025000,267.0797887072991,True
2026-02-18 08:36:08,7025000,267.0797887072991,True
2026-02-18 08:36:13,7050000,,False
2026-02-18 08:36:13,7050000,,False
2026-02-18 08:36:18,3525000,,False
2026-02-18 08:36:18,3525000,,False
2026-02-18 08:36:24,3550000,375.2931513731875,True
2026-02-18 08:36:24,3550000,375.2931513731875,True
2026-02-18 08:36:29,3575000,,False
2026-02-18 08:36:29,3575000,,False
2026-02-18 08:41:34,7000000,,False
2026-02-18 08:41:34,7000000,,False
2026-02-18 08:41:39,7025000,,False
2026-02-18 08:41:39,7025000,,False
2026-02-18 08:41:44,7050000,,False
2026-02-18 08:41:44,7050000,,False
2026-02-18 08:41:50,3525000,373.75821005877776,True
2026-02-18 08:41:50,3525000,373.75821005877776,True
2026-02-18 08:41:55,3550000,320.03526405443597,True
2026-02-18 08:41:55,3550000,320.035264054436,True
2026-02-18 08:42:00,3575000,365.316032829524,True
2026-02-18 08:42:00,3575000,365.31603282952403,True
2026-02-18 08:47:05,7000000,,False
2026-02-18 08:47:05,7000000,,False
2026-02-18 08:47:10,7025000,,False
2026-02-18 08:47:10,7025000,,False
2026-02-18 08:47:16,7050000,,False
2026-02-18 08:47:16,7050000,,False
2026-02-18 08:47:21,3525000,351.5015609998361,True
2026-02-18 08:47:21,3525000,351.5015609998361,True
2026-02-18 08:47:26,3550000,,False
2026-02-18 08:47:26,3550000,,False
2026-02-18 08:47:31,3575000,,False
2026-02-18 08:47:31,3575000,,False
2026-02-18 08:52:36,7000000,,False
2026-02-18 08:52:36,7000000,,False
2026-02-18 08:52:42,7025000,,False
2026-02-18 08:52:42,7025000,,False
2026-02-18 08:52:47,7050000,,False
2026-02-18 08:52:47,7050000,,False
2026-02-18 08:52:52,3525000,330.0123825980994,True
2026-02-18 08:52:52,3525000,330.0123825980994,True
2026-02-18 08:52:57,3550000,363.78109151511427,True
2026-02-18 08:52:57,3550000,363.7810915151143,True
2026-02-18 08:53:02,3575000,,False
2026-02-18 08:53:02,3575000,,False
2026-02-18 08:58:08,7000000,,False
2026-02-18 08:58:08,7000000,,False
2026-02-18 08:58:13,7025000,,False
2026-02-18 08:58:13,7025000,,False
2026-02-18 08:58:18,7050000,,False
2026-02-18 08:58:18,7050000,,False
2026-02-18 08:58:23,3525000,334.6172065413287,True
2026-02-18 08:58:23,3525000,334.6172065413287,True
2026-02-18 08:58:28,3550000,388.3401525456705,True
2026-02-18 08:58:28,3550000,388.3401525456705,True
2026-02-18 08:58:33,3575000,,False
2026-02-18 08:58:33,3575000,,False
2026-02-18 09:03:39,7000000,,False
2026-02-18 09:03:39,7000000,,False
2026-02-18 09:03:44,7025000,,False
2026-02-18 09:03:44,7025000,,False
2026-02-18 09:03:49,7050000,,False
2026-02-18 09:03:49,7050000,,False
2026-02-18 09:03:54,3525000,345.3617957421971,True
2026-02-18 09:03:54,3525000,345.3617957421971,True
2026-02-18 09:03:59,3550000,,False
2026-02-18 09:03:59,3550000,,False
2026-02-18 09:04:05,3575000,,False
2026-02-18 09:04:05,3575000,,False
2026-02-18 09:09:10,7000000,,False
2026-02-18 09:09:10,7000000,,False
2026-02-18 09:09:15,7025000,,False
2026-02-18 09:09:15,7025000,,False
2026-02-18 09:09:20,7050000,,False
2026-02-18 09:09:20,7050000,,False
2026-02-18 09:09:25,3525000,327.7099706264848,True
2026-02-18 09:09:25,3525000,327.7099706264848,True
2026-02-18 09:09:31,3550000,301.6159682815188,True
2026-02-18 09:09:31,3550000,301.6159682815188,True
2026-02-18 09:09:36,3575000,,False
2026-02-18 09:09:36,3575000,,False
2026-02-18 09:14:41,7000000,,False
2026-02-18 09:14:41,7000000,,False
2026-02-18 09:14:46,7025000,,False
2026-02-18 09:14:46,7025000,,False
2026-02-18 09:14:51,7050000,,False
2026-02-18 09:14:51,7050000,,False
2026-02-18 09:14:57,3525000,305.4533215675432,True
2026-02-18 09:14:57,3525000,305.4533215675432,True
2026-02-18 09:15:02,3550000,,False
2026-02-18 09:15:02,3550000,,False
2026-02-18 09:15:07,3575000,,False
2026-02-18 09:15:07,3575000,,False
2026-02-18 09:20:12,7000000,,False
2026-02-18 09:20:12,7000000,,False
2026-02-18 09:20:17,7025000,,False
2026-02-18 09:20:17,7025000,,False
2026-02-18 09:20:23,7050000,,False
2026-02-18 09:20:23,7050000,,False
2026-02-18 09:20:28,3525000,320.8027347116408,True
2026-02-18 09:20:28,3525000,320.8027347116408,True
2026-02-18 09:20:33,3550000,,False
2026-02-18 09:20:33,3550000,,False
2026-02-18 09:20:38,3575000,,False
2026-02-18 09:20:38,3575000,,False
2026-02-18 09:25:43,7000000,,False
2026-02-18 09:25:43,7000000,,False
2026-02-18 09:25:49,7025000,,False
2026-02-18 09:25:49,7025000,,False
2026-02-18 09:25:54,7050000,,False
2026-02-18 09:25:54,7050000,,False
2026-02-18 09:25:59,3525000,324.6400879976652,True
2026-02-18 09:25:59,3525000,324.6400879976652,True
2026-02-18 09:26:04,3550000,336.1521478557385,True
2026-02-18 09:26:04,3550000,336.1521478557385,True
2026-02-18 09:26:09,3575000,,False
2026-02-18 09:26:09,3575000,,False
2026-02-18 09:31:14,7000000,,False
2026-02-18 09:31:14,7000000,,False
2026-02-18 09:31:20,7025000,,False
2026-02-18 09:31:20,7025000,,False
2026-02-18 09:31:25,7050000,,False
2026-02-18 09:31:25,7050000,,False
2026-02-18 09:31:30,3525000,,False
2026-02-18 09:31:30,3525000,,False
2026-02-18 09:31:35,3550000,,False
2026-02-18 09:31:35,3550000,,False
2026-02-18 09:31:40,3575000,,False
2026-02-18 09:31:40,3575000,,False
2026-02-18 09:36:46,7000000,,False
2026-02-18 09:36:46,7000000,,False
2026-02-18 09:36:51,7025000,,False
2026-02-18 09:36:51,7025000,,False
2026-02-18 09:36:56,7050000,,False
2026-02-18 09:36:56,7050000,,False
2026-02-18 09:37:01,3525000,356.1063849430654,True
2026-02-18 09:37:01,3525000,356.1063849430654,True
2026-02-18 09:37:06,3550000,,False
2026-02-18 09:37:06,3550000,,False
2026-02-18 09:37:11,3575000,,False
2026-02-18 09:37:11,3575000,,False
2026-02-18 09:42:17,7000000,,False
2026-02-18 09:42:17,7000000,,False
2026-02-18 09:42:22,7025000,,False
2026-02-18 09:42:22,7025000,,False
2026-02-18 09:42:27,7050000,,False
2026-02-18 09:42:27,7050000,,False
2026-02-18 09:42:32,3525000,292.4063203950602,True
2026-02-18 09:42:32,3525000,292.4063203950602,True
2026-02-18 09:42:37,3550000,388.3401525456705,True
2026-02-18 09:42:37,3550000,388.3401525456705,True
2026-02-18 09:42:43,3575000,,False
2026-02-18 09:42:43,3575000,,False
2026-02-18 09:47:48,7000000,,False
2026-02-18 09:47:48,7000000,,False
2026-02-18 09:47:53,7025000,278.59184856537235,True
2026-02-18 09:47:53,7025000,278.59184856537235,True
2026-02-18 09:47:59,7050000,,False
2026-02-18 09:47:59,7050000,,False
2026-02-18 09:48:04,3525000,,False
2026-02-18 09:48:04,3525000,,False
2026-02-18 09:48:09,3550000,,False
2026-02-18 09:48:09,3550000,,False
2026-02-18 09:48:14,3575000,,False
2026-02-18 09:48:14,3575000,,False
2026-02-18 09:53:20,7000000,,False
2026-02-18 09:53:20,7000000,,False
2026-02-18 09:53:25,7025000,,False
2026-02-18 09:53:25,7025000,,False
2026-02-18 09:53:31,7050000,,False
2026-02-18 09:53:31,7050000,,False
2026-02-18 09:53:36,3525000,328.47744128368964,True
2026-02-18 09:53:36,3525000,328.47744128368964,True
2026-02-18 09:53:41,3550000,,False
2026-02-18 09:53:41,3550000,,False
2026-02-18 09:53:46,3575000,,False
2026-02-18 09:53:46,3575000,,False
2026-02-18 09:58:51,7000000,,False
2026-02-18 09:58:51,7000000,,False
2026-02-18 09:58:57,7025000,,False
2026-02-18 09:58:57,7025000,,False
2026-02-18 09:59:02,7050000,,False
2026-02-18 09:59:02,7050000,,False
2026-02-18 09:59:08,3525000,,False
2026-02-18 09:59:08,3525000,,False
2026-02-18 09:59:13,3550000,282.4292018513967,True
2026-02-18 09:59:13,3550000,282.4292018513967,True
2026-02-18 09:59:18,3575000,,False
2026-02-18 09:59:18,3575000,,False
2026-02-18 10:04:23,7000000,,False
2026-02-18 10:04:23,7000000,,False
2026-02-18 10:04:28,7025000,,False
2026-02-18 10:04:28,7025000,,False
2026-02-18 10:04:34,7050000,,False
2026-02-18 10:04:34,7050000,,False
2026-02-18 10:04:39,3525000,260.94002344966003,True
2026-02-18 10:04:39,3525000,260.94002344966003,True
2026-02-18 10:04:45,3550000,274.7544952793479,True
2026-02-18 10:04:45,3550000,274.7544952793479,True
2026-02-18 10:04:50,3575000,,False
2026-02-18 10:04:50,3575000,,False
2026-02-18 10:09:55,7000000,,False
2026-02-18 10:09:55,7000000,,False
2026-02-18 10:10:00,7025000,,False
2026-02-18 10:10:00,7025000,,False
2026-02-18 10:10:05,7050000,,False
2026-02-18 10:10:05,7050000,,False
2026-02-18 10:10:11,3525000,,False
2026-02-18 10:10:11,3525000,,False
2026-02-18 10:10:16,3550000,,False
2026-02-18 10:10:16,3550000,,False
2026-02-18 10:10:21,3575000,,False
2026-02-18 10:10:21,3575000,,False
2026-02-18 10:15:26,7000000,,False
2026-02-18 10:15:26,7000000,,False
2026-02-18 10:15:31,7025000,,False
2026-02-18 10:15:31,7025000,,False
2026-02-18 10:15:37,7050000,,False
2026-02-18 10:15:37,7050000,,False
2026-02-18 10:15:42,3525000,,False
2026-02-18 10:15:42,3525000,,False
2026-02-18 10:15:47,3550000,,False
2026-02-18 10:15:47,3550000,,False
2026-02-18 10:15:52,3575000,,False
2026-02-18 10:15:52,3575000,,False
2026-02-18 10:20:57,7000000,,False
2026-02-18 10:20:57,7000000,,False
2026-02-18 10:21:03,7025000,,False
2026-02-18 10:21:03,7025000,,False
2026-02-18 10:21:08,7050000,,False
2026-02-18 10:21:08,7050000,,False
2026-02-18 10:21:13,3525000,331.54732391250917,True
2026-02-18 10:21:13,3525000,331.5473239125092,True
2026-02-18 10:21:18,3550000,,False
2026-02-18 10:21:18,3550000,,False
2026-02-18 10:21:23,3575000,,False
2026-02-18 10:21:23,3575000,,False
2026-02-18 10:26:28,7000000,,False
2026-02-18 10:26:28,7000000,,False
2026-02-18 10:26:34,7025000,,False
2026-02-18 10:26:34,7025000,,False
2026-02-18 10:26:39,7050000,,False
2026-02-18 10:26:39,7050000,,False
2026-02-18 10:26:44,3525000,,False
2026-02-18 10:26:44,3525000,,False
2026-02-18 10:26:49,3550000,,False
2026-02-18 10:26:49,3550000,,False
2026-02-18 10:26:54,3575000,,False
2026-02-18 10:26:54,3575000,,False
2026-02-18 10:32:00,7000000,,False
2026-02-18 10:32:00,7000000,,False
2026-02-18 10:32:05,7025000,,False
2026-02-18 10:32:05,7025000,,False
2026-02-18 10:32:10,7050000,,False
2026-02-18 10:32:10,7050000,,False
2026-02-18 10:32:15,3525000,,False
2026-02-18 10:32:15,3525000,,False
2026-02-18 10:32:20,3550000,,False
2026-02-18 10:32:20,3550000,,False
2026-02-18 10:32:25,3575000,,False
2026-02-18 10:32:25,3575000,,False
2026-02-18 10:37:31,7000000,,False
2026-02-18 10:37:31,7000000,,False
2026-02-18 10:37:36,7025000,,False
2026-02-18 10:37:36,7025000,,False
2026-02-18 10:37:41,7050000,,False
2026-02-18 10:37:41,7050000,,False
2026-02-18 10:37:46,3525000,286.2665551374211,True
2026-02-18 10:37:46,3525000,286.2665551374211,True
2026-02-18 10:37:51,3550000,,False
2026-02-18 10:37:51,3550000,,False
2026-02-18 10:37:57,3575000,,False
2026-02-18 10:37:57,3575000,,False
2026-02-18 10:43:02,7000000,,False
2026-02-18 10:43:02,7000000,,False
2026-02-18 10:43:07,7025000,,False
2026-02-18 10:43:07,7025000,,False
2026-02-18 10:43:12,7050000,,False
2026-02-18 10:43:12,7050000,,False
2026-02-18 10:43:17,3525000,,False
2026-02-18 10:43:17,3525000,,False
2026-02-18 10:43:23,3550000,,False
2026-02-18 10:43:23,3550000,,False
2026-02-18 10:43:28,3575000,,False
2026-02-18 10:43:28,3575000,,False
2026-02-18 10:48:33,7000000,,False
2026-02-18 10:48:33,7000000,,False
2026-02-18 10:48:38,7025000,,False
2026-02-18 10:48:38,7025000,,False
2026-02-18 10:48:43,7050000,,False
2026-02-18 10:48:43,7050000,,False
2026-02-18 10:48:49,3525000,,False
2026-02-18 10:48:49,3525000,,False
2026-02-18 10:48:54,3550000,,False
2026-02-18 10:48:54,3550000,,False
2026-02-18 10:48:59,3575000,,False
2026-02-18 10:48:59,3575000,,False
2026-02-18 10:54:04,7000000,,False
2026-02-18 10:54:04,7000000,,False
2026-02-18 10:54:09,7025000,,False
2026-02-18 10:54:09,7025000,,False
2026-02-18 10:54:15,7050000,,False
2026-02-18 10:54:15,7050000,,False
2026-02-18 10:54:20,3525000,,False
2026-02-18 10:54:20,3525000,,False
2026-02-18 10:54:25,3550000,,False
2026-02-18 10:54:25,3550000,,False
2026-02-18 10:54:30,3575000,,False
2026-02-18 10:54:30,3575000,,False
2026-02-18 10:59:35,7000000,,False
2026-02-18 10:59:35,7000000,,False
2026-02-18 10:59:41,7025000,,False
2026-02-18 10:59:41,7025000,,False
2026-02-18 10:59:46,7050000,,False
2026-02-18 10:59:46,7050000,,False
2026-02-18 10:59:51,3525000,,False
2026-02-18 10:59:51,3525000,,False
2026-02-18 10:59:56,3550000,,False
2026-02-18 10:59:56,3550000,,False
2026-02-18 11:00:01,3575000,,False
2026-02-18 11:00:01,3575000,,False
2026-02-18 11:05:06,7000000,,False
2026-02-18 11:05:06,7000000,,False
2026-02-18 11:05:12,7025000,,False
2026-02-18 11:05:12,7025000,,False
2026-02-18 11:05:17,7050000,,False
2026-02-18 11:05:17,7050000,,False
2026-02-18 11:05:22,3525000,311.5930868251823,True
2026-02-18 11:05:22,3525000,311.5930868251823,True
2026-02-18 11:05:27,3550000,,False
2026-02-18 11:05:27,3550000,,False
2026-02-18 11:05:32,3575000,,False
2026-02-18 11:05:32,3575000,,False
2026-02-18 11:10:38,7000000,,False
2026-02-18 11:10:38,7000000,,False
2026-02-18 11:10:43,7025000,,False
2026-02-18 11:10:43,7025000,,False
2026-02-18 11:10:48,7050000,,False
2026-02-18 11:10:48,7050000,,False
2026-02-18 11:10:53,3525000,,False
2026-02-18 11:10:53,3525000,,False
2026-02-18 11:10:58,3550000,,False
2026-02-18 11:10:58,3550000,,False
2026-02-18 11:11:04,3575000,,False
2026-02-18 11:11:04,3575000,,False
2026-02-18 11:16:09,7000000,,False
2026-02-18 11:16:09,7000000,,False
2026-02-18 11:16:14,7025000,,False
2026-02-18 11:16:14,7025000,,False
2026-02-18 11:16:19,7050000,,False
2026-02-18 11:16:19,7050000,,False
2026-02-18 11:16:24,3525000,,False
2026-02-18 11:16:24,3525000,,False
2026-02-18 11:16:30,3550000,,False
2026-02-18 11:16:30,3550000,,False
2026-02-18 11:16:35,3575000,,False
2026-02-18 11:16:35,3575000,,False
2026-02-18 11:21:40,7000000,,False
2026-02-18 11:21:40,7000000,,False
2026-02-18 11:21:45,7025000,,False
2026-02-18 11:21:45,7025000,,False
2026-02-18 11:21:50,7050000,,False
2026-02-18 11:21:50,7050000,,False
2026-02-18 11:21:56,3525000,,False
2026-02-18 11:21:56,3525000,,False
2026-02-18 11:22:01,3550000,,False
2026-02-18 11:22:01,3550000,,False
2026-02-18 11:22:06,3575000,,False
2026-02-18 11:22:06,3575000,,False
2026-02-18 11:27:11,7000000,,False
2026-02-18 11:27:11,7000000,,False
2026-02-18 11:27:16,7025000,,False
2026-02-18 11:27:16,7025000,,False
2026-02-18 11:27:22,7050000,,False
2026-02-18 11:27:22,7050000,,False
2026-02-18 11:27:27,3525000,,False
2026-02-18 11:27:27,3525000,,False
2026-02-18 11:27:32,3550000,331.54732391250917,True
2026-02-18 11:27:32,3550000,331.5473239125092,True
2026-02-18 11:27:37,3575000,,False
2026-02-18 11:27:37,3575000,,False
2026-02-18 11:32:42,7000000,,False
2026-02-18 11:32:42,7000000,,False
2026-02-18 11:32:48,7025000,,False
2026-02-18 11:32:48,7025000,,False
2026-02-18 11:32:53,7050000,,False
2026-02-18 11:32:53,7050000,,False
2026-02-18 11:32:58,3525000,,False
2026-02-18 11:32:58,3525000,,False
2026-02-18 11:33:03,3550000,,False
2026-02-18 11:33:03,3550000,,False
2026-02-18 11:33:08,3575000,,False
2026-02-18 11:33:08,3575000,,False
2026-02-18 11:38:14,7000000,,False
2026-02-18 11:38:14,7000000,,False
2026-02-18 11:38:19,7025000,,False
2026-02-18 11:38:19,7025000,,False
2026-02-18 11:38:24,7050000,,False
2026-02-18 11:38:24,7050000,,False
2026-02-18 11:38:29,3525000,,False
2026-02-18 11:38:29,3525000,,False
2026-02-18 11:38:34,3550000,,False
2026-02-18 11:38:34,3550000,,False
2026-02-18 11:38:39,3575000,,False
2026-02-18 11:38:39,3575000,,False
2026-02-18 11:43:45,7000000,,False
2026-02-18 11:43:45,7000000,,False
2026-02-18 11:43:50,7025000,,False
2026-02-18 11:43:50,7025000,,False
2026-02-18 11:43:55,7050000,,False
2026-02-18 11:43:55,7050000,,False
2026-02-18 11:44:00,3525000,275.5219659365528,True
2026-02-18 11:44:00,3525000,275.52196593655276,True
2026-02-18 11:44:05,3550000,,False
2026-02-18 11:44:05,3550000,,False
2026-02-18 11:44:11,3575000,,False
2026-02-18 11:44:11,3575000,,False
2026-02-18 11:49:16,7000000,,False
2026-02-18 11:49:16,7000000,,False
2026-02-18 11:49:21,7025000,,False
2026-02-18 11:49:21,7025000,,False
2026-02-18 11:49:26,7050000,,False
2026-02-18 11:49:26,7050000,,False
2026-02-18 11:49:31,3525000,,False
2026-02-18 11:49:31,3525000,,False
2026-02-18 11:49:37,3550000,254.80025819202092,True
2026-02-18 11:49:37,3550000,254.80025819202095,True
2026-02-18 11:49:42,3575000,,False
2026-02-18 11:49:42,3575000,,False
2026-02-18 11:54:47,7000000,,False
2026-02-18 11:54:47,7000000,,False
2026-02-18 11:54:52,7025000,,False
2026-02-18 11:54:52,7025000,,False
2026-02-18 11:54:57,7050000,,False
2026-02-18 11:54:57,7050000,,False
2026-02-18 11:55:03,3525000,,False
2026-02-18 11:55:03,3525000,,False
2026-02-18 11:55:08,3550000,,False
2026-02-18 11:55:08,3550000,,False
2026-02-18 11:55:13,3575000,,False
2026-02-18 11:55:13,3575000,,False
2026-02-18 12:00:18,7000000,,False
2026-02-18 12:00:18,7000000,,False
2026-02-18 12:00:23,7025000,,False
2026-02-18 12:00:23,7025000,,False
2026-02-18 12:00:29,7050000,,False
2026-02-18 12:00:29,7050000,,False
2026-02-18 12:00:34,3525000,,False
2026-02-18 12:00:34,3525000,,False
2026-02-18 12:00:39,3550000,398.317271089334,True
2026-02-18 12:00:39,3550000,398.317271089334,True
2026-02-18 12:00:44,3575000,,False
2026-02-18 12:00:44,3575000,,False
2026-02-18 12:05:49,7000000,,False
2026-02-18 12:05:49,7000000,,False
2026-02-18 12:05:55,7025000,,False
2026-02-18 12:05:55,7025000,,False
2026-02-18 12:06:00,7050000,,False
2026-02-18 12:06:00,7050000,,False
2026-02-18 12:06:05,3525000,,False
2026-02-18 12:06:05,3525000,,False
2026-02-18 12:06:10,3550000,,False
2026-02-18 12:06:10,3550000,,False
2026-02-18 12:06:15,3575000,,False
2026-02-18 12:06:15,3575000,,False
2026-02-18 12:11:21,7000000,,False
2026-02-18 12:11:21,7000000,,False
2026-02-18 12:11:26,7025000,,False
2026-02-18 12:11:26,7025000,,False
2026-02-18 12:11:31,7050000,,False
2026-02-18 12:11:31,7050000,,False
2026-02-18 12:11:36,3525000,,False
2026-02-18 12:11:36,3525000,,False
2026-02-18 12:11:41,3550000,,False
2026-02-18 12:11:41,3550000,,False
2026-02-18 12:11:46,3575000,,False
2026-02-18 12:11:46,3575000,,False
2026-02-18 12:16:52,7000000,,False
2026-02-18 12:16:52,7000000,,False
2026-02-18 12:16:57,7025000,,False
2026-02-18 12:16:57,7025000,,False
2026-02-18 12:17:02,7050000,,False
2026-02-18 12:17:02,7050000,,False
2026-02-18 12:17:07,3525000,,False
2026-02-18 12:17:07,3525000,,False
2026-02-18 12:17:12,3550000,,False
2026-02-18 12:17:12,3550000,,False
2026-02-18 12:17:18,3575000,,False
2026-02-18 12:17:18,3575000,,False
2026-02-18 12:22:23,7000000,,False
2026-02-18 12:22:23,7000000,,False
2026-02-18 12:22:28,7025000,,False
2026-02-18 12:22:28,7025000,,False
2026-02-18 12:22:33,7050000,,False
2026-02-18 12:22:33,7050000,,False
2026-02-18 12:22:38,3525000,,False
2026-02-18 12:22:38,3525000,,False
2026-02-18 12:22:44,3550000,,False
2026-02-18 12:22:44,3550000,,False
2026-02-18 12:22:49,3575000,,False
2026-02-18 12:22:49,3575000,,False
2026-02-18 12:27:54,7000000,322.3376760260506,True
2026-02-18 12:27:54,7000000,322.3376760260506,True
2026-02-18 12:27:59,7025000,,False
2026-02-18 12:27:59,7025000,,False
2026-02-18 12:28:04,7050000,,False
2026-02-18 12:28:04,7050000,,False
2026-02-18 12:28:10,3525000,,False
2026-02-18 12:28:10,3525000,,False
2026-02-18 12:28:15,3550000,,False
2026-02-18 12:28:15,3550000,,False
2026-02-18 12:28:20,3575000,,False
2026-02-18 12:28:20,3575000,,False
2026-02-18 12:33:25,7000000,303.15090959592857,True
2026-02-18 12:33:25,7000000,303.15090959592857,True
2026-02-18 12:33:30,7025000,303.15090959592857,True
2026-02-18 12:33:30,7025000,303.15090959592857,True
2026-02-18 12:33:36,7050000,309.2906748535676,True
2026-02-18 12:33:36,7050000,309.2906748535676,True
2026-02-18 12:33:41,3525000,,False
2026-02-18 12:33:41,3525000,,False
2026-02-18 12:33:46,3550000,,False
2026-02-18 12:33:46,3550000,,False
2026-02-18 12:33:51,3575000,,False
2026-02-18 12:33:51,3575000,,False
2026-02-18 12:38:56,7000000,273.21955396493814,True
2026-02-18 12:38:56,7000000,273.21955396493814,True
2026-02-18 12:39:02,7025000,264.0099060784796,True
2026-02-18 12:39:02,7025000,264.00990607847956,True
2026-02-18 12:39:07,7050000,274.7544952793479,True
2026-02-18 12:39:07,7050000,274.7544952793479,True
2026-02-18 12:39:12,3525000,,False
2026-02-18 12:39:12,3525000,,False
2026-02-18 12:39:17,3550000,,False
2026-02-18 12:39:17,3550000,,False
2026-02-18 12:39:22,3575000,,False
2026-02-18 12:39:22,3575000,,False
2026-02-18 12:44:27,7000000,267.0797887072991,True
2026-02-18 12:44:27,7000000,267.0797887072991,True
2026-02-18 12:44:33,7025000,,False
2026-02-18 12:44:33,7025000,,False
2026-02-18 12:44:38,7050000,,False
2026-02-18 12:44:38,7050000,,False
2026-02-18 12:44:43,3525000,,False
2026-02-18 12:44:43,3525000,,False
2026-02-18 12:44:48,3550000,,False
2026-02-18 12:44:48,3550000,,False
2026-02-18 12:44:53,3575000,,False
2026-02-18 12:44:53,3575000,,False
2026-02-18 12:49:59,7000000,238.68337439071843,True
2026-02-18 12:49:59,7000000,238.68337439071843,True
2026-02-18 12:50:04,7025000,,False
2026-02-18 12:50:04,7025000,,False
2026-02-18 12:50:09,7050000,,False
2026-02-18 12:50:09,7050000,,False
2026-02-18 12:50:14,3525000,,False
2026-02-18 12:50:14,3525000,,False
2026-02-18 12:50:19,3550000,,False
2026-02-18 12:50:19,3550000,,False
2026-02-18 12:50:25,3575000,,False
2026-02-18 12:50:25,3575000,,False
2026-02-18 12:55:30,7000000,259.40508213525027,True
2026-02-18 12:55:30,7000000,259.40508213525027,True
2026-02-18 12:55:35,7025000,,False
2026-02-18 12:55:35,7025000,,False
2026-02-18 12:55:40,7050000,263.24243542127465,True
2026-02-18 12:55:40,7050000,263.24243542127465,True
2026-02-18 12:55:45,3525000,,False
2026-02-18 12:55:45,3525000,,False
2026-02-18 12:55:51,3550000,,False
2026-02-18 12:55:51,3550000,,False
2026-02-18 12:55:56,3575000,,False
2026-02-18 12:55:56,3575000,,False
2026-02-18 13:01:01,7000000,343.05938377058243,True
2026-02-18 13:01:01,7000000,343.05938377058243,True
2026-02-18 13:01:06,7025000,,False
2026-02-18 13:01:06,7025000,,False
2026-02-18 13:01:11,7050000,,False
2026-02-18 13:01:11,7050000,,False
2026-02-18 13:01:17,3525000,,False
2026-02-18 13:01:17,3525000,,False
2026-02-18 13:01:22,3550000,,False
2026-02-18 13:01:22,3550000,,False
2026-02-18 13:01:27,3575000,,False
2026-02-18 13:01:27,3575000,,False
2026-02-18 13:06:32,7000000,267.84725936450394,True
2026-02-18 13:06:32,7000000,267.84725936450394,True
2026-02-18 13:06:37,7025000,,False
2026-02-18 13:06:37,7025000,,False
2026-02-18 13:06:43,7050000,,False
2026-02-18 13:06:43,7050000,,False
2026-02-18 13:06:48,3525000,,False
2026-02-18 13:06:48,3525000,,False
2026-02-18 13:06:53,3550000,,False
2026-02-18 13:06:53,3550000,,False
2026-02-18 13:06:58,3575000,,False
2026-02-18 13:06:58,3575000,,False
2026-02-18 13:12:03,7000000,250.19543424879168,True
2026-02-18 13:12:03,7000000,250.19543424879168,True
2026-02-18 13:12:08,7025000,,False
2026-02-18 13:12:08,7025000,,False
2026-02-18 13:12:14,7050000,,False
2026-02-18 13:12:14,7050000,,False
2026-02-18 13:12:19,3525000,,False
2026-02-18 13:12:19,3525000,,False
2026-02-18 13:12:24,3550000,,False
2026-02-18 13:12:24,3550000,,False
2026-02-18 13:12:29,3575000,,False
2026-02-18 13:12:29,3575000,,False
2026-02-18 13:17:34,7000000,326.175029312075,True
2026-02-18 13:17:34,7000000,326.175029312075,True
2026-02-18 13:17:40,7025000,,False
2026-02-18 13:17:40,7025000,,False
2026-02-18 13:17:45,7050000,,False
2026-02-18 13:17:45,7050000,,False
2026-02-18 13:17:50,3525000,,False
2026-02-18 13:17:50,3525000,,False
2026-02-18 13:17:55,3550000,,False
2026-02-18 13:17:55,3550000,,False
2026-02-18 13:18:00,3575000,,False
2026-02-18 13:18:00,3575000,,False
2026-02-18 13:23:05,7000000,,False
2026-02-18 13:23:05,7000000,,False
2026-02-18 13:23:11,7025000,,False
2026-02-18 13:23:11,7025000,,False
2026-02-18 13:23:16,7050000,,False
2026-02-18 13:23:16,7050000,,False
2026-02-18 13:23:21,3525000,,False
2026-02-18 13:23:21,3525000,,False
2026-02-18 13:23:26,3550000,,False
2026-02-18 13:23:26,3550000,,False
2026-02-18 13:23:31,3575000,,False
2026-02-18 13:23:31,3575000,,False
2026-02-18 13:28:37,7000000,259.40508213525027,True
2026-02-18 13:28:37,7000000,259.40508213525027,True
2026-02-18 13:28:42,7025000,,False
2026-02-18 13:28:42,7025000,,False
2026-02-18 13:28:47,7050000,363.78109151511427,True
2026-02-18 13:28:47,7050000,363.7810915151143,True
2026-02-18 13:28:52,3525000,,False
2026-02-18 13:28:52,3525000,,False
2026-02-18 13:28:57,3550000,,False
2026-02-18 13:28:57,3550000,,False
2026-02-18 13:29:02,3575000,,False
2026-02-18 13:29:02,3575000,,False
2026-02-18 13:34:08,7000000,239.4508450479233,True
2026-02-18 13:34:08,7000000,239.4508450479233,True
2026-02-18 13:34:13,7025000,,False
2026-02-18 13:34:13,7025000,,False
2026-02-18 13:34:18,7050000,399.0847417465389,True
2026-02-18 13:34:18,7050000,399.08474174653884,True
2026-02-18 13:34:23,3525000,,False
2026-02-18 13:34:23,3525000,,False
2026-02-18 13:34:28,3550000,,False
2026-02-18 13:34:28,3550000,,False
2026-02-18 13:34:34,3575000,,False
2026-02-18 13:34:34,3575000,,False
2026-02-18 13:39:39,7000000,249.4279635915868,True
2026-02-18 13:39:39,7000000,249.4279635915868,True
2026-02-18 13:39:44,7025000,,False
2026-02-18 13:39:44,7025000,,False
2026-02-18 13:39:49,7050000,,False
2026-02-18 13:39:49,7050000,,False
2026-02-18 13:39:55,3525000,,False
2026-02-18 13:39:55,3525000,,False
2026-02-18 13:40:00,3550000,,False
2026-02-18 13:40:00,3550000,,False
2026-02-18 13:40:05,3575000,,False
2026-02-18 13:40:05,3575000,,False
2026-02-18 13:45:10,7000000,233.31107979028425,True
2026-02-18 13:45:10,7000000,233.31107979028425,True
2026-02-18 13:45:15,7025000,,False
2026-02-18 13:45:15,7025000,,False
2026-02-18 13:45:21,7050000,,False
2026-02-18 13:45:21,7050000,,False
2026-02-18 13:45:26,3525000,,False
2026-02-18 13:45:26,3525000,,False
2026-02-18 13:45:31,3550000,,False
2026-02-18 13:45:31,3550000,,False
2026-02-18 13:45:36,3575000,,False
2026-02-18 13:45:36,3575000,,False
2026-02-18 13:50:41,7000000,275.52196593655276,True
2026-02-18 13:50:41,7000000,275.5219659365528,True
2026-02-18 13:50:47,7025000,,False
2026-02-18 13:50:47,7025000,,False
2026-02-18 13:50:52,7050000,,False
2026-02-18 13:50:52,7050000,,False
2026-02-18 13:50:57,3525000,,False
2026-02-18 13:50:57,3525000,,False
2026-02-18 13:51:02,3550000,,False
2026-02-18 13:51:02,3550000,,False
2026-02-18 13:51:07,3575000,,False
2026-02-18 13:51:07,3575000,,False
2026-02-18 13:56:12,7000000,268.61473002170885,True
2026-02-18 13:56:12,7000000,268.61473002170885,True
2026-02-18 13:56:18,7025000,271.6846126505284,True
2026-02-18 13:56:18,7025000,271.6846126505284,True
2026-02-18 13:56:23,7050000,253.2653168776112,True
2026-02-18 13:56:23,7050000,253.26531687761118,True
2026-02-18 13:56:28,3525000,,False
2026-02-18 13:56:28,3525000,,False
2026-02-18 13:56:33,3550000,,False
2026-02-18 13:56:33,3550000,,False
2026-02-18 13:56:38,3575000,,False
2026-02-18 13:56:38,3575000,,False
2026-02-18 14:01:44,7000000,257.1026701636356,True
2026-02-18 14:01:44,7000000,257.1026701636356,True
2026-02-18 14:01:49,7025000,258.63761147804536,True
2026-02-18 14:01:49,7025000,258.63761147804536,True
2026-02-18 14:01:54,7050000,,False
2026-02-18 14:01:54,7050000,,False
2026-02-18 14:01:59,3525000,,False
2026-02-18 14:01:59,3525000,,False
2026-02-18 14:02:04,3550000,,False
2026-02-18 14:02:04,3550000,,False
2026-02-18 14:02:09,3575000,,False
2026-02-18 14:02:09,3575000,,False
2026-02-18 14:07:15,7000000,246.35808096276725,True
2026-02-18 14:07:15,7000000,246.35808096276725,True
2026-02-18 14:07:20,7025000,247.12555161997213,True
2026-02-18 14:07:20,7025000,247.12555161997213,True
2026-02-18 14:07:25,7050000,254.80025819202095,True
2026-02-18 14:07:25,7050000,254.80025819202092,True
2026-02-18 14:07:30,3525000,,False
2026-02-18 14:07:30,3525000,,False
2026-02-18 14:07:35,3550000,,False
2026-02-18 14:07:35,3550000,,False
2026-02-18 14:07:41,3575000,,False
2026-02-18 14:07:41,3575000,,False
2026-02-18 14:12:46,7000000,247.893022277177,True
2026-02-18 14:12:46,7000000,247.893022277177,True
2026-02-18 14:12:51,7025000,244.0556689911526,True
2026-02-18 14:12:51,7025000,244.0556689911526,True
2026-02-18 14:12:56,7050000,,False
2026-02-18 14:12:56,7050000,,False
2026-02-18 14:13:02,3525000,,False
2026-02-18 14:13:02,3525000,,False
2026-02-18 14:13:07,3550000,,False
2026-02-18 14:13:07,3550000,,False
2026-02-18 14:13:12,3575000,,False
2026-02-18 14:13:12,3575000,,False
2026-02-18 14:18:17,7000000,250.19543424879168,True
2026-02-18 14:18:17,7000000,250.19543424879168,True
2026-02-18 14:18:22,7025000,248.66049293438192,True
2026-02-18 14:18:22,7025000,248.66049293438192,True
2026-02-18 14:18:28,7050000,,False
2026-02-18 14:18:28,7050000,,False
2026-02-18 14:18:33,3525000,,False
2026-02-18 14:18:33,3525000,,False
2026-02-18 14:18:38,3550000,,False
2026-02-18 14:18:38,3550000,,False
2026-02-18 14:18:43,3575000,,False
2026-02-18 14:18:43,3575000,,False
2026-02-18 14:23:48,7000000,251.73037556320145,True
2026-02-18 14:23:48,7000000,251.73037556320145,True
2026-02-18 14:23:54,7025000,250.96290490599657,True
2026-02-18 14:23:54,7025000,250.96290490599657,True
2026-02-18 14:23:59,7050000,242.52072767674284,True
2026-02-18 14:23:59,7050000,242.52072767674284,True
2026-02-18 14:24:04,3525000,,False
2026-02-18 14:24:04,3525000,,False
2026-02-18 14:24:09,3550000,,False
2026-02-18 14:24:09,3550000,,False
2026-02-18 14:24:14,3575000,,False
2026-02-18 14:24:14,3575000,,False
2026-02-18 14:29:19,7000000,231.7761384758745,True
2026-02-18 14:29:19,7000000,231.7761384758745,True
2026-02-18 14:29:25,7025000,244.82313964835748,True
2026-02-18 14:29:25,7025000,244.82313964835748,True
2026-02-18 14:29:30,7050000,241.75325701953795,True
2026-02-18 14:29:30,7050000,241.75325701953795,True
2026-02-18 14:29:35,3525000,,False
2026-02-18 14:29:35,3525000,,False
2026-02-18 14:29:40,3550000,,False
2026-02-18 14:29:40,3550000,,False
2026-02-18 14:29:45,3575000,,False
2026-02-18 14:29:45,3575000,,False
2026-02-18 14:34:51,7000000,245.5906103055624,True
2026-02-18 14:34:51,7000000,245.59061030556236,True
2026-02-18 14:34:56,7025000,244.82313964835748,True
2026-02-18 14:34:56,7025000,244.82313964835748,True
2026-02-18 14:35:01,7050000,250.19543424879168,True
2026-02-18 14:35:01,7050000,250.19543424879168,True
2026-02-18 14:35:06,3525000,,False
2026-02-18 14:35:06,3525000,,False
2026-02-18 14:35:11,3550000,,False
2026-02-18 14:35:11,3550000,,False
2026-02-18 14:35:17,3575000,,False
2026-02-18 14:35:17,3575000,,False
2026-02-18 14:40:22,7000000,238.68337439071843,True
2026-02-18 14:40:22,7000000,238.68337439071843,True
2026-02-18 14:40:27,7025000,244.0556689911526,True
2026-02-18 14:40:27,7025000,244.0556689911526,True
2026-02-18 14:40:32,7050000,,False
2026-02-18 14:40:32,7050000,,False
2026-02-18 14:40:37,3525000,,False
2026-02-18 14:40:37,3525000,,False
2026-02-18 14:40:42,3550000,,False
2026-02-18 14:40:42,3550000,,False
2026-02-18 14:40:48,3575000,,False
2026-02-18 14:40:48,3575000,,False
2026-02-18 14:45:53,7000000,243.28819833394772,True
2026-02-18 14:45:53,7000000,243.2881983339477,True
2026-02-18 14:45:58,7025000,241.75325701953795,True
2026-02-18 14:45:58,7025000,241.75325701953795,True
2026-02-18 14:46:03,7050000,,False
2026-02-18 14:46:03,7050000,,False
2026-02-18 14:46:08,3525000,,False
2026-02-18 14:46:08,3525000,,False
2026-02-18 14:46:14,3550000,384.50279925964605,True
2026-02-18 14:46:14,3550000,384.50279925964605,True
2026-02-18 14:46:19,3575000,,False
2026-02-18 14:46:19,3575000,,False
2026-02-18 14:51:24,7000000,,False
2026-02-18 14:51:24,7000000,,False
2026-02-18 14:51:29,7025000,,False
2026-02-18 14:51:29,7025000,,False
2026-02-18 14:51:35,7050000,260.1725527924551,True
2026-02-18 14:51:35,7050000,260.1725527924551,True
2026-02-18 14:51:40,3525000,,False
2026-02-18 14:51:40,3525000,,False
2026-02-18 14:51:45,3550000,,False
2026-02-18 14:51:45,3550000,,False
2026-02-18 14:51:51,3575000,,False
2026-02-18 14:51:51,3575000,,False
2026-02-18 14:56:56,7000000,264.7773767356844,True
2026-02-18 14:56:56,7000000,264.7773767356844,True
2026-02-18 14:57:01,7025000,,False
2026-02-18 14:57:01,7025000,,False
2026-02-18 14:57:07,7050000,246.35808096276725,True
2026-02-18 14:57:07,7050000,246.35808096276725,True
2026-02-18 14:57:12,3525000,,False
2026-02-18 14:57:12,3525000,,False
2026-02-18 14:57:17,3550000,,False
2026-02-18 14:57:17,3550000,,False
2026-02-18 14:57:22,3575000,,False
2026-02-18 14:57:22,3575000,,False
2026-02-18 15:02:28,7000000,257.1026701636356,True
2026-02-18 15:02:28,7000000,257.1026701636356,True
2026-02-18 15:02:33,7025000,,False
2026-02-18 15:02:33,7025000,,False
2026-02-18 15:02:39,7050000,241.75325701953795,True
2026-02-18 15:02:39,7050000,241.75325701953795,True
2026-02-18 15:02:44,3525000,,False
2026-02-18 15:02:44,3525000,,False
2026-02-18 15:02:49,3550000,,False
2026-02-18 15:02:49,3550000,,False
2026-02-18 15:02:54,3575000,,False
2026-02-18 15:02:54,3575000,,False
2026-02-18 15:07:59,7000000,256.33519950643074,True
2026-02-18 15:07:59,7000000,256.33519950643074,True
2026-02-18 15:08:05,7025000,258.63761147804536,True
2026-02-18 15:08:05,7025000,258.63761147804536,True
2026-02-18 15:08:10,7050000,,False
2026-02-18 15:08:10,7050000,,False
2026-02-18 15:08:15,3525000,,False
2026-02-18 15:08:15,3525000,,False
2026-02-18 15:08:20,3550000,,False
2026-02-18 15:08:20,3550000,,False
2026-02-18 15:08:25,3575000,,False
2026-02-18 15:08:25,3575000,,False
2026-02-18 15:13:31,7000000,245.5906103055624,True
2026-02-18 15:13:31,7000000,245.59061030556236,True
2026-02-18 15:13:36,7025000,249.4279635915868,True
2026-02-18 15:13:36,7025000,249.4279635915868,True
2026-02-18 15:13:41,7050000,,False
2026-02-18 15:13:41,7050000,,False
2026-02-18 15:13:46,3525000,,False
2026-02-18 15:13:46,3525000,,False
2026-02-18 15:13:51,3550000,,False
2026-02-18 15:13:51,3550000,,False
2026-02-18 15:13:56,3575000,,False
2026-02-18 15:13:56,3575000,,False
2026-02-18 15:19:02,7000000,246.35808096276725,True
2026-02-18 15:19:02,7000000,246.35808096276725,True
2026-02-18 15:19:07,7025000,247.893022277177,True
2026-02-18 15:19:07,7025000,247.893022277177,True
2026-02-18 15:19:12,7050000,,False
2026-02-18 15:19:12,7050000,,False
2026-02-18 15:19:17,3525000,,False
2026-02-18 15:19:17,3525000,,False
2026-02-18 15:19:22,3550000,,False
2026-02-18 15:19:22,3550000,,False
2026-02-18 15:19:28,3575000,,False
2026-02-18 15:19:28,3575000,,False
2026-02-18 15:24:33,7000000,254.03278753481607,True
2026-02-18 15:24:33,7000000,254.03278753481607,True
2026-02-18 15:24:38,7025000,249.4279635915868,True
2026-02-18 15:24:38,7025000,249.4279635915868,True
2026-02-18 15:24:43,7050000,254.03278753481607,True
2026-02-18 15:24:43,7050000,254.03278753481607,True
2026-02-18 15:24:48,3525000,,False
2026-02-18 15:24:48,3525000,,False
2026-02-18 15:24:54,3550000,,False
2026-02-18 15:24:54,3550000,,False
2026-02-18 15:24:59,3575000,,False
2026-02-18 15:24:59,3575000,,False
2026-02-18 15:30:04,7000000,,False
2026-02-18 15:30:04,7000000,,False
2026-02-18 15:30:09,7025000,267.84725936450394,True
2026-02-18 15:30:09,7025000,267.84725936450394,True
2026-02-18 15:30:14,7050000,,False
2026-02-18 15:30:14,7050000,,False
2026-02-18 15:30:20,3525000,,False
2026-02-18 15:30:20,3525000,,False
2026-02-18 15:30:25,3550000,,False
2026-02-18 15:30:25,3550000,,False
2026-02-18 15:30:30,3575000,,False
2026-02-18 15:30:30,3575000,,False
2026-02-18 15:35:35,7000000,,False
2026-02-18 15:35:35,7000000,,False
2026-02-18 15:35:40,7025000,257.1026701636356,True
2026-02-18 15:35:40,7025000,257.1026701636356,True
2026-02-18 15:35:46,7050000,,False
2026-02-18 15:35:46,7050000,,False
2026-02-18 15:35:51,3525000,,False
2026-02-18 15:35:51,3525000,,False
2026-02-18 15:35:56,3550000,,False
2026-02-18 15:35:56,3550000,,False
2026-02-18 15:36:01,3575000,,False
2026-02-18 15:36:01,3575000,,False
2026-02-18 15:41:06,7000000,,False
2026-02-18 15:41:06,7000000,,False
2026-02-18 15:41:12,7025000,258.63761147804536,True
2026-02-18 15:41:12,7025000,258.63761147804536,True
2026-02-18 15:41:17,7050000,,False
2026-02-18 15:41:17,7050000,,False
2026-02-18 15:41:22,3525000,,False
2026-02-18 15:41:22,3525000,,False
2026-02-18 15:41:27,3550000,,False
2026-02-18 15:41:27,3550000,,False
2026-02-18 15:41:32,3575000,,False
2026-02-18 15:41:32,3575000,,False
2026-02-18 15:46:37,7000000,254.80025819202095,True
2026-02-18 15:46:37,7000000,254.80025819202092,True
2026-02-18 15:46:43,7025000,267.84725936450394,True
2026-02-18 15:46:43,7025000,267.84725936450394,True
2026-02-18 15:46:48,7050000,,False
2026-02-18 15:46:48,7050000,,False
2026-02-18 15:46:53,3525000,,False
2026-02-18 15:46:53,3525000,,False
2026-02-18 15:46:58,3550000,,False
2026-02-18 15:46:58,3550000,,False
2026-02-18 15:47:03,3575000,,False
2026-02-18 15:47:03,3575000,,False
2026-02-18 15:52:09,7000000,253.2653168776112,True
2026-02-18 15:52:09,7000000,253.26531687761118,True
2026-02-18 15:52:14,7025000,256.33519950643074,True
2026-02-18 15:52:14,7025000,256.33519950643074,True
2026-02-18 15:52:19,7050000,,False
2026-02-18 15:52:19,7050000,,False
2026-02-18 15:52:24,3525000,,False
2026-02-18 15:52:24,3525000,,False
2026-02-18 15:52:29,3550000,,False
2026-02-18 15:52:29,3550000,,False
2026-02-18 15:52:34,3575000,,False
2026-02-18 15:52:34,3575000,,False
2026-02-18 15:57:40,7000000,,False
2026-02-18 15:57:40,7000000,,False
2026-02-18 15:57:45,7025000,256.33519950643074,True
2026-02-18 15:57:45,7025000,256.33519950643074,True
2026-02-18 15:57:50,7050000,,False
2026-02-18 15:57:50,7050000,,False
2026-02-18 15:57:55,3525000,,False
2026-02-18 15:57:55,3525000,,False
2026-02-18 15:58:01,3550000,,False
2026-02-18 15:58:01,3550000,,False
2026-02-18 15:58:06,3575000,,False
2026-02-18 15:58:06,3575000,,False
2026-02-18 16:03:11,7000000,254.80025819202092,True
2026-02-18 16:03:11,7000000,254.80025819202095,True
2026-02-18 16:03:16,7025000,,False
2026-02-18 16:03:16,7025000,,False
2026-02-18 16:03:21,7050000,,False
2026-02-18 16:03:21,7050000,,False
2026-02-18 16:03:27,3525000,,False
2026-02-18 16:03:27,3525000,,False
2026-02-18 16:03:32,3550000,,False
2026-02-18 16:03:32,3550000,,False
2026-02-18 16:03:37,3575000,,False
2026-02-18 16:03:37,3575000,,False
2026-02-18 16:08:42,7000000,256.33519950643074,True
2026-02-18 16:08:42,7000000,256.33519950643074,True
2026-02-18 16:08:47,7025000,255.56772884922583,True
2026-02-18 16:08:47,7025000,255.56772884922583,True
2026-02-18 16:08:53,7050000,,False
2026-02-18 16:08:53,7050000,,False
2026-02-18 16:08:58,3525000,,False
2026-02-18 16:08:58,3525000,,False
2026-02-18 16:09:03,3550000,,False
2026-02-18 16:09:03,3550000,,False
2026-02-18 16:09:08,3575000,,False
2026-02-18 16:09:08,3575000,,False
2026-02-18 16:14:13,7000000,251.73037556320145,True
2026-02-18 16:14:13,7000000,251.73037556320145,True
2026-02-18 16:14:19,7025000,246.35808096276725,True
2026-02-18 16:14:19,7025000,246.35808096276725,True
2026-02-18 16:14:24,7050000,,False
2026-02-18 16:14:24,7050000,,False
2026-02-18 16:14:29,3525000,,False
2026-02-18 16:14:29,3525000,,False
2026-02-18 16:14:34,3550000,,False
2026-02-18 16:14:34,3550000,,False
2026-02-18 16:14:39,3575000,,False
2026-02-18 16:14:39,3575000,,False
2026-02-18 16:19:44,7000000,251.73037556320145,True
2026-02-18 16:19:44,7000000,251.73037556320145,True
2026-02-18 16:19:50,7025000,251.73037556320145,True
2026-02-18 16:19:50,7025000,251.73037556320145,True
2026-02-18 16:19:55,7050000,,False
2026-02-18 16:19:55,7050000,,False
2026-02-18 16:20:00,3525000,,False
2026-02-18 16:20:00,3525000,,False
2026-02-18 16:20:05,3550000,,False
2026-02-18 16:20:05,3550000,,False
2026-02-18 16:20:10,3575000,,False
2026-02-18 16:20:10,3575000,,False
2026-02-18 16:25:16,7000000,246.35808096276725,True
2026-02-18 16:25:16,7000000,246.35808096276725,True
2026-02-18 16:25:21,7025000,240.2183157051282,True
2026-02-18 16:25:21,7025000,240.2183157051282,True
2026-02-18 16:25:26,7050000,,False
2026-02-18 16:25:26,7050000,,False
2026-02-18 16:25:31,3525000,,False
2026-02-18 16:25:31,3525000,,False
2026-02-18 16:25:36,3550000,,False
2026-02-18 16:25:36,3550000,,False
2026-02-18 16:25:42,3575000,,False
2026-02-18 16:25:42,3575000,,False
2026-02-18 16:30:47,7000000,250.19543424879168,True
2026-02-18 16:30:47,7000000,250.19543424879168,True
2026-02-18 16:30:52,7025000,247.12555161997213,True
2026-02-18 16:30:52,7025000,247.12555161997213,True
2026-02-18 16:30:57,7050000,,False
2026-02-18 16:30:57,7050000,,False
2026-02-18 16:31:02,3525000,,False
2026-02-18 16:31:02,3525000,,False
2026-02-18 16:31:07,3550000,,False
2026-02-18 16:31:07,3550000,,False
2026-02-18 16:31:13,3575000,,False
2026-02-18 16:31:13,3575000,,False
2026-02-18 16:36:18,7000000,254.80025819202095,True
2026-02-18 16:36:18,7000000,254.80025819202092,True
2026-02-18 16:36:23,7025000,251.73037556320145,True
2026-02-18 16:36:23,7025000,251.73037556320145,True
2026-02-18 16:36:28,7050000,,False
2026-02-18 16:36:28,7050000,,False
2026-02-18 16:36:33,3525000,,False
2026-02-18 16:36:33,3525000,,False
2026-02-18 16:36:39,3550000,,False
2026-02-18 16:36:39,3550000,,False
2026-02-18 16:36:44,3575000,,False
2026-02-18 16:36:44,3575000,,False
2026-02-18 16:41:49,7000000,247.893022277177,True
2026-02-18 16:41:49,7000000,247.893022277177,True
2026-02-18 16:41:54,7025000,250.96290490599657,True
2026-02-18 16:41:54,7025000,250.96290490599657,True
2026-02-18 16:41:59,7050000,250.19543424879168,True
2026-02-18 16:41:59,7050000,250.19543424879168,True
2026-02-18 16:42:05,3525000,,False
2026-02-18 16:42:05,3525000,,False
2026-02-18 16:42:10,3550000,,False
2026-02-18 16:42:10,3550000,,False
2026-02-18 16:42:15,3575000,,False
2026-02-18 16:42:15,3575000,,False
2026-02-18 16:47:20,7000000,252.4978462204063,True
2026-02-18 16:47:20,7000000,252.4978462204063,True
2026-02-18 16:47:25,7025000,254.03278753481607,True
2026-02-18 16:47:25,7025000,254.03278753481607,True
2026-02-18 16:47:31,7050000,,False
2026-02-18 16:47:31,7050000,,False
2026-02-18 16:47:36,3525000,,False
2026-02-18 16:47:36,3525000,,False
2026-02-18 16:47:41,3550000,,False
2026-02-18 16:47:41,3550000,,False
2026-02-18 16:47:46,3575000,,False
2026-02-18 16:47:46,3575000,,False
2026-02-18 16:52:51,7000000,258.63761147804536,True
2026-02-18 16:52:51,7000000,258.63761147804536,True
2026-02-18 16:52:57,7025000,258.63761147804536,True
2026-02-18 16:52:57,7025000,258.63761147804536,True
2026-02-18 16:53:02,7050000,,False
2026-02-18 16:53:02,7050000,,False
2026-02-18 16:53:07,3525000,,False
2026-02-18 16:53:07,3525000,,False
2026-02-18 16:53:12,3550000,,False
2026-02-18 16:53:12,3550000,,False
2026-02-18 16:53:17,3575000,,False
2026-02-18 16:53:17,3575000,,False
2026-02-18 16:58:22,7000000,257.8701408208405,True
2026-02-18 16:58:22,7000000,257.8701408208405,True
2026-02-18 16:58:28,7025000,,False
2026-02-18 16:58:28,7025000,,False
2026-02-18 16:58:33,7050000,,False
2026-02-18 16:58:33,7050000,,False
2026-02-18 16:58:38,3525000,,False
2026-02-18 16:58:38,3525000,,False
2026-02-18 16:58:43,3550000,,False
2026-02-18 16:58:43,3550000,,False
2026-02-18 16:58:48,3575000,,False
2026-02-18 16:58:48,3575000,,False
2026-02-18 17:03:54,7000000,263.24243542127465,True
2026-02-18 17:03:54,7000000,263.24243542127465,True
2026-02-18 17:03:59,7025000,262.4749647640698,True
2026-02-18 17:03:59,7025000,262.4749647640698,True
2026-02-18 17:04:04,7050000,261.7074941068649,True
2026-02-18 17:04:04,7050000,261.7074941068649,True
2026-02-18 17:04:09,3525000,,False
2026-02-18 17:04:09,3525000,,False
2026-02-18 17:04:14,3550000,,False
2026-02-18 17:04:14,3550000,,False
2026-02-18 17:04:19,3575000,,False
2026-02-18 17:04:19,3575000,,False
2026-02-18 17:09:25,7000000,270.1496713361186,True
2026-02-18 17:09:25,7000000,270.1496713361186,True
2026-02-18 17:09:30,7025000,268.61473002170885,True
2026-02-18 17:09:30,7025000,268.61473002170885,True
2026-02-18 17:09:35,7050000,,False
2026-02-18 17:09:35,7050000,,False
2026-02-18 17:09:40,3525000,,False
2026-02-18 17:09:40,3525000,,False
2026-02-18 17:09:45,3550000,,False
2026-02-18 17:09:45,3550000,,False
2026-02-18 17:09:51,3575000,,False
2026-02-18 17:09:51,3575000,,False
2026-02-18 17:14:56,7000000,264.7773767356844,True
2026-02-18 17:14:56,7000000,264.7773767356844,True
2026-02-18 17:15:01,7025000,264.7773767356844,True
2026-02-18 17:15:01,7025000,264.7773767356844,True
2026-02-18 17:15:06,7050000,267.0797887072991,True
2026-02-18 17:15:06,7050000,267.0797887072991,True
2026-02-18 17:15:11,3525000,,False
2026-02-18 17:15:11,3525000,,False
2026-02-18 17:15:16,3550000,,False
2026-02-18 17:15:16,3550000,,False
2026-02-18 17:15:22,3575000,,False
2026-02-18 17:15:22,3575000,,False
2026-02-18 17:20:27,7000000,,False
2026-02-18 17:20:27,7000000,,False
2026-02-18 17:20:32,7025000,265.5448473928893,True
2026-02-18 17:20:32,7025000,265.5448473928893,True
2026-02-18 17:20:37,7050000,,False
2026-02-18 17:20:37,7050000,,False
2026-02-18 17:20:43,3525000,,False
2026-02-18 17:20:43,3525000,,False
2026-02-18 17:20:48,3550000,,False
2026-02-18 17:20:48,3550000,,False
2026-02-18 17:20:53,3575000,,False
2026-02-18 17:20:53,3575000,,False
2026-02-18 17:25:58,7000000,265.5448473928893,True
2026-02-18 17:25:58,7000000,265.5448473928893,True
2026-02-18 17:26:03,7025000,264.7773767356844,True
2026-02-18 17:26:03,7025000,264.7773767356844,True
2026-02-18 17:26:09,7050000,,False
2026-02-18 17:26:09,7050000,,False
2026-02-18 17:26:14,3525000,,False
2026-02-18 17:26:14,3525000,,False
2026-02-18 17:26:19,3550000,,False
2026-02-18 17:26:19,3550000,,False
2026-02-18 17:26:24,3575000,,False
2026-02-18 17:26:24,3575000,,False
2026-02-18 17:31:29,7000000,252.4978462204063,True
2026-02-18 17:31:29,7000000,252.4978462204063,True
2026-02-18 17:31:35,7025000,254.80025819202092,True
2026-02-18 17:31:35,7025000,254.80025819202095,True
2026-02-18 17:31:40,7050000,,False
2026-02-18 17:31:40,7050000,,False
2026-02-18 17:31:45,3525000,,False
2026-02-18 17:31:45,3525000,,False
2026-02-18 17:31:50,3550000,,False
2026-02-18 17:31:50,3550000,,False
2026-02-18 17:31:55,3575000,,False
2026-02-18 17:31:55,3575000,,False
2026-02-18 17:37:00,7000000,256.33519950643074,True
2026-02-18 17:37:00,7000000,256.33519950643074,True
2026-02-18 17:37:06,7025000,251.73037556320145,True
2026-02-18 17:37:06,7025000,251.73037556320145,True
2026-02-18 17:37:11,7050000,,False
2026-02-18 17:37:11,7050000,,False
2026-02-18 17:37:16,3525000,,False
2026-02-18 17:37:16,3525000,,False
2026-02-18 17:37:21,3550000,,False
2026-02-18 17:37:21,3550000,,False
2026-02-18 17:37:26,3575000,,False
2026-02-18 17:37:26,3575000,,False
2026-02-18 17:42:31,7000000,253.26531687761118,True
2026-02-18 17:42:31,7000000,253.2653168776112,True
2026-02-18 17:42:37,7025000,,False
2026-02-18 17:42:37,7025000,,False
2026-02-18 17:42:42,7050000,,False
2026-02-18 17:42:42,7050000,,False
2026-02-18 17:42:47,3525000,,False
2026-02-18 17:42:47,3525000,,False
2026-02-18 17:42:52,3550000,357.64132625747516,True
2026-02-18 17:42:52,3550000,357.6413262574752,True
2026-02-18 17:42:57,3575000,,False
2026-02-18 17:42:57,3575000,,False
2026-02-18 17:48:03,7000000,,False
2026-02-18 17:48:03,7000000,,False
2026-02-18 17:48:08,7025000,244.82313964835748,True
2026-02-18 17:48:08,7025000,244.82313964835748,True
2026-02-18 17:48:13,7050000,,False
2026-02-18 17:48:13,7050000,,False
2026-02-18 17:48:18,3525000,,False
2026-02-18 17:48:18,3525000,,False
2026-02-18 17:48:23,3550000,,False
2026-02-18 17:48:23,3550000,,False
2026-02-18 17:48:29,3575000,,False
2026-02-18 17:48:29,3575000,,False
2026-02-18 17:53:34,7000000,254.80025819202095,True
2026-02-18 17:53:34,7000000,254.80025819202092,True
2026-02-18 17:53:39,7025000,257.8701408208405,True
2026-02-18 17:53:39,7025000,257.8701408208405,True
2026-02-18 17:53:45,7050000,,False
2026-02-18 17:53:45,7050000,,False
2026-02-18 17:53:50,3525000,,False
2026-02-18 17:53:50,3525000,,False
2026-02-18 17:53:55,3550000,,False
2026-02-18 17:53:55,3550000,,False
2026-02-18 17:54:00,3575000,,False
2026-02-18 17:54:00,3575000,,False
2026-02-18 17:59:06,7000000,254.03278753481607,True
2026-02-18 17:59:06,7000000,254.03278753481607,True
2026-02-18 17:59:11,7025000,,False
2026-02-18 17:59:11,7025000,,False
2026-02-18 17:59:17,7050000,254.80025819202092,True
2026-02-18 17:59:17,7050000,254.80025819202095,True
2026-02-18 17:59:22,3525000,,False
2026-02-18 17:59:22,3525000,,False
2026-02-18 17:59:27,3550000,,False
2026-02-18 17:59:27,3550000,,False
2026-02-18 17:59:32,3575000,,False
2026-02-18 17:59:32,3575000,,False
2026-02-18 18:04:38,7000000,247.12555161997213,True
2026-02-18 18:04:38,7000000,247.12555161997213,True
2026-02-18 18:04:43,7025000,247.12555161997213,True
2026-02-18 18:04:43,7025000,247.12555161997213,True
2026-02-18 18:04:49,7050000,242.52072767674284,True
2026-02-18 18:04:49,7050000,242.52072767674284,True
2026-02-18 18:04:54,3525000,,False
2026-02-18 18:04:54,3525000,,False
2026-02-18 18:04:59,3550000,,False
2026-02-18 18:04:59,3550000,,False
2026-02-18 18:05:04,3575000,,False
2026-02-18 18:05:04,3575000,,False
2026-02-18 18:10:10,7000000,244.82313964835748,True
2026-02-18 18:10:10,7000000,244.82313964835748,True
2026-02-18 18:10:15,7025000,,False
2026-02-18 18:10:15,7025000,,False
2026-02-18 18:10:21,7050000,253.2653168776112,True
2026-02-18 18:10:21,7050000,253.26531687761118,True
2026-02-18 18:10:26,3525000,,False
2026-02-18 18:10:26,3525000,,False
2026-02-18 18:10:31,3550000,,False
2026-02-18 18:10:31,3550000,,False
2026-02-18 18:10:36,3575000,,False
2026-02-18 18:10:36,3575000,,False
2026-02-18 18:15:41,7000000,247.893022277177,True
2026-02-18 18:15:41,7000000,247.893022277177,True
2026-02-18 18:15:47,7025000,,False
2026-02-18 18:15:47,7025000,,False
2026-02-18 18:15:52,7050000,,False
2026-02-18 18:15:52,7050000,,False
2026-02-18 18:15:58,3525000,,False
2026-02-18 18:15:58,3525000,,False
2026-02-18 18:16:03,3550000,,False
2026-02-18 18:16:03,3550000,,False
2026-02-18 18:16:08,3575000,,False
2026-02-18 18:16:08,3575000,,False
2026-02-18 18:21:13,7000000,247.12555161997213,True
2026-02-18 18:21:13,7000000,247.12555161997213,True
2026-02-18 18:21:18,7025000,,False
2026-02-18 18:21:18,7025000,,False
2026-02-18 18:21:24,7050000,,False
2026-02-18 18:21:24,7050000,,False
2026-02-18 18:21:29,3525000,,False
2026-02-18 18:21:29,3525000,,False
2026-02-18 18:21:34,3550000,,False
2026-02-18 18:21:34,3550000,,False
2026-02-18 18:21:40,3575000,,False
2026-02-18 18:21:40,3575000,,False
2026-02-18 18:26:45,7000000,,False
2026-02-18 18:26:45,7000000,,False
2026-02-18 18:26:50,7025000,357.64132625747516,True
2026-02-18 18:26:50,7025000,357.6413262574752,True
2026-02-18 18:26:56,7050000,,False
2026-02-18 18:26:56,7050000,,False
2026-02-18 18:27:01,3525000,,False
2026-02-18 18:27:01,3525000,,False
2026-02-18 18:27:06,3550000,,False
2026-02-18 18:27:06,3550000,,False
2026-02-18 18:27:11,3575000,,False
2026-02-18 18:27:11,3575000,,False
2026-02-18 18:32:17,7000000,264.00990607847956,True
2026-02-18 18:32:17,7000000,264.0099060784796,True
2026-02-18 18:32:22,7025000,,False
2026-02-18 18:32:22,7025000,,False
2026-02-18 18:32:28,7050000,,False
2026-02-18 18:32:28,7050000,,False
2026-02-18 18:32:33,3525000,,False
2026-02-18 18:32:33,3525000,,False
2026-02-18 18:32:38,3550000,,False
2026-02-18 18:32:38,3550000,,False
2026-02-18 18:32:43,3575000,,False
2026-02-18 18:32:43,3575000,,False
2026-02-18 18:37:48,7000000,261.7074941068649,True
2026-02-18 18:37:48,7000000,261.7074941068649,True
2026-02-18 18:37:54,7025000,,False
2026-02-18 18:37:54,7025000,,False
2026-02-18 18:37:59,7050000,,False
2026-02-18 18:37:59,7050000,,False
2026-02-18 18:38:05,3525000,,False
2026-02-18 18:38:05,3525000,,False
2026-02-18 18:38:10,3550000,,False
2026-02-18 18:38:10,3550000,,False
2026-02-18 18:38:15,3575000,,False
2026-02-18 18:38:15,3575000,,False
2026-02-18 18:43:20,7000000,,False
2026-02-18 18:43:20,7000000,,False
2026-02-18 18:43:26,7025000,,False
2026-02-18 18:43:26,7025000,,False
2026-02-18 18:43:31,7050000,,False
2026-02-18 18:43:31,7050000,,False
2026-02-18 18:43:36,3525000,,False
2026-02-18 18:43:36,3525000,,False
2026-02-18 18:43:42,3550000,,False
2026-02-18 18:43:42,3550000,,False
2026-02-18 18:43:47,3575000,,False
2026-02-18 18:43:47,3575000,,False
2026-02-18 18:48:52,7000000,254.80025819202095,True
2026-02-18 18:48:52,7000000,254.80025819202092,True
2026-02-18 18:48:57,7025000,253.26531687761118,True
2026-02-18 18:48:57,7025000,253.2653168776112,True
2026-02-18 18:49:02,7050000,,False
2026-02-18 18:49:02,7050000,,False
2026-02-18 18:49:08,3525000,,False
2026-02-18 18:49:08,3525000,,False
2026-02-18 18:49:13,3550000,,False
2026-02-18 18:49:13,3550000,,False
2026-02-18 18:49:18,3575000,,False
2026-02-18 18:49:18,3575000,,False
2026-02-18 18:54:23,7000000,256.33519950643074,True
2026-02-18 18:54:23,7000000,256.33519950643074,True
2026-02-18 18:54:28,7025000,255.56772884922583,True
2026-02-18 18:54:28,7025000,255.56772884922583,True
2026-02-18 18:54:34,7050000,257.1026701636356,True
2026-02-18 18:54:34,7050000,257.1026701636356,True
2026-02-18 18:54:39,3525000,,False
2026-02-18 18:54:39,3525000,,False
2026-02-18 18:54:44,3550000,,False
2026-02-18 18:54:44,3550000,,False
2026-02-18 18:54:49,3575000,,False
2026-02-18 18:54:49,3575000,,False
2026-02-18 18:59:54,7000000,254.80025819202095,True
2026-02-18 18:59:54,7000000,254.80025819202092,True
2026-02-18 19:00:00,7025000,260.94002344966003,True
2026-02-18 19:00:00,7025000,260.94002344966003,True
2026-02-18 19:00:05,7050000,,False
2026-02-18 19:00:05,7050000,,False
2026-02-18 19:00:10,3525000,,False
2026-02-18 19:00:10,3525000,,False
2026-02-18 19:00:15,3550000,,False
2026-02-18 19:00:15,3550000,,False
2026-02-18 19:00:20,3575000,,False
2026-02-18 19:00:20,3575000,,False
2026-02-18 19:05:25,7000000,273.987024622143,True
2026-02-18 19:05:25,7000000,273.987024622143,True
2026-02-18 19:05:31,7025000,273.21955396493814,True
2026-02-18 19:05:31,7025000,273.21955396493814,True
2026-02-18 19:05:36,7050000,286.2665551374211,True
2026-02-18 19:05:36,7050000,286.2665551374211,True
2026-02-18 19:05:41,3525000,,False
2026-02-18 19:05:41,3525000,,False
2026-02-18 19:05:46,3550000,,False
2026-02-18 19:05:46,3550000,,False
2026-02-18 19:05:51,3575000,,False
2026-02-18 19:05:51,3575000,,False
2026-02-18 19:10:57,7000000,267.0797887072991,True
2026-02-18 19:10:57,7000000,267.0797887072991,True
2026-02-18 19:11:02,7025000,273.987024622143,True
2026-02-18 19:11:02,7025000,273.987024622143,True
2026-02-18 19:11:07,7050000,324.6400879976652,True
2026-02-18 19:11:07,7050000,324.6400879976652,True
2026-02-18 19:11:12,3525000,,False
2026-02-18 19:11:12,3525000,,False
2026-02-18 19:11:17,3550000,,False
2026-02-18 19:11:17,3550000,,False
2026-02-18 19:11:23,3575000,,False
2026-02-18 19:11:23,3575000,,False
2026-02-18 19:16:28,7000000,260.1725527924551,True
2026-02-18 19:16:28,7000000,260.1725527924551,True
2026-02-18 19:16:33,7025000,260.1725527924551,True
2026-02-18 19:16:33,7025000,260.1725527924551,True
2026-02-18 19:16:38,7050000,277.82437790816743,True
2026-02-18 19:16:38,7050000,277.82437790816743,True
2026-02-18 19:16:43,3525000,,False
2026-02-18 19:16:43,3525000,,False
2026-02-18 19:16:49,3550000,,False
2026-02-18 19:16:49,3550000,,False
2026-02-18 19:16:54,3575000,,False
2026-02-18 19:16:54,3575000,,False
2026-02-18 19:21:59,7000000,256.33519950643074,True
2026-02-18 19:21:59,7000000,256.33519950643074,True
2026-02-18 19:22:04,7025000,257.8701408208405,True
2026-02-18 19:22:04,7025000,257.8701408208405,True
2026-02-18 19:22:09,7050000,,False
2026-02-18 19:22:09,7050000,,False
2026-02-18 19:22:15,3525000,,False
2026-02-18 19:22:15,3525000,,False
2026-02-18 19:22:20,3550000,,False
2026-02-18 19:22:20,3550000,,False
2026-02-18 19:22:25,3575000,,False
2026-02-18 19:22:25,3575000,,False
2026-02-18 19:27:30,7000000,256.33519950643074,True
2026-02-18 19:27:30,7000000,256.33519950643074,True
2026-02-18 19:27:35,7025000,256.33519950643074,True
2026-02-18 19:27:35,7025000,256.33519950643074,True
2026-02-18 19:27:41,7050000,,False
2026-02-18 19:27:41,7050000,,False
2026-02-18 19:27:46,3525000,,False
2026-02-18 19:27:46,3525000,,False
2026-02-18 19:27:51,3550000,,False
2026-02-18 19:27:51,3550000,,False
2026-02-18 19:27:56,3575000,,False
2026-02-18 19:27:56,3575000,,False
2026-02-18 19:33:01,7000000,258.63761147804536,True
2026-02-18 19:33:01,7000000,258.63761147804536,True
2026-02-18 19:33:07,7025000,270.1496713361186,True
2026-02-18 19:33:07,7025000,270.1496713361186,True
2026-02-18 19:33:12,7050000,,False
2026-02-18 19:33:12,7050000,,False
2026-02-18 19:33:17,3525000,,False
2026-02-18 19:33:17,3525000,,False
2026-02-18 19:33:22,3550000,,False
2026-02-18 19:33:22,3550000,,False
2026-02-18 19:33:27,3575000,,False
2026-02-18 19:33:27,3575000,,False
2026-02-18 19:38:33,7000000,257.8701408208405,True
2026-02-18 19:38:33,7000000,257.8701408208405,True
2026-02-18 19:38:38,7025000,,False
2026-02-18 19:38:38,7025000,,False
2026-02-18 19:38:44,7050000,257.8701408208405,True
2026-02-18 19:38:44,7050000,257.8701408208405,True
2026-02-18 19:38:49,3525000,,False
2026-02-18 19:38:49,3525000,,False
2026-02-18 19:38:54,3550000,,False
2026-02-18 19:38:54,3550000,,False
2026-02-18 19:38:59,3575000,,False
2026-02-18 19:38:59,3575000,,False
2026-02-18 19:44:04,7000000,,False
2026-02-18 19:44:04,7000000,,False
2026-02-18 19:44:10,7025000,,False
2026-02-18 19:44:10,7025000,,False
2026-02-18 19:44:15,7050000,,False
2026-02-18 19:44:15,7050000,,False
2026-02-18 19:44:21,3525000,,False
2026-02-18 19:44:21,3525000,,False
2026-02-18 19:44:26,3550000,,False
2026-02-18 19:44:26,3550000,,False
2026-02-18 19:44:31,3575000,,False
2026-02-18 19:44:31,3575000,,False
2026-02-18 19:49:36,7000000,263.24243542127465,True
2026-02-18 19:49:36,7000000,263.24243542127465,True
2026-02-18 19:49:41,7025000,244.0556689911526,True
2026-02-18 19:49:41,7025000,244.0556689911526,True
2026-02-18 19:49:47,7050000,,False
2026-02-18 19:49:47,7050000,,False
2026-02-18 19:49:53,3525000,,False
2026-02-18 19:49:53,3525000,,False
2026-02-18 19:49:58,3550000,,False
2026-02-18 19:49:58,3550000,,False
2026-02-18 19:50:03,3575000,,False
2026-02-18 19:50:03,3575000,,False
2026-02-18 19:55:08,7000000,260.1725527924551,True
2026-02-18 19:55:08,7000000,260.1725527924551,True
2026-02-18 19:55:13,7025000,,False
2026-02-18 19:55:13,7025000,,False
2026-02-18 19:55:19,7050000,269.3822006789137,True
2026-02-18 19:55:19,7050000,269.3822006789137,True
2026-02-18 19:55:24,3525000,,False
2026-02-18 19:55:24,3525000,,False
2026-02-18 19:55:30,3550000,,False
2026-02-18 19:55:30,3550000,,False
2026-02-18 19:55:35,3575000,,False
2026-02-18 19:55:35,3575000,,False
2026-02-18 20:00:40,7000000,256.33519950643074,True
2026-02-18 20:00:40,7000000,256.33519950643074,True
2026-02-18 20:00:45,7025000,,False
2026-02-18 20:00:45,7025000,,False
2026-02-18 20:00:51,7050000,,False
2026-02-18 20:00:51,7050000,,False
2026-02-18 20:00:56,3525000,,False
2026-02-18 20:00:56,3525000,,False
2026-02-18 20:01:01,3550000,,False
2026-02-18 20:01:01,3550000,,False
2026-02-18 20:01:06,3575000,,False
2026-02-18 20:01:06,3575000,,False
2026-02-18 20:06:12,7000000,,False
2026-02-18 20:06:12,7000000,,False
2026-02-18 20:06:17,7025000,,False
2026-02-18 20:06:17,7025000,,False
2026-02-18 20:06:23,7050000,,False
2026-02-18 20:06:23,7050000,,False
2026-02-18 20:06:28,3525000,,False
2026-02-18 20:06:28,3525000,,False
2026-02-18 20:06:33,3550000,,False
2026-02-18 20:06:33,3550000,,False
2026-02-18 20:06:38,3575000,,False
2026-02-18 20:06:38,3575000,,False
2026-02-18 20:11:43,7000000,,False
2026-02-18 20:11:43,7000000,,False
2026-02-18 20:11:49,7025000,,False
2026-02-18 20:11:49,7025000,,False
2026-02-18 20:11:55,7050000,,False
2026-02-18 20:11:55,7050000,,False
2026-02-18 20:12:00,3525000,,False
2026-02-18 20:12:00,3525000,,False
2026-02-18 20:12:05,3550000,,False
2026-02-18 20:12:05,3550000,,False
2026-02-18 20:12:10,3575000,,False
2026-02-18 20:12:10,3575000,,False
2026-02-18 20:17:15,7000000,,False
2026-02-18 20:17:15,7000000,,False
2026-02-18 20:17:21,7025000,,False
2026-02-18 20:17:21,7025000,,False
2026-02-18 20:17:26,7050000,260.94002344966003,True
2026-02-18 20:17:26,7050000,260.94002344966003,True
2026-02-18 20:17:31,3525000,,False
2026-02-18 20:17:31,3525000,,False
2026-02-18 20:17:37,3550000,,False
2026-02-18 20:17:37,3550000,,False
2026-02-18 20:17:42,3575000,,False
2026-02-18 20:17:42,3575000,,False
2026-02-18 20:22:47,7000000,,False
2026-02-18 20:22:47,7000000,,False
2026-02-18 20:22:52,7025000,,False
2026-02-18 20:22:52,7025000,,False
2026-02-18 20:22:58,7050000,,False
2026-02-18 20:22:58,7050000,,False
2026-02-18 20:23:03,3525000,,False
2026-02-18 20:23:03,3525000,,False
2026-02-18 20:23:08,3550000,,False
2026-02-18 20:23:08,3550000,,False
2026-02-18 20:23:14,3575000,,False
2026-02-18 20:23:14,3575000,,False
2026-02-18 20:28:19,7000000,246.35808096276725,True
2026-02-18 20:28:19,7000000,246.35808096276725,True
2026-02-18 20:28:24,7025000,,False
2026-02-18 20:28:24,7025000,,False
2026-02-18 20:28:30,7050000,,False
2026-02-18 20:28:30,7050000,,False
2026-02-18 20:28:35,3525000,,False
2026-02-18 20:28:35,3525000,,False
2026-02-18 20:28:40,3550000,248.66049293438192,True
2026-02-18 20:28:40,3550000,248.66049293438192,True
2026-02-18 20:28:45,3575000,,False
2026-02-18 20:28:45,3575000,,False
2026-02-18 20:33:51,7000000,249.4279635915868,True
2026-02-18 20:33:51,7000000,249.4279635915868,True
2026-02-18 20:33:56,7025000,,False
2026-02-18 20:33:56,7025000,,False
2026-02-18 20:34:02,7050000,251.73037556320145,True
2026-02-18 20:34:02,7050000,251.73037556320145,True
2026-02-18 20:34:07,3525000,,False
2026-02-18 20:34:07,3525000,,False
2026-02-18 20:34:12,3550000,,False
2026-02-18 20:34:12,3550000,,False
2026-02-18 20:34:17,3575000,,False
2026-02-18 20:34:17,3575000,,False
2026-02-18 20:39:22,7000000,259.40508213525027,True
2026-02-18 20:39:22,7000000,259.40508213525027,True
2026-02-18 20:39:28,7025000,253.2653168776112,True
2026-02-18 20:39:28,7025000,253.26531687761118,True
2026-02-18 20:39:33,7050000,,False
2026-02-18 20:39:33,7050000,,False
2026-02-18 20:39:38,3525000,,False
2026-02-18 20:39:38,3525000,,False
2026-02-18 20:39:43,3550000,,False
2026-02-18 20:39:43,3550000,,False
2026-02-18 20:39:48,3575000,,False
2026-02-18 20:39:48,3575000,,False
2026-02-18 20:44:53,7000000,271.6846126505284,True
2026-02-18 20:44:53,7000000,271.6846126505284,True
2026-02-18 20:44:59,7025000,265.5448473928893,True
2026-02-18 20:44:59,7025000,265.5448473928893,True
2026-02-18 20:45:04,7050000,,False
2026-02-18 20:45:04,7050000,,False
2026-02-18 20:45:09,3525000,,False
2026-02-18 20:45:09,3525000,,False
2026-02-18 20:45:14,3550000,,False
2026-02-18 20:45:14,3550000,,False
2026-02-18 20:45:19,3575000,,False
2026-02-18 20:45:19,3575000,,False
2026-02-18 20:50:25,7000000,259.40508213525027,True
2026-02-18 20:50:25,7000000,259.40508213525027,True
2026-02-18 20:50:30,7025000,262.4749647640698,True
2026-02-18 20:50:30,7025000,262.4749647640698,True
2026-02-18 20:50:35,7050000,,False
2026-02-18 20:50:35,7050000,,False
2026-02-18 20:50:40,3525000,,False
2026-02-18 20:50:40,3525000,,False
2026-02-18 20:50:45,3550000,,False
2026-02-18 20:50:45,3550000,,False
2026-02-18 20:50:51,3575000,,False
2026-02-18 20:50:51,3575000,,False
2026-02-18 20:55:56,7000000,257.8701408208405,True
2026-02-18 20:55:56,7000000,257.8701408208405,True
2026-02-18 20:56:01,7025000,267.84725936450394,True
2026-02-18 20:56:01,7025000,267.84725936450394,True
2026-02-18 20:56:06,7050000,,False
2026-02-18 20:56:06,7050000,,False
2026-02-18 20:56:11,3525000,,False
2026-02-18 20:56:11,3525000,,False
2026-02-18 20:56:17,3550000,,False
2026-02-18 20:56:17,3550000,,False
2026-02-18 20:56:22,3575000,,False
2026-02-18 20:56:22,3575000,,False
2026-02-18 21:01:27,7000000,253.26531687761118,True
2026-02-18 21:01:27,7000000,253.2653168776112,True
2026-02-18 21:01:32,7025000,256.33519950643074,True
2026-02-18 21:01:32,7025000,256.33519950643074,True
2026-02-18 21:01:37,7050000,274.7544952793479,True
2026-02-18 21:01:37,7050000,274.7544952793479,True
2026-02-18 21:01:43,3525000,,False
2026-02-18 21:01:43,3525000,,False
2026-02-18 21:01:48,3550000,,False
2026-02-18 21:01:48,3550000,,False
2026-02-18 21:01:53,3575000,,False
2026-02-18 21:01:53,3575000,,False
2026-02-18 21:06:58,7000000,249.4279635915868,True
2026-02-18 21:06:58,7000000,249.4279635915868,True
2026-02-18 21:07:03,7025000,,False
2026-02-18 21:07:03,7025000,,False
2026-02-18 21:07:09,7050000,,False
2026-02-18 21:07:09,7050000,,False
2026-02-18 21:07:14,3525000,,False
2026-02-18 21:07:14,3525000,,False
2026-02-18 21:07:19,3550000,,False
2026-02-18 21:07:19,3550000,,False
2026-02-18 21:07:24,3575000,,False
2026-02-18 21:07:24,3575000,,False
2026-02-18 21:12:29,7000000,,False
2026-02-18 21:12:29,7000000,,False
2026-02-18 21:12:35,7025000,234.846021104694,True
2026-02-18 21:12:35,7025000,234.84602110469402,True
2026-02-18 21:12:40,7050000,,False
2026-02-18 21:12:40,7050000,,False
2026-02-18 21:12:45,3525000,,False
2026-02-18 21:12:45,3525000,,False
2026-02-18 21:12:50,3550000,,False
2026-02-18 21:12:50,3550000,,False
2026-02-18 21:12:55,3575000,,False
2026-02-18 21:12:55,3575000,,False
2026-02-18 21:18:00,7000000,,False
2026-02-18 21:18:00,7000000,,False
2026-02-18 21:18:06,7025000,246.35808096276725,True
2026-02-18 21:18:06,7025000,246.35808096276725,True
2026-02-18 21:18:11,7050000,,False
2026-02-18 21:18:11,7050000,,False
2026-02-18 21:18:16,3525000,,False
2026-02-18 21:18:16,3525000,,False
2026-02-18 21:18:21,3550000,,False
2026-02-18 21:18:21,3550000,,False
2026-02-18 21:18:26,3575000,,False
2026-02-18 21:18:26,3575000,,False
2026-02-18 21:23:32,7000000,252.4978462204063,True
2026-02-18 21:23:32,7000000,252.4978462204063,True
2026-02-18 21:23:37,7025000,257.8701408208405,True
2026-02-18 21:23:37,7025000,257.8701408208405,True
2026-02-18 21:23:42,7050000,,False
2026-02-18 21:23:42,7050000,,False
2026-02-18 21:23:47,3525000,,False
2026-02-18 21:23:47,3525000,,False
2026-02-18 21:23:52,3550000,,False
2026-02-18 21:23:52,3550000,,False
2026-02-18 21:23:58,3575000,,False
2026-02-18 21:23:58,3575000,,False
2026-02-18 21:29:03,7000000,249.4279635915868,True
2026-02-18 21:29:03,7000000,249.4279635915868,True
2026-02-18 21:29:08,7025000,240.2183157051282,True
2026-02-18 21:29:08,7025000,240.2183157051282,True
2026-02-18 21:29:13,7050000,250.96290490599657,True
2026-02-18 21:29:13,7050000,250.96290490599657,True
2026-02-18 21:29:18,3525000,,False
2026-02-18 21:29:18,3525000,,False
2026-02-18 21:29:24,3550000,,False
2026-02-18 21:29:24,3550000,,False
2026-02-18 21:29:29,3575000,,False
2026-02-18 21:29:29,3575000,,False
2026-02-18 21:34:34,7000000,,False
2026-02-18 21:34:34,7000000,,False
2026-02-18 21:34:39,7025000,250.19543424879168,True
2026-02-18 21:34:39,7025000,250.19543424879168,True
2026-02-18 21:34:44,7050000,237.91590373351355,True
2026-02-18 21:34:44,7050000,237.91590373351357,True
2026-02-18 21:34:50,3525000,,False
2026-02-18 21:34:50,3525000,,False
2026-02-18 21:34:55,3550000,366.0835034867289,True
2026-02-18 21:34:55,3550000,366.0835034867289,True
2026-02-18 21:35:00,3575000,,False
2026-02-18 21:35:00,3575000,,False
2026-02-18 21:40:05,7000000,252.4978462204063,True
2026-02-18 21:40:05,7000000,252.4978462204063,True
2026-02-18 21:40:10,7025000,248.66049293438192,True
2026-02-18 21:40:10,7025000,248.66049293438192,True
2026-02-18 21:40:16,7050000,,False
2026-02-18 21:40:16,7050000,,False
2026-02-18 21:40:21,3525000,,False
2026-02-18 21:40:21,3525000,,False
2026-02-18 21:40:26,3550000,,False
2026-02-18 21:40:26,3550000,,False
2026-02-18 21:40:31,3575000,,False
2026-02-18 21:40:31,3575000,,False
2026-02-18 21:45:36,7000000,250.19543424879168,True
2026-02-18 21:45:36,7000000,250.19543424879168,True
2026-02-18 21:45:42,7025000,251.73037556320145,True
2026-02-18 21:45:42,7025000,251.73037556320145,True
2026-02-18 21:45:47,7050000,,False
2026-02-18 21:45:47,7050000,,False
2026-02-18 21:45:52,3525000,,False
2026-02-18 21:45:52,3525000,,False
2026-02-18 21:45:57,3550000,,False
2026-02-18 21:45:57,3550000,,False
2026-02-18 21:46:02,3575000,,False
2026-02-18 21:46:02,3575000,,False
2026-02-18 21:51:07,7000000,238.68337439071843,True
2026-02-18 21:51:07,7000000,238.68337439071843,True
2026-02-18 21:51:13,7025000,254.80025819202092,True
2026-02-18 21:51:13,7025000,254.80025819202095,True
2026-02-18 21:51:18,7050000,,False
2026-02-18 21:51:18,7050000,,False
2026-02-18 21:51:23,3525000,,False
2026-02-18 21:51:23,3525000,,False
2026-02-18 21:51:28,3550000,,False
2026-02-18 21:51:28,3550000,,False
2026-02-18 21:51:33,3575000,,False
2026-02-18 21:51:33,3575000,,False
2026-02-18 21:56:39,7000000,246.35808096276725,True
2026-02-18 21:56:39,7000000,246.35808096276725,True
2026-02-18 21:56:44,7025000,,False
2026-02-18 21:56:44,7025000,,False
2026-02-18 21:56:49,7050000,,False
2026-02-18 21:56:49,7050000,,False
2026-02-18 21:56:54,3525000,,False
2026-02-18 21:56:54,3525000,,False
2026-02-18 21:56:59,3550000,,False
2026-02-18 21:56:59,3550000,,False
2026-02-18 21:57:05,3575000,,False
2026-02-18 21:57:05,3575000,,False
2026-02-18 22:02:10,7000000,234.07855044748916,True
2026-02-18 22:02:10,7000000,234.07855044748914,True
2026-02-18 22:02:15,7025000,,False
2026-02-18 22:02:15,7025000,,False
2026-02-18 22:02:20,7050000,,False
2026-02-18 22:02:20,7050000,,False
2026-02-18 22:02:25,3525000,,False
2026-02-18 22:02:25,3525000,,False
2026-02-18 22:02:31,3550000,,False
2026-02-18 22:02:31,3550000,,False
2026-02-18 22:02:36,3575000,,False
2026-02-18 22:02:36,3575000,,False
2026-02-18 22:07:41,7000000,,False
2026-02-18 22:07:41,7000000,,False
2026-02-18 22:07:46,7025000,242.52072767674284,True
2026-02-18 22:07:46,7025000,242.52072767674284,True
2026-02-18 22:07:51,7050000,,False
2026-02-18 22:07:51,7050000,,False
2026-02-18 22:07:57,3525000,,False
2026-02-18 22:07:57,3525000,,False
2026-02-18 22:08:02,3550000,,False
2026-02-18 22:08:02,3550000,,False
2026-02-18 22:08:07,3575000,,False
2026-02-18 22:08:07,3575000,,False
2026-02-18 22:13:12,7000000,,False
2026-02-18 22:13:12,7000000,,False
2026-02-18 22:13:17,7025000,,False
2026-02-18 22:13:17,7025000,,False
2026-02-18 22:13:22,7050000,,False
2026-02-18 22:13:22,7050000,,False
2026-02-18 22:13:28,3525000,,False
2026-02-18 22:13:28,3525000,,False
2026-02-18 22:13:33,3550000,,False
2026-02-18 22:13:33,3550000,,False
2026-02-18 22:13:38,3575000,,False
2026-02-18 22:13:38,3575000,,False
2026-02-18 22:18:43,7000000,234.07855044748914,True
2026-02-18 22:18:43,7000000,234.07855044748916,True
2026-02-18 22:18:48,7025000,,False
2026-02-18 22:18:48,7025000,,False
2026-02-18 22:18:54,7050000,234.07855044748916,True
2026-02-18 22:18:54,7050000,234.07855044748914,True
2026-02-18 22:18:59,3525000,,False
2026-02-18 22:18:59,3525000,,False
2026-02-18 22:19:04,3550000,,False
2026-02-18 22:19:04,3550000,,False
2026-02-18 22:19:09,3575000,,False
2026-02-18 22:19:09,3575000,,False
2026-02-18 22:24:14,7000000,,False
2026-02-18 22:24:14,7000000,,False
2026-02-18 22:24:20,7025000,239.4508450479233,True
2026-02-18 22:24:20,7025000,239.4508450479233,True
2026-02-18 22:24:25,7050000,,False
2026-02-18 22:24:25,7050000,,False
2026-02-18 22:24:30,3525000,,False
2026-02-18 22:24:30,3525000,,False
2026-02-18 22:24:35,3550000,,False
2026-02-18 22:24:35,3550000,,False
2026-02-18 22:24:40,3575000,,False
2026-02-18 22:24:40,3575000,,False
2026-02-18 22:29:46,7000000,,False
2026-02-18 22:29:46,7000000,,False
2026-02-18 22:29:51,7025000,267.0797887072991,True
2026-02-18 22:29:51,7025000,267.0797887072991,True
2026-02-18 22:29:56,7050000,,False
2026-02-18 22:29:56,7050000,,False
2026-02-18 22:30:01,3525000,,False
2026-02-18 22:30:01,3525000,,False
2026-02-18 22:30:06,3550000,,False
2026-02-18 22:30:06,3550000,,False
2026-02-18 22:30:11,3575000,,False
2026-02-18 22:30:11,3575000,,False
2026-02-18 22:35:17,7000000,,False
2026-02-18 22:35:17,7000000,,False
2026-02-18 22:35:22,7025000,,False
2026-02-18 22:35:22,7025000,,False
2026-02-18 22:35:27,7050000,,False
2026-02-18 22:35:27,7050000,,False
2026-02-18 22:35:32,3525000,,False
2026-02-18 22:35:32,3525000,,False
2026-02-18 22:35:37,3550000,,False
2026-02-18 22:35:37,3550000,,False
2026-02-18 22:35:43,3575000,,False
2026-02-18 22:35:43,3575000,,False
2026-02-18 22:40:48,7000000,273.21955396493814,True
2026-02-18 22:40:48,7000000,273.21955396493814,True
2026-02-18 22:40:53,7025000,276.28943659375767,True
2026-02-18 22:40:53,7025000,276.28943659375767,True
2026-02-18 22:40:58,7050000,257.1026701636356,True
2026-02-18 22:40:58,7050000,257.1026701636356,True
2026-02-18 22:41:04,3525000,,False
2026-02-18 22:41:04,3525000,,False
2026-02-18 22:41:09,3550000,,False
2026-02-18 22:41:09,3550000,,False
2026-02-18 22:41:14,3575000,,False
2026-02-18 22:41:14,3575000,,False
2026-02-18 22:46:19,7000000,270.91714199332347,True
2026-02-18 22:46:19,7000000,270.91714199332347,True
2026-02-18 22:46:24,7025000,264.7773767356844,True
2026-02-18 22:46:24,7025000,264.7773767356844,True
2026-02-18 22:46:30,7050000,271.6846126505284,True
2026-02-18 22:46:30,7050000,271.6846126505284,True
2026-02-18 22:46:35,3525000,,False
2026-02-18 22:46:35,3525000,,False
2026-02-18 22:46:40,3550000,,False
2026-02-18 22:46:40,3550000,,False
2026-02-18 22:46:45,3575000,419.8064494910707,True
2026-02-18 22:46:45,3575000,419.8064494910707,True
2026-02-18 22:51:50,7000000,,False
2026-02-18 22:51:50,7000000,,False
2026-02-18 22:51:56,7025000,273.21955396493814,True
2026-02-18 22:51:56,7025000,273.21955396493814,True
2026-02-18 22:52:01,7050000,298.5460856526992,True
2026-02-18 22:52:01,7050000,298.5460856526992,True
2026-02-18 22:52:06,3525000,,False
2026-02-18 22:52:06,3525000,,False
2026-02-18 22:52:11,3550000,,False
2026-02-18 22:52:11,3550000,,False
2026-02-18 22:52:16,3575000,,False
2026-02-18 22:52:16,3575000,,False
2026-02-18 22:57:21,7000000,,False
2026-02-18 22:57:21,7000000,,False
2026-02-18 22:57:27,7025000,,False
2026-02-18 22:57:27,7025000,,False
2026-02-18 22:57:32,7050000,,False
2026-02-18 22:57:32,7050000,,False
2026-02-18 22:57:37,3525000,,False
2026-02-18 22:57:37,3525000,,False
2026-02-18 22:57:42,3550000,,False
2026-02-18 22:57:42,3550000,,False
2026-02-18 22:57:47,3575000,,False
2026-02-18 22:57:47,3575000,,False
2026-02-18 23:02:53,7000000,289.3364377662407,True
2026-02-18 23:02:53,7000000,289.3364377662407,True
2026-02-18 23:02:58,7025000,307.75573353915786,True
2026-02-18 23:02:58,7025000,307.75573353915786,True
2026-02-18 23:03:03,7050000,,False
2026-02-18 23:03:03,7050000,,False
2026-02-18 23:03:08,3525000,,False
2026-02-18 23:03:08,3525000,,False
2026-02-18 23:03:13,3550000,,False
2026-02-18 23:03:13,3550000,,False
2026-02-18 23:03:18,3575000,,False
2026-02-18 23:03:18,3575000,,False
2026-02-18 23:08:24,7000000,293.9412617094699,True
2026-02-18 23:08:24,7000000,293.9412617094699,True
2026-02-18 23:08:29,7025000,290.87137908065046,True
2026-02-18 23:08:29,7025000,290.87137908065046,True
2026-02-18 23:08:34,7050000,,False
2026-02-18 23:08:34,7050000,,False
2026-02-18 23:08:39,3525000,,False
2026-02-18 23:08:39,3525000,,False
2026-02-18 23:08:45,3550000,,False
2026-02-18 23:08:45,3550000,,False
2026-02-18 23:08:50,3575000,,False
2026-02-18 23:08:50,3575000,,False
2026-02-18 23:13:55,7000000,,False
2026-02-18 23:13:55,7000000,,False
2026-02-18 23:14:00,7025000,392.9449764888998,True
2026-02-18 23:14:00,7025000,392.9449764888998,True
2026-02-18 23:14:05,7050000,344.5943250849922,True
2026-02-18 23:14:05,7050000,344.5943250849922,True
2026-02-18 23:14:11,3525000,,False
2026-02-18 23:14:11,3525000,,False
2026-02-18 23:14:16,3550000,,False
2026-02-18 23:14:16,3550000,,False
2026-02-18 23:14:21,3575000,,False
2026-02-18 23:14:21,3575000,,False
2026-02-18 23:19:26,7000000,366.0835034867289,True
2026-02-18 23:19:26,7000000,366.0835034867289,True
2026-02-18 23:19:31,7025000,300.8484976243139,True
2026-02-18 23:19:31,7025000,300.8484976243139,True
2026-02-18 23:19:37,7050000,,False
2026-02-18 23:19:37,7050000,,False
2026-02-18 23:19:42,3525000,,False
2026-02-18 23:19:42,3525000,,False
2026-02-18 23:19:47,3550000,,False
2026-02-18 23:19:47,3550000,,False
2026-02-18 23:19:52,3575000,,False
2026-02-18 23:19:52,3575000,,False
2026-02-18 23:24:57,7000000,,False
2026-02-18 23:24:57,7000000,,False
2026-02-18 23:25:03,7025000,300.8484976243139,True
2026-02-18 23:25:03,7025000,300.8484976243139,True
2026-02-18 23:25:08,7050000,,False
2026-02-18 23:25:08,7050000,,False
2026-02-18 23:25:13,3525000,,False
2026-02-18 23:25:13,3525000,,False
2026-02-18 23:25:18,3550000,,False
2026-02-18 23:25:18,3550000,,False
2026-02-18 23:25:23,3575000,,False
2026-02-18 23:25:23,3575000,,False
2026-02-18 23:30:28,7000000,379.8979753164168,True
2026-02-18 23:30:28,7000000,379.8979753164168,True
2026-02-18 23:30:34,7025000,,False
2026-02-18 23:30:34,7025000,,False
2026-02-18 23:30:39,7050000,,False
2026-02-18 23:30:39,7050000,,False
2026-02-18 23:30:44,3525000,,False
2026-02-18 23:30:44,3525000,,False
2026-02-18 23:30:49,3550000,,False
2026-02-18 23:30:49,3550000,,False
2026-02-18 23:30:54,3575000,,False
2026-02-18 23:30:54,3575000,,False
2026-02-18 23:36:00,7000000,328.47744128368964,True
2026-02-18 23:36:00,7000000,328.47744128368964,True
2026-02-18 23:36:05,7025000,297.01114433828945,True
2026-02-18 23:36:05,7025000,297.01114433828945,True
2026-02-18 23:36:10,7050000,,False
2026-02-18 23:36:10,7050000,,False
2026-02-18 23:36:15,3525000,,False
2026-02-18 23:36:15,3525000,,False
2026-02-18 23:36:20,3550000,254.03278753481607,True
2026-02-18 23:36:20,3550000,254.03278753481607,True
2026-02-18 23:36:25,3575000,,False
2026-02-18 23:36:25,3575000,,False
2026-02-18 23:41:31,7000000,,False
2026-02-18 23:41:31,7000000,,False
2026-02-18 23:41:36,7025000,324.6400879976652,True
2026-02-18 23:41:36,7025000,324.6400879976652,True
2026-02-18 23:41:41,7050000,,False
2026-02-18 23:41:41,7050000,,False
2026-02-18 23:41:46,3525000,,False
2026-02-18 23:41:46,3525000,,False
2026-02-18 23:41:51,3550000,,False
2026-02-18 23:41:51,3550000,,False
2026-02-18 23:41:57,3575000,,False
2026-02-18 23:41:57,3575000,,False
2026-02-18 23:47:02,7000000,,False
2026-02-18 23:47:02,7000000,,False
2026-02-18 23:47:07,7025000,,False
2026-02-18 23:47:07,7025000,,False
2026-02-18 23:47:12,7050000,,False
2026-02-18 23:47:12,7050000,,False
2026-02-18 23:47:17,3525000,,False
2026-02-18 23:47:17,3525000,,False
2026-02-18 23:47:23,3550000,,False
2026-02-18 23:47:23,3550000,,False
2026-02-18 23:47:28,3575000,,False
2026-02-18 23:47:28,3575000,,False
2026-02-18 23:52:33,7000000,379.8979753164168,True
2026-02-18 23:52:33,7000000,379.8979753164168,True
2026-02-18 23:52:38,7025000,,False
2026-02-18 23:52:38,7025000,,False
2026-02-18 23:52:43,7050000,,False
2026-02-18 23:52:43,7050000,,False
2026-02-18 23:52:49,3525000,,False
2026-02-18 23:52:49,3525000,,False
2026-02-18 23:52:54,3550000,,False
2026-02-18 23:52:54,3550000,,False
2026-02-18 23:52:59,3575000,,False
2026-02-18 23:52:59,3575000,,False
2026-02-18 23:58:04,7000000,,False
2026-02-18 23:58:04,7000000,,False
2026-02-18 23:58:09,7025000,,False
2026-02-18 23:58:09,7025000,,False
2026-02-18 23:58:15,7050000,333.08226522691893,True
2026-02-18 23:58:15,7050000,333.08226522691893,True
2026-02-18 23:58:20,3525000,,False
2026-02-18 23:58:20,3525000,,False
2026-02-18 23:58:25,3550000,,False
2026-02-18 23:58:25,3550000,,False
2026-02-18 23:58:30,3575000,,False
2026-02-18 23:58:30,3575000,,False
