station_id,time,cs,fof2,hmF2,foE,MUFD,hF2
AL945,2026-02-05 00:00:00+00:00,70,8.100,25.52,,225.0,285.4
MHJ45,2026-02-05 00:00:00+00:00,70,7.225,22.28,,230.0,295.4
AL945,2026-02-05 00:07:30+00:00,70,7.675,23.93,,225.0,292.0
MHJ45,2026-02-05 00:07:30+00:00,70,6.975,21.14,,232.5,312.5
AL945,2026-02-05 00:15:00+00:00,0,7.400,21.27,,230.0,
MHJ45,2026-02-05 00:15:00+00:00,70,6.650,19.63,,240.0,319.2
MHJ45,2026-02-05 00:22:30+00:00,70,6.475,18.22,,255.0,348.3
AL945,2026-02-05 00:22:30+00:00,90,7.650,21.61,,247.5,335.4
MHJ45,2026-02-05 00:30:00+00:00,70,6.450,18.08,,265.0,351.9
AL945,2026-02-05 00:30:00+00:00,0,7.925,23.32,,252.5,
MHJ45,2026-02-05 00:37:30+00:00,70,6.575,18.78,,270.0,334.8
AL945,2026-02-05 00:37:30+00:00,75,7.825,24.00,,242.5,308.1
MHJ45,2026-02-05 00:45:00+00:00,70,6.600,18.95,,265.0,334.3
AL945,2026-02-05 00:45:00+00:00,70,7.475,23.15,,235.0,297.4
MHJ45,2026-02-05 00:52:30+00:00,70,6.625,18.79,,260.0,344.4
AL945,2026-02-05 00:52:30+00:00,90,7.250,21.82,,232.5,313.5
MHJ45,2026-02-05 01:00:00+00:00,70,6.300,18.15,,257.5,319.5
AL945,2026-02-05 01:00:00+00:00,0,7.200,20.86,,230.0,
MHJ45,2026-02-05 01:07:30+00:00,70,6.450,18.28,,257.5,336.8
AL945,2026-02-05 01:07:30+00:00,0,7.100,20.85,,232.5,
AL945,2026-02-05 01:15:00+00:00,90,7.000,20.76,,235.0,311.7
MHJ45,2026-02-05 01:15:00+00:00,70,6.325,18.13,,255.0,329.7
AL945,2026-02-05 01:22:30+00:00,90,6.775,19.97,,235.0,316.0
MHJ45,2026-02-05 01:22:30+00:00,0,6.275,17.88,,252.5,
MHJ45,2026-02-05 01:30:00+00:00,0,6.100,17.05,,255.0,
AL945,2026-02-05 01:30:00+00:00,0,6.775,18.97,,235.0,
MHJ45,2026-02-05 01:37:30+00:00,0,5.975,16.01,,257.5,
AL945,2026-02-05 01:37:30+00:00,90,6.750,19.20,,280.0,340.6
AL945,2026-02-05 01:45:00+00:00,90,6.750,19.13,,252.5,333.0
MHJ45,2026-02-05 01:45:00+00:00,0,6.100,16.02,,272.5,
MHJ45,2026-02-05 01:52:30+00:00,80,6.150,16.19,,282.5,387.0
AL945,2026-02-05 01:52:30+00:00,90,6.725,18.82,,255.0,333.7
AL945,2026-02-05 02:00:00+00:00,90,6.775,19.42,,257.5,341.7
MHJ45,2026-02-05 02:00:00+00:00,80,6.150,16.60,,287.5,359.0
MHJ45,2026-02-05 02:07:30+00:00,70,6.325,17.14,,295.0,367.4
AL945,2026-02-05 02:07:30+00:00,60,6.825,19.74,,255.0,330.7
MHJ45,2026-02-05 02:15:00+00:00,90,6.450,17.92,,285.0,365.6
AL945,2026-02-05 02:15:00+00:00,90,6.950,19.88,,255.0,339.4
MHJ45,2026-02-05 02:22:30+00:00,90,6.525,18.23,,282.5,353.5
AL945,2026-02-05 02:22:30+00:00,70,6.875,19.97,,252.5,332.2
MHJ45,2026-02-05 02:30:00+00:00,90,6.650,18.46,,280.0,363.5
AL945,2026-02-05 02:30:00+00:00,90,6.825,20.11,,250.0,315.5
MHJ45,2026-02-05 02:37:30+00:00,70,6.625,18.54,,275.0,354.7
AL945,2026-02-05 02:37:30+00:00,90,6.650,20.03,,252.5,317.4
MHJ45,2026-02-05 02:45:00+00:00,75,6.675,18.73,,267.5,358.5
AL945,2026-02-05 02:45:00+00:00,90,6.475,19.78,,247.5,312.0
AL945,2026-02-05 02:52:30+00:00,80,6.350,18.79,,240.0,313.2
MHJ45,2026-02-05 02:52:30+00:00,70,6.700,18.91,,260.0,352.1
MHJ45,2026-02-05 03:00:00+00:00,90,6.600,19.42,,260.0,328.8
AL945,2026-02-05 03:00:00+00:00,75,6.150,17.79,,247.5,324.7
AL945,2026-02-05 03:07:30+00:00,90,6.000,17.04,,255.0,338.6
MHJ45,2026-02-05 03:07:30+00:00,70,6.600,18.92,,260.0,331.3
AL945,2026-02-05 03:15:00+00:00,90,6.125,17.44,,262.5,332.0
MHJ45,2026-02-05 03:15:00+00:00,70,6.600,19.04,,260.0,334.8
AL945,2026-02-05 03:22:30+00:00,90,6.050,17.20,,260.0,332.9
MHJ45,2026-02-05 03:22:30+00:00,90,6.600,18.72,,262.5,333.4
AL945,2026-02-05 03:30:00+00:00,90,5.900,16.58,,262.5,344.6
MHJ45,2026-02-05 03:30:00+00:00,90,6.625,19.09,,257.5,329.1
MHJ45,2026-02-05 03:37:30+00:00,80,6.600,19.71,,250.0,319.6
AL945,2026-02-05 03:37:30+00:00,90,5.825,17.20,,257.5,324.1
MHJ45,2026-02-05 03:45:00+00:00,80,6.575,19.09,,245.0,324.8
AL945,2026-02-05 03:45:00+00:00,0,5.825,16.30,,252.5,
MHJ45,2026-02-05 03:52:30+00:00,80,6.200,18.07,,247.5,316.1
AL945,2026-02-05 03:52:30+00:00,0,5.700,15.95,,250.0,
AL945,2026-02-05 04:00:00+00:00,0,5.850,16.23,,250.0,
MHJ45,2026-02-05 04:00:00+00:00,80,5.825,16.59,,257.5,328.0
AL945,2026-02-05 04:07:30+00:00,70,4.850,14.73,,252.5,313.7
MHJ45,2026-02-05 04:07:30+00:00,40,4.450,14.75,,270.0,294.5
AL945,2026-02-05 04:15:00+00:00,70,4.850,13.42,,267.5,342.5
MHJ45,2026-02-05 04:15:00+00:00,70,3.850,12.57,,275.0,296.0
AL945,2026-02-05 04:22:30+00:00,70,4.825,13.52,,272.5,337.6
MHJ45,2026-02-05 04:22:30+00:00,40,4.950,13.26,,280.0,365.7
AL945,2026-02-05 04:30:00+00:00,70,4.700,13.28,,262.5,327.7
MHJ45,2026-02-05 04:30:00+00:00,50,4.975,13.69,,275.0,359.7
AL945,2026-02-05 04:37:30+00:00,60,4.025,11.56,,295.0,338.0
MHJ45,2026-02-05 04:37:30+00:00,50,4.775,13.16,,272.5,343.9
MHJ45,2026-02-05 04:45:00+00:00,20,3.700,11.47,,282.5,313.1
AL945,2026-02-05 04:45:00+00:00,60,3.875,9.72,,320.0,402.9
MHJ45,2026-02-05 04:52:30+00:00,80,4.775,12.12,,317.5,402.6
AL945,2026-02-05 04:52:30+00:00,70,3.775,9.41,,340.0,408.3
AL945,2026-02-05 05:00:00+00:00,70,2.750,8.08,,342.5,329.3
MHJ45,2026-02-05 05:00:00+00:00,80,4.575,11.31,,330.0,420.0
AL945,2026-02-05 05:07:30+00:00,70,2.600,7.36,,355.0,344.9
MHJ45,2026-02-05 05:07:30+00:00,70,3.975,10.18,,332.5,392.7
MHJ45,2026-02-05 05:15:00+00:00,70,3.725,10.28,,340.0,365.6
AL945,2026-02-05 05:15:00+00:00,45,2.725,6.70,,468.2,406.2
AL945,2026-02-05 05:22:30+00:00,45,2.375,6.34,,431.9,359.1
MHJ45,2026-02-05 05:22:30+00:00,70,3.750,9.84,,347.5,375.6
MHJ45,2026-02-05 05:30:00+00:00,70,3.650,9.75,,342.5,387.5
AL945,2026-02-05 05:30:00+00:00,25,2.050,5.12,,547.8,351.6
MHJ45,2026-02-05 05:37:30+00:00,70,3.750,9.79,,342.5,392.6
AL945,2026-02-05 05:37:30+00:00,70,3.525,9.49,,352.5,364.4
MHJ45,2026-02-05 05:45:00+00:00,70,3.650,9.77,,342.5,379.0
AL945,2026-02-05 05:45:00+00:00,70,3.675,9.50,,345.0,385.7
AL945,2026-02-05 05:52:30+00:00,70,3.500,9.50,,360.0,374.2
MHJ45,2026-02-05 05:52:30+00:00,70,3.700,9.53,,345.0,392.5
MHJ45,2026-02-05 06:00:00+00:00,70,3.675,9.23,,352.5,411.4
AL945,2026-02-05 06:00:00+00:00,60,3.225,8.97,,375.0,361.5
AL945,2026-02-05 06:07:30+00:00,70,3.325,8.67,,377.5,379.1
MHJ45,2026-02-05 06:07:30+00:00,70,3.650,9.02,,357.5,407.5
AL945,2026-02-05 06:15:00+00:00,60,3.100,8.15,,382.5,377.9
MHJ45,2026-02-05 06:15:00+00:00,70,3.625,8.89,,365.0,424.1
AL945,2026-02-05 06:22:30+00:00,40,2.925,7.87,,380.0,365.9
MHJ45,2026-02-05 06:22:30+00:00,70,3.600,9.15,,375.0,404.9
AL945,2026-02-05 06:30:00+00:00,45,2.475,7.64,,387.5,320.6
MHJ45,2026-02-05 06:30:00+00:00,60,3.925,9.35,,375.0,442.1
AL945,2026-02-05 06:37:30+00:00,25,2.075,4.93,,574.4,387.3
MHJ45,2026-02-05 06:37:30+00:00,80,3.675,9.54,,382.5,391.1
MHJ45,2026-02-05 06:45:00+00:00,60,4.050,9.49,,385.0,433.5
AL945,2026-02-05 06:52:30+00:00,45,2.125,5.35,,509.7,366.6
MHJ45,2026-02-05 06:52:30+00:00,80,4.050,9.90,,370.0,412.6
AL945,2026-02-05 07:00:00+00:00,25,2.175,5.48,,507.0,375.3
MHJ45,2026-02-05 07:00:00+00:00,80,3.950,9.75,,360.0,408.9
MHJ45,2026-02-05 07:07:30+00:00,80,3.950,9.90,,360.0,411.7
AL945,2026-02-05 07:15:00+00:00,45,2.175,5.43,,517.3,376.8
MHJ45,2026-02-05 07:15:00+00:00,80,3.900,9.90,,362.5,398.4
AL945,2026-02-05 07:22:30+00:00,45,2.200,5.53,,490.7,379.1
MHJ45,2026-02-05 07:22:30+00:00,70,3.950,9.85,,365.0,411.3
MHJ45,2026-02-05 07:30:00+00:00,70,3.950,10.26,,362.5,394.1
AL945,2026-02-05 07:30:00+00:00,60,2.525,5.72,,547.5,444.0
MHJ45,2026-02-05 07:37:30+00:00,80,3.975,10.70,,367.5,375.3
AL945,2026-02-05 07:37:30+00:00,70,2.225,5.59,,495.0,381.0
AL945,2026-02-05 07:45:00+00:00,70,2.350,6.07,,452.5,379.3
MHJ45,2026-02-05 07:45:00+00:00,90,4.175,10.88,,345.0,388.8
MHJ45,2026-02-05 07:52:30+00:00,90,4.300,11.18,,337.5,394.0
AL945,2026-02-05 07:52:30+00:00,40,2.575,6.20,,530.0,410.6
AL945,2026-02-05 08:00:00+00:00,60,2.725,6.96,,417.5,383.5
MHJ45,2026-02-05 08:00:00+00:00,80,4.350,11.62,,330.0,374.1
MHJ45,2026-02-05 08:07:30+00:00,80,4.675,11.84,,315.0,392.6
AL945,2026-02-05 08:07:30+00:00,60,2.475,6.77,,385.0,352.7
AL945,2026-02-05 08:15:00+00:00,70,2.675,7.21,,380.0,363.8
MHJ45,2026-02-05 08:15:00+00:00,70,4.600,11.91,,310.0,384.5
MHJ45,2026-02-05 08:22:30+00:00,90,4.725,12.21,,305.0,376.2
AL945,2026-02-05 08:22:30+00:00,70,2.575,7.29,,395.0,343.3
MHJ45,2026-02-05 08:30:00+00:00,90,4.700,12.94,,297.5,362.7
AL945,2026-02-05 08:30:00+00:00,40,2.875,7.81,,355.0,369.1
MHJ45,2026-02-05 08:37:30+00:00,90,4.950,13.41,,290.0,357.2
AL945,2026-02-05 08:37:30+00:00,60,3.275,8.28,,387.5,406.3
MHJ45,2026-02-05 08:45:00+00:00,90,4.950,13.38,,277.5,364.7
AL945,2026-02-05 08:45:00+00:00,70,3.175,8.40,,372.5,376.7
MHJ45,2026-02-05 08:52:30+00:00,80,5.025,13.43,,272.5,356.1
AL945,2026-02-05 08:52:30+00:00,60,2.800,8.03,,337.5,339.0
MHJ45,2026-02-05 09:00:00+00:00,40,4.150,13.82,,270.0,299.5
AL945,2026-02-05 09:00:00+00:00,60,3.025,8.03,,382.5,371.9
MHJ45,2026-02-05 09:07:30+00:00,40,4.225,13.30,,277.5,304.7
AL945,2026-02-05 09:07:30+00:00,70,2.850,7.48,,345.0,373.0
AL945,2026-02-05 09:15:00+00:00,60,3.050,8.39,,337.5,356.7
MHJ45,2026-02-05 09:15:00+00:00,80,4.950,14.47,,260.0,320.7
MHJ45,2026-02-05 09:22:30+00:00,80,4.750,14.62,,245.0,292.3
AL945,2026-02-05 09:22:30+00:00,60,2.675,8.14,,327.5,313.5
MHJ45,2026-02-05 09:30:00+00:00,0,4.950,14.21,,235.0,
AL945,2026-02-05 09:30:00+00:00,70,2.825,8.68,,322.5,310.0
AL945,2026-02-05 09:37:30+00:00,60,3.125,8.94,,307.5,347.1
MHJ45,2026-02-05 09:37:30+00:00,0,4.700,13.76,,227.5,
MHJ45,2026-02-05 09:45:00+00:00,60,4.025,13.81,,235.0,270.9
AL945,2026-02-05 09:45:00+00:00,60,3.000,9.24,,297.5,308.0
MHJ45,2026-02-05 09:52:30+00:00,0,4.600,14.33,,237.5,
AL945,2026-02-05 09:52:30+00:00,70,2.850,8.68,,292.5,313.9
AL945,2026-02-05 10:00:00+00:00,70,2.725,8.14,,310.0,319.4
MHJ45,2026-02-05 10:00:00+00:00,70,4.425,14.44,,232.5,273.6
MHJ45,2026-02-05 10:07:30+00:00,0,4.575,13.86,,240.0,
AL945,2026-02-05 10:07:30+00:00,70,3.050,8.92,,310.0,328.7
AL945,2026-02-05 10:15:00+00:00,60,3.050,8.85,,302.5,323.2
MHJ45,2026-02-05 10:15:00+00:00,0,4.325,12.86,,230.0,
MHJ45,2026-02-05 10:22:30+00:00,80,4.100,13.61,,242.5,280.1
AL945,2026-02-05 10:22:30+00:00,70,2.750,8.40,,305.0,312.8
AL945,2026-02-05 10:30:00+00:00,70,3.075,8.56,,307.5,341.2
MHJ45,2026-02-05 10:30:00+00:00,80,4.000,13.63,,247.5,260.2
MHJ45,2026-02-05 10:37:30+00:00,80,4.075,14.14,,227.5,253.4
AL945,2026-02-05 10:37:30+00:00,40,2.700,8.05,,305.0,309.6
AL945,2026-02-05 10:45:00+00:00,70,3.025,8.49,,302.5,337.5
MHJ45,2026-02-05 10:45:00+00:00,0,3.725,12.53,,212.5,
AL945,2026-02-05 10:52:30+00:00,70,2.850,8.51,,297.5,315.5
MHJ45,2026-02-05 10:52:30+00:00,0,3.375,10.72,,210.0,
AL945,2026-02-05 11:00:00+00:00,70,2.800,8.90,,295.0,295.2
MHJ45,2026-02-05 11:00:00+00:00,80,3.175,10.06,,277.5,285.5
MHJ45,2026-02-05 11:07:30+00:00,80,3.375,10.14,,265.0,300.3
AL945,2026-02-05 11:07:30+00:00,70,2.600,7.89,,302.5,311.2
MHJ45,2026-02-05 11:15:00+00:00,70,3.100,9.23,,285.0,299.6
AL945,2026-02-05 11:15:00+00:00,70,2.625,8.01,,280.0,327.3
AL945,2026-02-05 11:22:30+00:00,70,2.300,7.75,,292.5,269.3
MHJ45,2026-02-05 11:22:30+00:00,60,3.100,6.49,,550.0,485.0
MHJ45,2026-02-05 11:30:00+00:00,70,3.725,10.58,,312.5,315.9
MHJ45,2026-02-05 11:37:30+00:00,70,4.050,11.68,,270.0,304.2
AL945,2026-02-05 11:37:30+00:00,70,2.200,6.49,,402.5,301.8
MHJ45,2026-02-05 11:45:00+00:00,70,4.577,13.19,,275.0,310.6
AL945,2026-02-05 11:45:00+00:00,70,2.225,6.58,,382.5,309.2
MHJ45,2026-02-05 11:52:30+00:00,70,5.175,16.17,,257.5,278.7
AL945,2026-02-05 11:52:30+00:00,60,2.425,5.57,,585.0,394.7
AL945,2026-02-05 12:00:00+00:00,70,2.350,5.84,,532.5,345.2
MHJ45,2026-02-05 12:00:00+00:00,90,5.625,18.78,,240.0,259.5
MHJ45,2026-02-05 12:07:30+00:00,90,6.350,21.08,,235.0,267.1
AL945,2026-02-05 12:07:30+00:00,70,2.575,6.97,,370.0,337.2
MHJ45,2026-02-05 12:15:00+00:00,90,6.875,23.43,,225.0,255.5
AL945,2026-02-05 12:15:00+00:00,70,2.850,8.25,,322.5,307.5
AL945,2026-02-05 12:22:30+00:00,70,3.200,9.33,,292.5,311.7
MHJ45,2026-02-05 12:22:30+00:00,90,7.225,24.73,2.03,217.5,244.7
AL945,2026-02-05 12:30:00+00:00,70,3.525,10.81,,277.5,282.4
MHJ45,2026-02-05 12:30:00+00:00,90,7.450,26.16,,220.0,243.3
MHJ45,2026-02-05 12:37:30+00:00,70,7.400,25.20,2.20,212.5,240.6
AL945,2026-02-05 12:37:30+00:00,70,4.075,13.56,,270.0,265.2
MHJ45,2026-02-05 12:45:00+00:00,70,8.100,26.42,2.15,225.0,246.6
AL945,2026-02-05 12:45:00+00:00,40,4.800,16.39,,255.0,254.0
AL945,2026-02-05 12:52:30+00:00,70,5.350,18.34,,245.0,253.8
MHJ45,2026-02-05 12:52:30+00:00,70,8.725,29.81,2.35,227.5,245.3
AL945,2026-02-05 13:00:00+00:00,40,5.800,20.71,,240.0,238.7
MHJ45,2026-02-05 13:00:00+00:00,60,9.125,31.46,2.35,230.0,241.6
MHJ45,2026-02-05 13:07:30+00:00,70,9.225,32.03,2.20,220.0,230.6
AL945,2026-02-05 13:07:30+00:00,60,6.488,23.62,,260.0,236.2
AL945,2026-02-05 13:15:00+00:00,70,7.000,24.70,,227.5,236.2
MHJ45,2026-02-05 13:15:00+00:00,65,9.150,30.95,2.50,215.0,232.7
AL945,2026-02-05 13:22:30+00:00,70,7.625,27.07,,222.5,235.6
MHJ45,2026-02-05 13:22:30+00:00,70,9.150,30.43,2.53,215.0,248.6
MHJ45,2026-02-05 13:30:00+00:00,70,9.550,31.26,2.53,220.0,255.5
AL945,2026-02-05 13:30:00+00:00,70,7.500,28.72,2.05,220.0,219.4
MHJ45,2026-02-05 13:37:30+00:00,70,9.825,31.47,,212.5,261.3
AL945,2026-02-05 13:37:30+00:00,60,7.981,28.68,2.15,227.5,228.4
AL945,2026-02-05 13:45:00+00:00,70,7.675,27.98,2.17,215.0,227.8
MHJ45,2026-02-05 13:45:00+00:00,70,9.825,30.90,,210.0,267.2
MHJ45,2026-02-05 13:52:30+00:00,70,10.400,32.95,2.55,215.0,270.7
AL945,2026-02-05 13:52:30+00:00,0,8.400,29.62,2.22,303.8,
AL945,2026-02-05 14:00:00+00:00,90,8.125,30.39,2.25,210.0,215.1
MHJ45,2026-02-05 14:00:00+00:00,70,11.225,35.29,,215.0,273.0
MHJ45,2026-02-05 14:07:30+00:00,70,11.625,38.49,2.85,217.5,259.3
AL945,2026-02-05 14:07:30+00:00,60,6.725,27.25,2.38,212.5,198.7
AL945,2026-02-05 14:15:00+00:00,90,8.275,29.07,2.47,215.0,224.0
MHJ45,2026-02-05 14:15:00+00:00,75,11.950,40.41,2.85,220.0,254.5
MHJ45,2026-02-05 14:22:30+00:00,75,12.250,41.39,2.92,225.0,254.9
AL945,2026-02-05 14:22:30+00:00,60,8.263,29.51,2.55,275.0,210.1
MHJ45,2026-02-05 14:30:00+00:00,90,12.350,41.91,2.95,235.0,253.1
AL945,2026-02-05 14:30:00+00:00,40,7.325,28.48,2.63,210.0,204.3
MHJ45,2026-02-05 14:37:30+00:00,90,12.300,41.21,2.97,227.5,250.9
AL945,2026-02-05 14:37:30+00:00,75,7.550,27.11,2.67,207.5,219.9
MHJ45,2026-02-05 14:45:00+00:00,75,12.325,40.85,3.00,222.5,256.3
AL945,2026-02-05 14:45:00+00:00,40,8.579,31.31,2.70,265.0,227.5
AL945,2026-02-05 14:52:30+00:00,65,9.700,35.52,2.78,212.5,228.7
MHJ45,2026-02-05 14:52:30+00:00,70,12.325,41.39,2.83,217.5,246.2
MHJ45,2026-02-05 15:00:00+00:00,95,12.350,41.30,,220.0,249.8
AL945,2026-02-05 15:00:00+00:00,60,9.713,34.25,2.78,255.0,231.0
MHJ45,2026-02-05 15:07:30+00:00,95,12.650,42.19,3.03,222.5,252.6
AL945,2026-02-05 15:07:30+00:00,95,9.913,34.01,2.83,267.5,217.8
AL945,2026-02-05 15:15:00+00:00,90,10.300,34.69,2.85,220.0,242.9
MHJ45,2026-02-05 15:15:00+00:00,70,12.500,42.38,,225.0,250.5
AL945,2026-02-05 15:22:30+00:00,0,10.575,35.91,2.70,320.0,
MHJ45,2026-02-05 15:22:30+00:00,70,12.275,41.17,,220.0,250.9
AL945,2026-02-05 15:30:00+00:00,95,10.938,37.94,2.95,252.5,231.0
MHJ45,2026-02-05 15:30:00+00:00,70,11.825,39.51,3.05,220.0,236.1
MHJ45,2026-02-05 15:37:30+00:00,75,11.900,37.76,,215.0,261.5
AL945,2026-02-05 15:37:30+00:00,90,10.850,36.97,2.97,215.0,238.2
MHJ45,2026-02-05 15:45:00+00:00,90,12.175,39.11,3.00,207.5,266.0
AL945,2026-02-05 15:45:00+00:00,90,10.913,36.76,2.90,155.0,243.9
MHJ45,2026-02-05 15:52:30+00:00,75,12.350,40.72,2.85,207.5,257.4
AL945,2026-02-05 15:52:30+00:00,60,11.175,36.97,2.90,212.5,251.2
AL945,2026-02-05 16:00:00+00:00,90,10.975,36.63,3.05,210.0,239.9
MHJ45,2026-02-05 16:00:00+00:00,75,12.400,41.38,3.10,205.0,253.2
MHJ45,2026-02-05 16:07:30+00:00,75,12.325,40.66,3.22,202.5,257.7
AL945,2026-02-05 16:07:30+00:00,90,11.225,38.05,2.83,205.0,243.9
AL945,2026-02-05 16:15:00+00:00,90,11.325,37.16,2.80,205.0,254.5
MHJ45,2026-02-05 16:15:00+00:00,75,12.200,39.83,3.08,205.0,260.3
MHJ45,2026-02-05 16:22:30+00:00,70,12.300,40.18,3.05,205.0,260.0
AL945,2026-02-05 16:22:30+00:00,90,11.600,38.58,2.85,142.5,251.3
MHJ45,2026-02-05 16:30:00+00:00,70,12.350,40.99,,212.5,257.3
AL945,2026-02-05 16:30:00+00:00,90,11.800,40.09,2.85,195.0,245.3
AL945,2026-02-05 16:37:30+00:00,90,11.613,39.67,3.08,217.5,240.1
MHJ45,2026-02-05 16:37:30+00:00,75,12.250,41.16,,225.0,249.9
MHJ45,2026-02-05 16:45:00+00:00,75,11.950,39.78,3.10,222.5,247.7
AL945,2026-02-05 16:45:00+00:00,95,11.675,39.22,,200.0,250.1
MHJ45,2026-02-05 16:52:30+00:00,70,11.775,38.93,3.13,217.5,248.0
AL945,2026-02-05 16:52:30+00:00,90,11.425,38.67,3.05,222.5,242.4
AL945,2026-02-05 17:00:00+00:00,90,11.375,38.31,3.05,220.0,243.7
MHJ45,2026-02-05 17:00:00+00:00,70,11.800,38.76,3.08,205.0,251.0
MHJ45,2026-02-05 17:07:30+00:00,55,11.350,37.68,3.13,210.0,246.4
AL945,2026-02-05 17:07:30+00:00,90,11.175,36.74,3.10,212.5,250.0
MHJ45,2026-02-05 17:15:00+00:00,75,11.175,36.71,3.20,202.5,251.1
AL945,2026-02-05 17:15:00+00:00,90,11.225,36.86,3.10,205.0,249.8
MHJ45,2026-02-05 17:22:30+00:00,70,11.100,36.37,3.10,200.0,250.6
AL945,2026-02-05 17:22:30+00:00,80,11.475,37.68,2.85,210.0,249.1
MHJ45,2026-02-05 17:30:00+00:00,95,11.175,37.23,3.13,197.5,247.8
AL945,2026-02-05 17:30:00+00:00,70,11.325,38.14,3.15,212.5,242.7
AL945,2026-02-05 17:37:30+00:00,90,11.250,37.77,3.17,207.5,245.4
MHJ45,2026-02-05 17:37:30+00:00,70,10.925,36.60,,220.0,248.0
AL945,2026-02-05 17:45:00+00:00,90,11.125,37.69,,202.5,240.5
MHJ45,2026-02-05 17:45:00+00:00,60,10.500,34.15,,212.5,245.4
MHJ45,2026-02-05 17:52:30+00:00,40,9.850,32.81,,205.0,242.6
AL945,2026-02-05 17:52:30+00:00,65,10.825,37.11,3.17,220.0,233.8
MHJ45,2026-02-05 18:00:00+00:00,90,10.575,33.60,,215.0,271.2
AL945,2026-02-05 18:00:00+00:00,0,10.675,35.70,3.20,212.5,
AL945,2026-02-05 18:07:30+00:00,90,10.475,34.85,3.13,210.0,242.7
MHJ45,2026-02-05 18:07:30+00:00,75,10.675,34.19,3.00,200.0,259.6
AL945,2026-02-05 18:15:00+00:00,90,10.275,34.36,3.17,207.5,243.0
MHJ45,2026-02-05 18:15:00+00:00,95,10.700,34.25,,205.0,266.7
MHJ45,2026-02-05 18:22:30+00:00,75,10.725,34.34,2.97,197.5,262.2
AL945,2026-02-05 18:22:30+00:00,85,10.200,32.96,3.13,205.0,250.5
MHJ45,2026-02-05 18:30:00+00:00,20,9.025,32.96,3.15,220.0,219.9
AL945,2026-02-05 18:30:00+00:00,70,10.000,32.64,2.90,207.5,247.3
MHJ45,2026-02-05 18:37:30+00:00,70,10.925,35.01,3.08,232.5,259.3
AL945,2026-02-05 18:37:30+00:00,70,10.325,32.90,3.17,197.5,263.0
MHJ45,2026-02-05 18:45:00+00:00,70,10.775,35.36,3.08,225.0,254.9
AL945,2026-02-05 18:45:00+00:00,75,10.300,33.27,3.10,200.0,253.9
MHJ45,2026-02-05 18:52:30+00:00,60,10.725,35.22,,222.5,255.3
AL945,2026-02-05 18:52:30+00:00,60,9.600,33.50,3.15,202.5,234.0
MHJ45,2026-02-05 19:00:00+00:00,75,10.775,34.04,,220.0,269.2
AL945,2026-02-05 19:00:00+00:00,65,10.450,33.82,3.10,205.0,251.4
MHJ45,2026-02-05 19:07:30+00:00,75,10.950,34.87,2.90,230.0,272.1
AL945,2026-02-05 19:07:30+00:00,90,10.600,34.76,3.13,215.0,252.2
AL945,2026-02-05 19:15:00+00:00,90,10.638,34.95,3.08,230.0,249.1
MHJ45,2026-02-05 19:15:00+00:00,75,10.925,35.21,2.92,227.5,264.3
AL945,2026-02-05 19:22:30+00:00,80,10.900,35.39,3.08,217.5,254.6
MHJ45,2026-02-05 19:22:30+00:00,70,11.050,35.26,2.95,227.5,266.9
AL945,2026-02-05 19:30:00+00:00,90,10.825,35.69,2.88,207.5,249.2
MHJ45,2026-02-05 19:30:00+00:00,75,11.050,35.86,,227.5,266.7
AL945,2026-02-05 19:37:30+00:00,90,10.875,35.53,3.05,220.0,255.3
MHJ45,2026-02-05 19:37:30+00:00,60,10.875,35.35,,227.5,258.0
MHJ45,2026-02-05 19:45:00+00:00,70,10.775,34.52,,225.0,265.9
AL945,2026-02-05 19:45:00+00:00,90,10.763,35.26,3.00,230.0,256.4
AL945,2026-02-05 19:52:30+00:00,70,10.150,35.30,2.97,220.0,234.1
MHJ45,2026-02-05 19:52:30+00:00,70,10.775,35.05,,215.0,266.1
AL945,2026-02-05 20:00:00+00:00,90,10.675,34.58,2.70,215.0,262.7
MHJ45,2026-02-05 20:00:00+00:00,70,10.675,34.74,,227.5,260.8
AL945,2026-02-05 20:07:30+00:00,90,10.600,34.66,,217.5,255.5
MHJ45,2026-02-05 20:07:30+00:00,75,10.575,34.34,2.78,220.0,257.2
AL945,2026-02-05 20:15:00+00:00,90,10.700,35.40,2.70,222.5,254.8
MHJ45,2026-02-05 20:15:00+00:00,70,10.450,34.10,,215.0,260.9
AL945,2026-02-05 20:22:30+00:00,70,10.650,34.91,2.58,225.0,259.9
MHJ45,2026-02-05 20:22:30+00:00,70,10.325,33.97,2.58,217.5,256.0
AL945,2026-02-05 20:30:00+00:00,60,8.600,32.63,2.60,215.0,216.5
MHJ45,2026-02-05 20:30:00+00:00,60,10.100,33.01,,215.0,258.0
MHJ45,2026-02-05 20:37:30+00:00,60,9.900,32.78,2.53,215.0,248.2
AL945,2026-02-05 20:37:30+00:00,80,10.425,34.12,2.60,220.0,255.0
MHJ45,2026-02-05 20:45:00+00:00,70,9.800,31.11,,212.5,267.9
AL945,2026-02-05 20:45:00+00:00,80,10.300,33.63,2.65,220.0,252.5
MHJ45,2026-02-05 20:52:30+00:00,65,9.050,31.09,,210.0,245.5
AL945,2026-02-05 20:52:30+00:00,90,10.025,33.19,2.58,220.0,249.2
MHJ45,2026-02-05 21:00:00+00:00,70,9.700,31.18,,212.5,271.3
AL945,2026-02-05 21:00:00+00:00,50,9.875,32.61,2.47,217.5,250.7
AL945,2026-02-05 21:07:30+00:00,90,9.425,31.52,2.47,212.5,241.7
MHJ45,2026-02-05 21:07:30+00:00,60,9.750,31.29,,215.0,261.8
MHJ45,2026-02-05 21:15:00+00:00,70,9.600,31.83,2.03,222.5,257.2
AL945,2026-02-05 21:15:00+00:00,60,8.875,32.48,2.45,212.5,226.7
MHJ45,2026-02-05 21:22:30+00:00,70,9.375,30.88,,217.5,262.7
AL945,2026-02-05 21:22:30+00:00,80,9.477,30.61,2.40,285.0,230.1
AL945,2026-02-05 21:30:00+00:00,40,7.625,29.49,2.40,212.5,212.4
MHJ45,2026-02-05 21:30:00+00:00,65,9.200,29.53,2.03,212.5,265.7
MHJ45,2026-02-05 21:37:30+00:00,70,9.075,29.44,2.05,212.5,270.5
AL945,2026-02-05 21:37:30+00:00,60,8.700,30.84,2.45,212.5,229.8
MHJ45,2026-02-05 21:45:00+00:00,70,8.950,28.74,,215.0,267.7
AL945,2026-02-05 21:45:00+00:00,80,9.138,30.50,2.40,290.0,243.2
MHJ45,2026-02-05 21:52:30+00:00,70,8.875,29.09,,230.0,261.4
AL945,2026-02-05 21:52:30+00:00,60,7.950,29.54,2.22,210.0,222.1
MHJ45,2026-02-05 22:00:00+00:00,70,8.800,28.61,,227.5,262.8
AL945,2026-02-05 22:00:00+00:00,40,8.075,29.32,2.17,210.0,225.9
MHJ45,2026-02-05 22:07:30+00:00,75,8.825,28.36,,242.5,286.8
AL945,2026-02-05 22:07:30+00:00,20,8.407,29.27,2.03,217.5,241.8
MHJ45,2026-02-05 22:15:00+00:00,0,8.800,28.26,,230.0,
AL945,2026-02-05 22:15:00+00:00,60,8.750,29.66,,215.0,250.6
MHJ45,2026-02-05 22:22:30+00:00,70,8.750,27.75,,222.5,288.0
AL945,2026-02-05 22:22:30+00:00,40,8.638,29.22,,257.5,249.9
AL945,2026-02-05 22:30:00+00:00,40,8.507,29.23,,245.0,247.6
MHJ45,2026-02-05 22:30:00+00:00,0,8.725,27.96,,215.0,
MHJ45,2026-02-05 22:37:30+00:00,70,8.600,27.28,,215.0,286.8
AL945,2026-02-05 22:37:30+00:00,40,9.050,30.04,,215.0,266.0
MHJ45,2026-02-05 22:45:00+00:00,70,8.400,26.97,,217.5,279.1
AL945,2026-02-05 22:45:00+00:00,40,9.075,28.93,,220.0,268.1
AL945,2026-02-05 22:52:30+00:00,80,8.863,29.11,,240.0,258.9
MHJ45,2026-02-05 22:52:30+00:00,0,8.175,26.28,,230.0,
AL945,2026-02-05 23:00:00+00:00,60,8.725,28.50,,212.5,263.9
MHJ45,2026-02-05 23:00:00+00:00,0,7.975,25.15,,232.5,
AL945,2026-02-05 23:07:30+00:00,70,7.475,26.46,,220.0,246.7
MHJ45,2026-02-05 23:07:30+00:00,0,7.925,24.58,,110.0,
AL945,2026-02-05 23:15:00+00:00,60,7.125,26.94,,210.0,242.4
MHJ45,2026-02-05 23:15:00+00:00,0,7.775,24.48,,132.5,
AL945,2026-02-05 23:22:30+00:00,60,7.675,27.68,,215.0,250.7
MHJ45,2026-02-05 23:22:30+00:00,0,6.250,22.89,,115.0,
AL945,2026-02-05 23:30:00+00:00,60,7.627,27.32,,225.0,251.4
MHJ45,2026-02-05 23:30:00+00:00,0,7.675,23.66,,104.0,
MHJ45,2026-02-05 23:37:30+00:00,0,7.625,23.73,,220.0,
AL945,2026-02-05 23:37:30+00:00,0,7.625,27.16,,232.5,
MHJ45,2026-02-05 23:45:00+00:00,0,7.400,23.40,,120.0,
AL945,2026-02-05 23:45:00+00:00,60,8.050,27.18,,222.5,263.9
MHJ45,2026-02-05 23:52:30+00:00,0,7.500,23.52,,235.0,
AL945,2026-02-05 23:52:30+00:00,40,7.750,26.16,,232.5,264.4
MHJ45,2026-02-06 00:00:00+00:00,0,7.275,23.07,,133.8,
AL945,2026-02-06 00:00:00+00:00,20,8.150,27.06,,235.0,268.8
MHJ45,2026-02-06 00:07:30+00:00,70,7.150,22.65,,230.0,286.6
AL945,2026-02-06 00:07:30+00:00,40,7.325,25.66,,215.0,252.9
MHJ45,2026-02-06 00:15:00+00:00,0,7.050,22.25,,237.5,
AL945,2026-02-06 00:15:00+00:00,0,7.775,25.30,,222.5,
MHJ45,2026-02-06 00:22:30+00:00,0,6.950,22.09,,237.5,
AL945,2026-02-06 00:22:30+00:00,70,6.700,24.54,,220.0,246.2
MHJ45,2026-02-06 00:30:00+00:00,0,6.700,21.23,,115.0,
AL945,2026-02-06 00:30:00+00:00,60,5.550,21.64,,215.0,234.6
MHJ45,2026-02-06 00:37:30+00:00,0,6.675,20.63,,105.0,
AL945,2026-02-06 00:37:30+00:00,50,7.325,24.51,,217.5,273.6
AL945,2026-02-06 00:45:00+00:00,50,7.375,24.23,,217.5,275.1
MHJ45,2026-02-06 00:45:00+00:00,70,6.625,20.29,,230.0,302.0
AL945,2026-02-06 00:52:30+00:00,50,7.100,23.64,,220.0,272.4
MHJ45,2026-02-06 00:52:30+00:00,70,6.425,19.94,,235.0,301.6
AL945,2026-02-06 01:00:00+00:00,50,6.950,23.62,,222.5,268.5
MHJ45,2026-02-06 01:00:00+00:00,50,6.500,20.45,,252.5,303.4
AL945,2026-02-06 01:07:30+00:00,70,7.000,23.55,,220.0,272.7
MHJ45,2026-02-06 01:07:30+00:00,70,6.500,20.11,,242.5,296.9
AL945,2026-02-06 01:15:00+00:00,0,6.875,22.27,,225.0,271.6
MHJ45,2026-02-06 01:15:00+00:00,70,6.450,20.45,,240.0,289.8
AL945,2026-02-06 01:22:30+00:00,50,6.625,22.76,,220.0,273.5
MHJ45,2026-02-06 01:22:30+00:00,50,6.425,20.19,,242.5,293.3
MHJ45,2026-02-06 01:30:00+00:00,70,6.350,19.94,,242.5,291.8
AL945,2026-02-06 01:30:00+00:00,50,6.425,21.30,,220.0,271.4
MHJ45,2026-02-06 01:37:30+00:00,0,6.400,19.69,,252.5,
AL945,2026-02-06 01:37:30+00:00,70,6.200,21.17,,222.5,262.3
AL945,2026-02-06 01:45:00+00:00,0,6.200,19.16,,225.0,
MHJ45,2026-02-06 01:45:00+00:00,50,6.325,19.69,,245.0,297.2
AL945,2026-02-06 01:52:30+00:00,70,5.625,18.55,,235.0,279.0
MHJ45,2026-02-06 01:52:30+00:00,70,6.275,19.87,,247.5,294.6
AL945,2026-02-06 02:00:00+00:00,40,5.550,18.19,,230.0,280.0
MHJ45,2026-02-06 02:00:00+00:00,70,6.300,19.62,,247.5,302.6
AL945,2026-02-06 02:07:30+00:00,70,5.900,18.22,,235.0,289.5
MHJ45,2026-02-06 02:07:30+00:00,70,6.225,19.52,,242.5,297.9
AL945,2026-02-06 02:15:00+00:00,60,5.700,18.59,,237.5,279.8
MHJ45,2026-02-06 02:15:00+00:00,70,6.150,19.36,,242.5,293.3
MHJ45,2026-02-06 02:22:30+00:00,70,6.150,19.21,,237.5,293.2
AL945,2026-02-06 02:22:30+00:00,70,5.725,18.66,,242.5,286.4
MHJ45,2026-02-06 02:30:00+00:00,45,5.950,19.43,,237.5,283.4
AL945,2026-02-06 02:30:00+00:00,70,5.750,18.67,,240.0,283.7
AL945,2026-02-06 02:37:30+00:00,70,5.775,18.13,,240.0,294.8
MHJ45,2026-02-06 02:37:30+00:00,70,5.875,19.26,,237.5,281.1
AL945,2026-02-06 02:45:00+00:00,70,5.550,18.55,,242.5,280.6
MHJ45,2026-02-06 02:45:00+00:00,50,5.775,18.71,,232.5,276.9
AL945,2026-02-06 02:52:30+00:00,70,5.500,18.02,,242.5,287.0
MHJ45,2026-02-06 02:52:30+00:00,70,5.750,18.36,,230.0,293.1
AL945,2026-02-06 03:00:00+00:00,60,5.775,19.43,,237.5,275.4
MHJ45,2026-02-06 03:00:00+00:00,80,5.725,17.88,,232.5,290.9
MHJ45,2026-02-06 03:07:30+00:00,70,5.525,17.38,,240.0,303.2
AL945,2026-02-06 03:07:30+00:00,70,5.625,18.53,,237.5,276.7
MHJ45,2026-02-06 03:15:00+00:00,70,5.375,16.50,,230.0,287.0
AL945,2026-02-06 03:15:00+00:00,60,5.425,18.19,,232.5,277.6
AL945,2026-02-06 03:22:30+00:00,70,5.450,18.29,,237.5,272.1
MHJ45,2026-02-06 03:22:30+00:00,40,5.450,16.95,,232.5,296.2
AL945,2026-02-06 03:30:00+00:00,70,5.500,18.11,,237.5,274.6
MHJ45,2026-02-06 03:30:00+00:00,40,5.325,16.46,,237.5,298.0
AL945,2026-02-06 03:37:30+00:00,40,5.475,17.02,,235.0,288.0
MHJ45,2026-02-06 03:37:30+00:00,80,5.150,16.32,,235.0,289.7
AL945,2026-02-06 03:45:00+00:00,70,4.950,15.79,,232.5,277.0
MHJ45,2026-02-06 03:45:00+00:00,0,5.125,15.44,,237.5,
AL945,2026-02-06 03:52:30+00:00,70,4.650,15.94,,227.5,261.9
MHJ45,2026-02-06 03:52:30+00:00,80,5.075,14.96,,245.0,308.9
AL945,2026-02-06 04:00:00+00:00,70,4.575,15.11,,232.5,274.6
MHJ45,2026-02-06 04:00:00+00:00,80,4.975,15.09,,242.5,305.3
MHJ45,2026-02-06 04:07:30+00:00,0,4.950,14.61,,242.5,
AL945,2026-02-06 04:07:30+00:00,70,4.600,14.85,,230.0,274.9
MHJ45,2026-02-06 04:15:00+00:00,0,4.850,14.22,,245.0,
AL945,2026-02-06 04:15:00+00:00,0,4.600,13.87,,235.0,
AL945,2026-02-06 04:22:30+00:00,70,4.275,14.02,,250.0,279.3
MHJ45,2026-02-06 04:22:30+00:00,0,4.775,13.91,,250.0,
MHJ45,2026-02-06 04:30:00+00:00,90,4.675,13.70,,257.5,315.1
AL945,2026-02-06 04:30:00+00:00,0,4.375,13.30,,250.0,
AL945,2026-02-06 04:37:30+00:00,70,4.100,12.72,,265.0,302.6
MHJ45,2026-02-06 04:37:30+00:00,90,4.725,13.78,,265.0,334.6
AL945,2026-02-06 04:45:00+00:00,70,4.425,13.33,,252.5,311.7
MHJ45,2026-02-06 04:45:00+00:00,90,4.700,13.65,,270.0,334.2
MHJ45,2026-02-06 04:52:30+00:00,60,4.625,13.62,,272.5,333.6
AL945,2026-02-06 04:52:30+00:00,70,4.325,13.07,,260.0,308.6
AL945,2026-02-06 05:00:00+00:00,0,4.150,12.64,,255.0,
MHJ45,2026-02-06 05:00:00+00:00,70,4.500,13.83,,277.5,311.6
AL945,2026-02-06 05:07:30+00:00,70,4.225,12.60,,275.0,315.8
MHJ45,2026-02-06 05:07:30+00:00,80,4.775,13.57,,277.5,347.0
AL945,2026-02-06 05:15:00+00:00,70,4.100,12.40,,272.5,316.7
MHJ45,2026-02-06 05:15:00+00:00,40,4.750,13.49,,297.5,337.9
AL945,2026-02-06 05:22:30+00:00,60,4.450,12.47,,272.5,338.7
MHJ45,2026-02-06 05:22:30+00:00,50,4.750,13.11,,295.0,352.3
AL945,2026-02-06 05:30:00+00:00,40,4.425,13.81,,275.0,315.5
MHJ45,2026-02-06 05:30:00+00:00,80,4.650,13.44,,275.0,337.8
MHJ45,2026-02-06 05:37:30+00:00,80,4.725,12.96,,315.0,365.1
AL945,2026-02-06 05:45:00+00:00,60,4.075,12.37,,285.0,313.8
MHJ45,2026-02-06 05:45:00+00:00,80,4.650,13.81,,280.0,331.8
AL945,2026-02-06 05:52:30+00:00,70,4.200,12.31,,285.0,322.8
MHJ45,2026-02-06 05:52:30+00:00,80,4.775,13.79,,280.0,329.9
MHJ45,2026-02-06 06:00:00+00:00,70,4.450,13.41,,280.0,330.2
AL945,2026-02-06 06:00:00+00:00,70,4.100,12.34,,282.5,319.8
AL945,2026-02-06 06:07:30+00:00,70,4.000,12.07,,287.5,317.6
MHJ45,2026-02-06 06:07:30+00:00,70,4.525,13.48,,277.5,323.9
AL945,2026-02-06 06:15:00+00:00,40,3.125,10.71,,285.0,281.3
MHJ45,2026-02-06 06:15:00+00:00,70,4.425,13.09,,280.0,331.6
AL945,2026-02-06 06:22:30+00:00,40,3.575,11.49,,307.5,299.9
MHJ45,2026-02-06 06:22:30+00:00,40,4.700,14.01,,275.0,325.1
MHJ45,2026-02-06 06:30:00+00:00,20,4.050,12.85,,287.5,307.2
AL945,2026-02-06 06:30:00+00:00,60,3.725,11.73,,290.0,307.7
MHJ45,2026-02-06 06:37:30+00:00,20,3.525,12.00,,287.5,285.5
AL945,2026-02-06 06:37:30+00:00,70,4.050,11.68,,287.5,334.5
MHJ45,2026-02-06 06:45:00+00:00,70,4.525,13.40,,282.5,326.2
AL945,2026-02-06 06:45:00+00:00,70,4.150,11.85,,305.0,340.8
MHJ45,2026-02-06 06:52:30+00:00,70,4.725,13.60,,290.0,336.2
AL945,2026-02-06 06:52:30+00:00,70,4.350,12.23,,300.0,349.7
MHJ45,2026-02-06 07:00:00+00:00,40,4.475,14.09,,282.5,311.8
AL945,2026-02-06 07:00:00+00:00,70,4.400,13.19,,285.0,323.3
AL945,2026-02-06 07:07:30+00:00,60,3.975,12.91,,272.5,294.7
MHJ45,2026-02-06 07:07:30+00:00,70,4.900,14.30,,267.5,329.9
MHJ45,2026-02-06 07:15:00+00:00,40,5.075,14.64,,292.5,333.0
AL945,2026-02-06 07:15:00+00:00,60,4.375,13.25,,267.5,314.7
MHJ45,2026-02-06 07:22:30+00:00,70,4.750,14.65,,270.0,315.1
MHJ45,2026-02-06 07:30:00+00:00,60,4.500,14.33,,272.5,300.5
AL945,2026-02-06 07:30:00+00:00,60,4.400,12.96,,267.5,327.7
MHJ45,2026-02-06 07:37:30+00:00,70,4.500,13.88,,275.0,316.7
AL945,2026-02-06 07:37:30+00:00,80,4.275,12.37,,270.0,337.3
MHJ45,2026-02-06 07:45:00+00:00,80,4.750,13.86,,285.0,334.6
AL945,2026-02-06 07:45:00+00:00,70,4.175,12.35,,280.0,327.2
AL945,2026-02-06 07:52:30+00:00,80,4.175,12.52,,280.0,326.9
MHJ45,2026-02-06 07:52:30+00:00,50,4.575,13.52,,287.5,349.0
AL945,2026-02-06 08:00:00+00:00,70,4.300,12.56,,277.5,332.5
MHJ45,2026-02-06 08:00:00+00:00,60,4.925,13.61,,292.5,357.2
AL945,2026-02-06 08:07:30+00:00,80,4.300,12.52,,280.0,324.1
MHJ45,2026-02-06 08:07:30+00:00,80,5.075,14.63,,297.5,339.0
MHJ45,2026-02-06 08:15:00+00:00,80,5.150,15.22,,282.5,336.0
AL945,2026-02-06 08:15:00+00:00,70,4.400,12.97,,275.0,322.7
AL945,2026-02-06 08:22:30+00:00,80,4.375,13.31,,267.5,308.1
MHJ45,2026-02-06 08:22:30+00:00,60,5.350,14.73,,275.0,343.9
MHJ45,2026-02-06 08:30:00+00:00,80,5.225,15.65,,275.0,314.8
AL945,2026-02-06 08:30:00+00:00,70,4.325,13.49,,262.5,301.9
MHJ45,2026-02-06 08:37:30+00:00,40,3.975,14.14,,265.0,271.8
AL945,2026-02-06 08:37:30+00:00,80,4.275,12.83,,257.5,315.7
MHJ45,2026-02-06 08:45:00+00:00,70,5.375,16.14,,257.5,312.3
AL945,2026-02-06 08:45:00+00:00,0,4.150,12.23,,260.0,
AL945,2026-02-06 08:52:30+00:00,60,4.050,12.31,,260.0,302.1
MHJ45,2026-02-06 08:52:30+00:00,70,5.325,16.49,,252.5,302.5
AL945,2026-02-06 09:00:00+00:00,0,4.150,12.20,,265.0,
MHJ45,2026-02-06 09:00:00+00:00,80,5.450,17.75,,250.0,293.6
AL945,2026-02-06 09:07:30+00:00,70,4.050,12.45,,265.0,302.7
MHJ45,2026-02-06 09:07:30+00:00,80,5.625,16.89,,245.0,318.3
AL945,2026-02-06 09:15:00+00:00,40,4.075,12.54,,265.0,301.1
MHJ45,2026-02-06 09:15:00+00:00,80,5.575,17.03,,240.0,301.4
AL945,2026-02-06 09:22:30+00:00,40,4.250,13.27,,262.5,315.0
MHJ45,2026-02-06 09:22:30+00:00,80,5.675,17.29,,235.0,309.0
AL945,2026-02-06 09:30:00+00:00,80,4.150,13.13,,257.5,297.4
MHJ45,2026-02-06 09:30:00+00:00,80,5.600,17.46,,232.5,291.7
AL945,2026-02-06 09:37:30+00:00,70,4.100,13.84,,255.0,279.0
MHJ45,2026-02-06 09:37:30+00:00,80,5.625,17.67,,230.0,298.7
AL945,2026-02-06 09:45:00+00:00,40,4.150,13.19,,250.0,282.1
MHJ45,2026-02-06 09:45:00+00:00,80,5.600,17.76,,227.5,287.4
MHJ45,2026-02-06 09:52:30+00:00,80,5.525,17.83,,222.5,273.1
AL945,2026-02-06 09:52:30+00:00,60,4.100,13.75,,247.5,274.8
AL945,2026-02-06 10:00:00+00:00,80,4.200,13.46,,242.5,284.9
MHJ45,2026-02-06 10:00:00+00:00,70,5.550,18.26,,220.0,276.8
AL945,2026-02-06 10:07:30+00:00,70,4.125,13.81,,240.0,275.6
MHJ45,2026-02-06 10:07:30+00:00,80,5.300,18.20,,215.0,251.1
AL945,2026-02-06 10:15:00+00:00,80,4.425,13.82,,237.5,286.4
MHJ45,2026-02-06 10:15:00+00:00,80,5.100,17.13,,210.0,253.7
MHJ45,2026-02-06 10:22:30+00:00,0,5.125,16.25,,205.0,
AL945,2026-02-06 10:22:30+00:00,70,4.150,14.39,,235.0,260.7
MHJ45,2026-02-06 10:30:00+00:00,0,4.825,16.23,,205.0,
AL945,2026-02-06 10:30:00+00:00,70,4.350,14.12,,227.5,269.0
AL945,2026-02-06 10:37:30+00:00,70,3.925,13.57,,222.5,254.5
MHJ45,2026-02-06 10:37:30+00:00,60,5.175,17.22,,212.5,265.8
AL945,2026-02-06 10:45:00+00:00,0,3.875,12.68,,222.5,
MHJ45,2026-02-06 10:45:00+00:00,60,4.850,16.71,,220.0,256.1
AL945,2026-02-06 10:52:30+00:00,0,3.775,12.38,,227.5,
MHJ45,2026-02-06 10:52:30+00:00,60,4.750,16.08,,220.0,265.9
AL945,2026-02-06 11:00:00+00:00,70,3.675,12.80,,252.5,259.9
MHJ45,2026-02-06 11:00:00+00:00,80,4.900,16.94,,220.0,254.6
AL945,2026-02-06 11:07:30+00:00,60,3.600,12.33,,225.0,264.6
MHJ45,2026-02-06 11:07:30+00:00,90,4.750,16.91,,217.5,246.1
MHJ45,2026-02-06 11:15:00+00:00,70,4.600,16.59,,207.5,236.9
AL945,2026-02-06 11:15:00+00:00,70,3.675,12.42,,227.5,258.3
MHJ45,2026-02-06 11:22:30+00:00,60,4.350,16.11,,200.0,223.9
AL945,2026-02-06 11:22:30+00:00,20,3.375,12.23,,225.0,245.6
MHJ45,2026-02-06 11:30:00+00:00,90,4.350,14.39,,197.5,252.3
AL945,2026-02-06 11:30:00+00:00,70,3.375,11.53,,227.5,255.0
MHJ45,2026-02-06 11:37:30+00:00,70,4.400,15.16,,205.0,245.4
AL945,2026-02-06 11:37:30+00:00,70,3.275,11.70,,210.0,237.5
AL945,2026-02-06 11:45:00+00:00,70,3.000,10.04,,232.5,265.8
MHJ45,2026-02-06 11:45:00+00:00,70,4.950,16.19,,210.0,274.3
MHJ45,2026-02-06 11:52:30+00:00,90,5.250,18.02,,215.0,242.6
AL945,2026-02-06 11:52:30+00:00,40,2.800,10.39,,235.0,236.8
AL945,2026-02-06 12:00:00+00:00,60,2.825,9.86,,230.0,251.0
MHJ45,2026-02-06 12:00:00+00:00,90,5.325,18.78,,207.5,235.0
AL945,2026-02-06 12:07:30+00:00,40,2.600,9.39,,250.0,239.2
MHJ45,2026-02-06 12:07:30+00:00,70,5.800,20.03,,207.5,241.0
MHJ45,2026-02-06 12:15:00+00:00,40,6.450,21.27,,207.5,259.4
AL945,2026-02-06 12:22:30+00:00,70,3.488,11.48,,278.8,264.2
MHJ45,2026-02-06 12:22:30+00:00,70,6.525,22.24,,202.5,242.4
AL945,2026-02-06 12:30:00+00:00,70,3.975,12.61,,230.0,282.7
MHJ45,2026-02-06 12:30:00+00:00,70,6.975,24.75,,205.0,233.6
AL945,2026-02-06 12:37:30+00:00,40,3.700,13.89,,210.0,217.8
MHJ45,2026-02-06 12:37:30+00:00,70,7.200,26.22,,207.5,222.1
AL945,2026-02-06 12:45:00+00:00,90,4.350,15.28,,210.0,233.2
MHJ45,2026-02-06 12:45:00+00:00,70,7.325,26.57,2.05,202.5,219.8
AL945,2026-02-06 12:52:30+00:00,70,4.950,16.71,,212.5,241.6
MHJ45,2026-02-06 12:52:30+00:00,70,7.375,26.06,2.22,205.0,223.3
AL945,2026-02-06 13:00:00+00:00,90,5.300,19.07,,212.5,228.1
MHJ45,2026-02-06 13:00:00+00:00,70,7.900,26.79,,207.5,241.2
AL945,2026-02-06 13:07:30+00:00,90,5.938,21.62,,250.0,229.6
MHJ45,2026-02-06 13:07:30+00:00,40,8.050,28.08,,207.5,234.5
AL945,2026-02-06 13:15:00+00:00,80,5.750,21.02,,197.5,222.3
MHJ45,2026-02-06 13:15:00+00:00,70,8.575,29.75,,210.0,236.0
AL945,2026-02-06 13:22:30+00:00,70,6.050,21.28,,202.5,229.7
MHJ45,2026-02-06 13:22:30+00:00,70,8.800,31.46,2.53,215.0,227.3
MHJ45,2026-02-06 13:30:00+00:00,70,8.750,31.14,2.53,210.0,229.7
AL945,2026-02-06 13:30:00+00:00,90,6.350,22.11,,202.5,231.5
MHJ45,2026-02-06 13:37:30+00:00,90,8.750,30.57,2.53,207.5,226.3
AL945,2026-02-06 13:37:30+00:00,90,7.025,23.60,,205.0,245.8
AL945,2026-02-06 13:45:00+00:00,20,6.550,24.69,,207.5,218.9
MHJ45,2026-02-06 13:45:00+00:00,40,7.850,30.11,,217.5,203.1
MHJ45,2026-02-06 13:52:30+00:00,70,8.775,30.68,2.65,212.5,224.8
AL945,2026-02-06 13:52:30+00:00,90,7.988,27.29,2.22,172.5,237.9
AL945,2026-02-06 14:00:00+00:00,80,8.588,29.68,2.17,217.5,239.0
MHJ45,2026-02-06 14:00:00+00:00,50,8.800,30.33,,212.5,230.8
MHJ45,2026-02-06 14:07:30+00:00,20,7.600,29.39,,212.5,203.5
AL945,2026-02-06 14:07:30+00:00,90,8.688,30.69,2.47,205.0,232.2
MHJ45,2026-02-06 14:15:00+00:00,40,7.600,28.75,2.83,205.0,209.4
AL945,2026-02-06 14:15:00+00:00,0,8.550,31.55,2.47,220.0,
MHJ45,2026-02-06 14:22:30+00:00,60,9.675,33.94,2.88,200.0,239.1
AL945,2026-02-06 14:22:30+00:00,0,9.425,32.43,2.58,217.5,
MHJ45,2026-02-06 14:30:00+00:00,40,10.488,36.30,2.95,272.5,239.6
AL945,2026-02-06 14:30:00+00:00,0,9.825,33.47,2.63,287.5,
MHJ45,2026-02-06 14:37:30+00:00,90,11.000,36.90,2.95,217.5,244.6
AL945,2026-02-06 14:37:30+00:00,65,9.888,34.99,2.67,255.0,230.1
MHJ45,2026-02-06 14:45:00+00:00,70,11.125,37.75,2.95,200.0,247.7
AL945,2026-02-06 14:45:00+00:00,0,10.425,36.24,2.72,217.5,
AL945,2026-02-06 14:52:30+00:00,85,10.838,36.92,2.70,187.5,245.2
MHJ45,2026-02-06 14:52:30+00:00,90,11.175,38.31,3.03,227.5,238.6
MHJ45,2026-02-06 15:00:00+00:00,70,11.150,36.96,3.03,225.0,244.5
AL945,2026-02-06 15:00:00+00:00,95,10.700,36.65,2.70,210.0,239.2
MHJ45,2026-02-06 15:07:30+00:00,90,11.150,37.50,3.00,222.5,242.2
AL945,2026-02-06 15:07:30+00:00,40,10.927,37.70,2.75,145.0,235.9
MHJ45,2026-02-06 15:15:00+00:00,90,11.275,37.58,3.08,217.5,245.7
AL945,2026-02-06 15:15:00+00:00,40,10.400,39.17,2.85,205.0,221.9
MHJ45,2026-02-06 15:22:30+00:00,90,11.300,38.06,3.10,215.0,247.7
AL945,2026-02-06 15:22:30+00:00,60,10.375,38.42,2.75,225.0,213.9
MHJ45,2026-02-06 15:30:00+00:00,90,11.500,38.21,3.03,215.0,252.7
AL945,2026-02-06 15:30:00+00:00,0,10.425,35.08,2.90,555.0,
AL945,2026-02-06 15:37:30+00:00,0,,,2.85,,
MHJ45,2026-02-06 15:37:30+00:00,90,11.600,39.03,2.92,217.5,246.7
MHJ45,2026-02-06 15:45:00+00:00,70,11.700,39.40,3.13,217.5,247.2
AL945,2026-02-06 15:45:00+00:00,90,11.225,37.18,2.90,215.0,246.2
AL945,2026-02-06 15:52:30+00:00,70,11.400,38.67,2.90,210.0,243.5
MHJ45,2026-02-06 15:52:30+00:00,65,11.650,39.12,3.13,212.5,245.6
MHJ45,2026-02-06 16:00:00+00:00,90,11.650,38.31,,210.0,254.5
AL945,2026-02-06 16:00:00+00:00,90,11.650,39.78,2.97,205.0,243.5
AL945,2026-02-06 16:07:30+00:00,95,11.588,40.06,3.03,222.5,236.5
MHJ45,2026-02-06 16:07:30+00:00,90,11.450,39.20,3.17,217.5,237.3
AL945,2026-02-06 16:15:00+00:00,60,11.400,39.34,3.03,207.5,233.9
MHJ45,2026-02-06 16:15:00+00:00,90,11.550,38.31,3.13,212.5,250.3
MHJ45,2026-02-06 16:22:30+00:00,70,11.425,37.32,3.03,205.0,253.1
AL945,2026-02-06 16:22:30+00:00,90,11.088,37.31,2.83,215.0,237.8
AL945,2026-02-06 16:30:00+00:00,70,11.400,38.58,3.00,205.0,250.1
MHJ45,2026-02-06 16:30:00+00:00,90,11.525,37.13,,225.0,259.3
MHJ45,2026-02-06 16:37:30+00:00,90,11.588,38.33,3.17,257.5,259.4
AL945,2026-02-06 16:37:30+00:00,85,11.450,38.68,2.88,152.5,245.1
AL945,2026-02-06 16:45:00+00:00,90,11.238,37.13,3.08,222.5,254.1
MHJ45,2026-02-06 16:45:00+00:00,70,11.625,39.03,,200.0,251.2
AL945,2026-02-06 16:52:30+00:00,90,11.213,36.63,3.17,212.5,250.4
MHJ45,2026-02-06 16:52:30+00:00,70,11.675,39.49,3.10,207.5,243.4
AL945,2026-02-06 17:00:00+00:00,70,11.575,37.77,3.17,205.0,260.0
MHJ45,2026-02-06 17:00:00+00:00,90,11.500,38.78,3.15,230.0,243.2
AL945,2026-02-06 17:07:30+00:00,90,11.775,39.47,3.15,207.5,254.5
MHJ45,2026-02-06 17:07:30+00:00,70,11.075,37.06,,222.5,243.5
MHJ45,2026-02-06 17:15:00+00:00,90,10.850,36.47,,220.0,241.9
AL945,2026-02-06 17:15:00+00:00,95,11.750,39.50,3.13,205.0,250.8
AL945,2026-02-06 17:22:30+00:00,95,11.700,39.51,3.03,215.0,245.6
MHJ45,2026-02-06 17:22:30+00:00,40,9.625,35.86,,217.5,216.6
AL945,2026-02-06 17:30:00+00:00,70,11.725,39.63,3.10,220.0,252.5
MHJ45,2026-02-06 17:30:00+00:00,90,10.475,34.34,,215.0,246.7
MHJ45,2026-02-06 17:37:30+00:00,90,10.413,33.13,,217.5,264.5
AL945,2026-02-06 17:37:30+00:00,95,11.325,37.85,3.05,162.5,249.9
AL945,2026-02-06 17:45:00+00:00,95,10.875,36.37,3.17,220.0,246.0
MHJ45,2026-02-06 17:45:00+00:00,60,10.450,32.84,,210.0,269.6
MHJ45,2026-02-06 17:52:30+00:00,60,10.475,32.35,,222.5,269.4
AL945,2026-02-06 17:52:30+00:00,90,10.700,34.03,3.05,202.5,256.0
AL945,2026-02-06 18:00:00+00:00,75,10.925,33.98,2.85,197.5,268.1
MHJ45,2026-02-06 18:00:00+00:00,90,10.450,32.92,,200.0,262.0
AL945,2026-02-06 18:07:30+00:00,40,11.025,35.02,3.00,240.0,249.0
MHJ45,2026-02-06 18:07:30+00:00,90,10.475,33.40,,225.0,262.1
MHJ45,2026-02-06 18:15:00+00:00,70,10.775,33.24,3.13,245.0,271.7
AL945,2026-02-06 18:15:00+00:00,70,11.363,35.99,2.97,230.0,265.9
MHJ45,2026-02-06 18:22:30+00:00,70,10.750,34.71,3.05,235.0,257.4
AL945,2026-02-06 18:22:30+00:00,90,11.513,36.96,2.85,222.5,262.6
MHJ45,2026-02-06 18:30:00+00:00,70,10.850,34.13,,232.5,273.1
AL945,2026-02-06 18:30:00+00:00,90,11.325,36.70,2.90,195.0,260.5
MHJ45,2026-02-06 18:37:30+00:00,90,10.750,33.66,,240.0,264.9
AL945,2026-02-06 18:37:30+00:00,90,11.213,35.44,2.83,215.0,264.0
MHJ45,2026-02-06 18:45:00+00:00,70,10.850,34.17,,220.0,272.3
AL945,2026-02-06 18:45:00+00:00,90,11.188,34.75,2.80,220.0,267.1
AL945,2026-02-06 18:52:30+00:00,95,11.288,34.83,2.72,217.5,273.7
MHJ45,2026-02-06 18:52:30+00:00,70,10.775,33.60,,215.0,274.3
AL945,2026-02-06 19:00:00+00:00,95,11.625,35.78,2.85,202.5,274.7
MHJ45,2026-02-06 19:00:00+00:00,70,11.000,33.79,,235.0,278.9
AL945,2026-02-06 19:07:30+00:00,95,11.625,36.80,3.10,215.0,266.0
MHJ45,2026-02-06 19:07:30+00:00,70,11.100,34.96,,230.0,270.9
MHJ45,2026-02-06 19:15:00+00:00,70,11.075,35.21,,217.5,270.1
AL945,2026-02-06 19:15:00+00:00,95,11.588,36.36,2.83,220.0,267.9
MHJ45,2026-02-06 19:22:30+00:00,70,11.175,34.25,2.92,220.0,287.0
AL945,2026-02-06 19:22:30+00:00,90,11.775,36.00,2.90,217.5,279.3
MHJ45,2026-02-06 19:30:00+00:00,65,11.275,34.45,2.85,227.5,280.7
AL945,2026-02-06 19:30:00+00:00,95,12.038,37.12,2.85,215.0,277.4
MHJ45,2026-02-06 19:37:30+00:00,70,11.325,35.16,,217.5,281.4
AL945,2026-02-06 19:37:30+00:00,95,12.175,38.34,2.80,140.0,277.4
MHJ45,2026-02-06 19:45:00+00:00,70,11.425,35.47,,232.5,272.4
AL945,2026-02-06 19:45:00+00:00,85,12.100,38.08,2.78,142.5,270.1
MHJ45,2026-02-06 19:52:30+00:00,0,11.550,36.42,,367.5,
AL945,2026-02-06 19:52:30+00:00,60,11.525,37.81,2.95,217.5,253.1
MHJ45,2026-02-06 20:00:00+00:00,70,11.600,36.25,,230.0,281.1
AL945,2026-02-06 20:00:00+00:00,95,11.988,37.95,2.88,140.0,264.3
MHJ45,2026-02-06 20:07:30+00:00,90,11.575,36.31,,222.5,279.5
AL945,2026-02-06 20:07:30+00:00,95,12.238,38.26,2.88,140.0,275.0
MHJ45,2026-02-06 20:15:00+00:00,40,10.675,36.75,,227.5,240.7
AL945,2026-02-06 20:15:00+00:00,95,12.263,38.77,2.88,140.0,270.9
MHJ45,2026-02-06 20:22:30+00:00,50,11.550,36.61,,222.5,276.4
AL945,2026-02-06 20:22:30+00:00,85,11.132,38.85,2.85,140.0,239.0
MHJ45,2026-02-06 20:30:00+00:00,70,11.275,36.21,,222.5,265.9
AL945,2026-02-06 20:30:00+00:00,95,11.975,37.90,2.85,225.0,268.7
AL945,2026-02-06 20:37:30+00:00,80,11.988,38.25,2.83,215.0,267.3
MHJ45,2026-02-06 20:37:30+00:00,80,11.050,35.62,,220.0,263.1
MHJ45,2026-02-06 20:45:00+00:00,60,10.275,35.04,,220.0,247.4
AL945,2026-02-06 20:45:00+00:00,70,11.825,37.19,2.75,225.0,274.0
AL945,2026-02-06 20:52:30+00:00,95,11.750,36.89,2.72,225.0,269.6
MHJ45,2026-02-06 20:52:30+00:00,60,9.925,33.30,,215.0,243.0
MHJ45,2026-02-06 21:00:00+00:00,50,10.625,33.15,,215.0,276.1
AL945,2026-02-06 21:00:00+00:00,95,11.725,36.58,2.63,220.0,274.0
MHJ45,2026-02-06 21:07:30+00:00,60,10.575,33.26,,217.5,276.4
AL945,2026-02-06 21:07:30+00:00,95,11.763,37.17,2.63,217.5,268.7
MHJ45,2026-02-06 21:15:00+00:00,60,9.200,33.06,,220.0,233.6
AL945,2026-02-06 21:15:00+00:00,90,11.913,37.62,2.55,217.5,270.1
MHJ45,2026-02-06 21:22:30+00:00,60,10.500,33.51,,220.0,264.7
AL945,2026-02-06 21:22:30+00:00,90,11.875,37.56,2.42,217.5,266.5
MHJ45,2026-02-06 21:30:00+00:00,60,9.750,33.86,2.05,220.0,241.4
AL945,2026-02-06 21:30:00+00:00,95,11.938,38.32,2.40,220.0,266.8
AL945,2026-02-06 21:37:30+00:00,90,11.775,37.98,2.17,215.0,262.1
MHJ45,2026-02-06 21:37:30+00:00,60,9.875,33.31,2.05,217.5,250.2
MHJ45,2026-02-06 21:45:00+00:00,40,10.375,33.27,,215.0,267.4
AL945,2026-02-06 21:45:00+00:00,90,11.700,37.18,2.22,212.5,267.7
MHJ45,2026-02-06 21:52:30+00:00,40,9.050,32.99,,217.5,238.6
AL945,2026-02-06 21:52:30+00:00,90,11.525,37.70,2.13,210.0,257.6
AL945,2026-02-06 22:00:00+00:00,90,11.675,37.53,2.17,210.0,265.7
MHJ45,2026-02-06 22:00:00+00:00,60,10.175,33.85,,220.0,264.9
MHJ45,2026-02-06 22:07:30+00:00,60,10.250,33.98,,212.5,263.1
AL945,2026-02-06 22:07:30+00:00,95,11.613,37.59,2.10,147.5,267.0
MHJ45,2026-02-06 22:15:00+00:00,60,10.425,34.36,,210.0,268.9
AL945,2026-02-06 22:15:00+00:00,95,11.200,36.69,2.03,205.0,255.8
AL945,2026-02-06 22:22:30+00:00,95,11.175,36.16,,200.0,265.1
MHJ45,2026-02-06 22:22:30+00:00,60,7.725,30.52,,205.0,223.2
AL945,2026-02-06 22:30:00+00:00,95,10.775,35.69,,197.5,251.1
MHJ45,2026-02-06 22:30:00+00:00,0,9.925,31.83,,215.0,
MHJ45,2026-02-06 22:37:30+00:00,60,8.825,31.37,,197.5,244.2
AL945,2026-02-06 22:37:30+00:00,75,10.750,34.96,,200.0,263.6
AL945,2026-02-06 22:45:00+00:00,65,10.175,33.07,,197.5,254.5
MHJ45,2026-02-06 22:45:00+00:00,40,9.225,30.29,,197.5,268.0
AL945,2026-02-06 22:52:30+00:00,70,10.025,32.67,,192.5,265.8
MHJ45,2026-02-06 22:52:30+00:00,70,8.625,27.79,,205.0,277.0
AL945,2026-02-06 23:00:00+00:00,50,8.700,31.50,,200.0,235.0
MHJ45,2026-02-06 23:00:00+00:00,65,8.425,26.94,,197.5,272.7
AL945,2026-02-06 23:07:30+00:00,70,9.325,29.88,,197.5,267.5
MHJ45,2026-02-06 23:07:30+00:00,0,8.125,26.31,,195.0,
AL945,2026-02-06 23:15:00+00:00,40,8.350,29.04,,197.5,247.3
MHJ45,2026-02-06 23:15:00+00:00,60,7.200,25.96,,205.0,247.1
MHJ45,2026-02-06 23:22:30+00:00,60,7.975,25.93,,205.0,271.8
AL945,2026-02-06 23:22:30+00:00,80,8.775,29.23,,192.5,260.4
MHJ45,2026-02-06 23:30:00+00:00,70,7.875,25.40,,207.5,279.6
AL945,2026-02-06 23:30:00+00:00,60,8.000,29.09,,202.5,244.9
MHJ45,2026-02-06 23:37:30+00:00,60,7.175,25.72,,210.0,249.0
AL945,2026-02-06 23:37:30+00:00,70,8.475,29.49,,207.5,249.5
MHJ45,2026-02-06 23:45:00+00:00,50,6.475,24.40,,207.5,238.4
AL945,2026-02-06 23:45:00+00:00,40,8.250,28.43,,205.0,251.3
MHJ45,2026-02-06 23:52:30+00:00,0,7.025,23.63,,215.0,
AL945,2026-02-06 23:52:30+00:00,80,8.275,27.51,,220.0,265.6
AL945,2026-02-07 00:00:00+00:00,40,6.800,25.74,,205.0,235.7
MHJ45,2026-02-07 00:00:00+00:00,0,6.650,22.47,,225.0,
MHJ45,2026-02-07 00:07:30+00:00,0,6.600,20.79,,220.0,
AL945,2026-02-07 00:07:30+00:00,65,8.075,26.90,,210.0,261.2
MHJ45,2026-02-07 00:15:00+00:00,60,5.800,20.69,,227.5,252.3
AL945,2026-02-07 00:15:00+00:00,80,7.825,27.55,,210.0,251.1
MHJ45,2026-02-07 00:22:30+00:00,0,6.175,18.69,,222.5,
AL945,2026-02-07 00:22:30+00:00,90,7.400,26.01,,207.5,247.9
MHJ45,2026-02-07 00:30:00+00:00,70,5.925,19.51,,242.5,277.0
AL945,2026-02-07 00:30:00+00:00,0,7.275,24.10,,205.0,
AL945,2026-02-07 00:37:30+00:00,20,6.250,23.31,,197.5,235.5
MHJ45,2026-02-07 00:37:30+00:00,70,5.800,19.33,,235.0,275.0
AL945,2026-02-07 00:45:00+00:00,0,6.875,22.41,,202.5,
MHJ45,2026-02-07 00:45:00+00:00,0,5.600,18.43,,140.0,
MHJ45,2026-02-07 00:52:30+00:00,0,5.275,16.84,,135.0,
AL945,2026-02-07 00:52:30+00:00,90,6.575,22.59,,207.5,257.4
AL945,2026-02-07 01:00:00+00:00,0,6.450,20.86,,207.5,
MHJ45,2026-02-07 01:00:00+00:00,0,4.675,15.77,,142.5,
MHJ45,2026-02-07 01:07:30+00:00,0,4.700,14.14,,225.0,
AL945,2026-02-07 01:07:30+00:00,0,6.200,19.68,,212.5,
MHJ45,2026-02-07 01:15:00+00:00,0,4.575,14.55,,142.5,
AL945,2026-02-07 01:15:00+00:00,70,5.900,19.09,,212.5,269.0
AL945,2026-02-07 01:22:30+00:00,70,5.850,18.64,,232.5,277.1
MHJ45,2026-02-07 01:22:30+00:00,65,4.675,13.96,,265.0,317.7
MHJ45,2026-02-07 01:30:00+00:00,65,4.700,14.19,,265.0,307.4
AL945,2026-02-07 01:30:00+00:00,70,5.975,18.83,,237.5,287.7
AL945,2026-02-07 01:37:30+00:00,80,6.000,18.62,,230.0,292.8
MHJ45,2026-02-07 01:37:30+00:00,90,4.825,14.30,,262.5,320.9
AL945,2026-02-07 01:45:00+00:00,70,5.900,18.25,,237.5,297.1
MHJ45,2026-02-07 01:45:00+00:00,90,4.975,14.78,,265.0,326.1
AL945,2026-02-07 01:52:30+00:00,40,5.475,17.70,,245.0,290.4
MHJ45,2026-02-07 01:52:30+00:00,80,4.950,14.91,,262.5,314.7
AL945,2026-02-07 02:00:00+00:00,70,5.425,17.63,,252.5,291.3
MHJ45,2026-02-07 02:00:00+00:00,90,4.775,14.44,,257.5,312.5
MHJ45,2026-02-07 02:07:30+00:00,90,4.700,14.35,,257.5,310.9
AL945,2026-02-07 02:07:30+00:00,70,5.525,17.13,,245.0,298.7
AL945,2026-02-07 02:15:00+00:00,80,5.500,16.44,,242.5,295.7
MHJ45,2026-02-07 02:15:00+00:00,0,4.675,14.14,,135.0,
AL945,2026-02-07 02:22:30+00:00,70,5.150,16.35,,235.0,283.1
MHJ45,2026-02-07 02:22:30+00:00,55,4.675,13.75,,257.5,317.5
AL945,2026-02-07 02:30:00+00:00,70,4.850,15.10,,247.5,303.1
MHJ45,2026-02-07 02:30:00+00:00,70,4.375,13.52,,255.0,308.1
AL945,2026-02-07 02:37:30+00:00,80,4.700,14.49,,252.5,294.4
MHJ45,2026-02-07 02:37:30+00:00,45,4.200,12.80,,257.5,314.7
MHJ45,2026-02-07 02:45:00+00:00,45,4.175,12.63,,257.5,312.4
AL945,2026-02-07 02:45:00+00:00,70,4.175,13.77,,245.0,274.1
MHJ45,2026-02-07 02:52:30+00:00,55,4.050,12.15,,272.5,322.4
AL945,2026-02-07 02:52:30+00:00,40,3.975,12.89,,242.5,286.1
AL945,2026-02-07 03:00:00+00:00,0,3.625,11.12,,255.0,
MHJ45,2026-02-07 03:00:00+00:00,65,3.900,11.62,,270.0,321.8
AL945,2026-02-07 03:07:30+00:00,70,3.775,10.68,,275.0,335.7
MHJ45,2026-02-07 03:07:30+00:00,65,3.800,10.27,,287.5,360.4
AL945,2026-02-07 03:15:00+00:00,35,3.700,9.79,,480.9,380.5
MHJ45,2026-02-07 03:15:00+00:00,70,3.625,10.18,,300.0,340.5
MHJ45,2026-02-07 03:22:30+00:00,55,3.875,10.46,,320.0,367.2
AL945,2026-02-07 03:22:30+00:00,70,3.300,9.64,,295.0,333.1
MHJ45,2026-02-07 03:30:00+00:00,35,3.625,10.00,,322.5,353.6
AL945,2026-02-07 03:30:00+00:00,70,3.275,8.90,,312.5,368.4
AL945,2026-02-07 03:37:30+00:00,70,3.475,8.80,,352.5,388.8
MHJ45,2026-02-07 03:37:30+00:00,70,3.550,9.92,,330.0,351.6
MHJ45,2026-02-07 03:45:00+00:00,70,3.850,9.70,,345.0,391.0
AL945,2026-02-07 03:45:00+00:00,40,2.775,8.13,,365.0,332.6
MHJ45,2026-02-07 03:52:30+00:00,40,2.950,8.94,,350.0,328.0
AL945,2026-02-07 03:52:30+00:00,70,3.000,8.33,,350.0,355.7
MHJ45,2026-02-07 04:00:00+00:00,60,2.975,8.90,,347.5,332.3
AL945,2026-02-07 04:00:00+00:00,60,3.100,8.46,,357.5,366.1
MHJ45,2026-02-07 04:07:30+00:00,70,3.675,9.80,,342.5,373.3
AL945,2026-02-07 04:07:30+00:00,70,2.825,7.73,,355.0,357.3
MHJ45,2026-02-07 04:15:00+00:00,70,3.875,9.81,,342.5,388.6
AL945,2026-02-07 04:15:00+00:00,70,2.875,7.72,,365.0,365.8
MHJ45,2026-02-07 04:22:30+00:00,70,3.775,9.86,,345.0,386.3
AL945,2026-02-07 04:22:30+00:00,70,2.800,8.02,,357.5,340.6
MHJ45,2026-02-07 04:30:00+00:00,70,3.950,10.13,,340.0,392.3
AL945,2026-02-07 04:30:00+00:00,70,2.850,7.84,,362.5,361.2
MHJ45,2026-02-07 04:37:30+00:00,70,4.050,10.31,,335.0,399.5
AL945,2026-02-07 04:37:30+00:00,70,2.900,8.08,,347.5,351.1
AL945,2026-02-07 04:45:00+00:00,70,2.975,7.92,,340.0,372.7
MHJ45,2026-02-07 04:45:00+00:00,65,4.050,10.74,,337.5,371.4
MHJ45,2026-02-07 04:52:30+00:00,70,4.025,10.95,,327.5,358.9
AL945,2026-02-07 04:52:30+00:00,70,3.025,8.32,,330.0,352.0
AL945,2026-02-07 05:00:00+00:00,70,3.075,8.21,,347.5,367.0
MHJ45,2026-02-07 05:00:00+00:00,65,4.150,11.18,,330.0,372.2
AL945,2026-02-07 05:07:30+00:00,70,3.025,8.46,,342.5,347.1
MHJ45,2026-02-07 05:07:30+00:00,70,4.050,11.35,,325.0,353.1
MHJ45,2026-02-07 05:15:00+00:00,70,4.175,11.47,,327.5,366.6
AL945,2026-02-07 05:15:00+00:00,60,2.850,8.34,,357.5,333.6
AL945,2026-02-07 05:22:30+00:00,70,2.825,7.92,,340.0,342.7
MHJ45,2026-02-07 05:22:30+00:00,35,4.325,11.34,,322.5,379.6
MHJ45,2026-02-07 05:30:00+00:00,70,4.200,11.51,,322.5,359.0
AL945,2026-02-07 05:30:00+00:00,70,2.825,7.99,,337.5,341.1
AL945,2026-02-07 05:37:30+00:00,60,2.800,8.25,,337.5,321.2
MHJ45,2026-02-07 05:37:30+00:00,45,4.250,11.52,,320.0,366.6
AL945,2026-02-07 05:45:00+00:00,60,3.375,8.99,,320.0,368.5
MHJ45,2026-02-07 05:45:00+00:00,40,4.275,12.23,,312.5,345.4
AL945,2026-02-07 05:52:30+00:00,70,2.975,8.68,,305.0,325.8
MHJ45,2026-02-07 05:52:30+00:00,65,4.400,12.46,,300.0,353.9
AL945,2026-02-07 06:00:00+00:00,60,2.625,8.65,,300.0,285.6
MHJ45,2026-02-07 06:00:00+00:00,80,4.375,12.68,,285.0,345.3
AL945,2026-02-07 06:07:30+00:00,70,2.750,8.72,,312.5,303.5
MHJ45,2026-02-07 06:07:30+00:00,80,4.425,12.51,,270.0,334.0
MHJ45,2026-02-07 06:15:00+00:00,50,4.325,13.04,,267.5,310.3
AL945,2026-02-07 06:15:00+00:00,70,2.650,7.47,,332.5,339.1
AL945,2026-02-07 06:22:30+00:00,70,2.925,8.27,,332.5,349.8
MHJ45,2026-02-07 06:22:30+00:00,60,4.500,13.00,,265.0,334.5
AL945,2026-02-07 06:30:00+00:00,70,2.725,7.50,,337.5,352.0
MHJ45,2026-02-07 06:30:00+00:00,70,4.350,12.73,,270.0,338.3
AL945,2026-02-07 06:37:30+00:00,70,2.600,7.56,,345.0,332.2
MHJ45,2026-02-07 06:37:30+00:00,40,3.550,12.05,,272.5,282.4
MHJ45,2026-02-07 06:45:00+00:00,80,4.500,13.44,,270.0,322.8
AL945,2026-02-07 06:45:00+00:00,70,2.600,7.64,,372.5,333.4
AL945,2026-02-07 06:52:30+00:00,60,2.725,7.38,,362.5,360.2
MHJ45,2026-02-07 06:52:30+00:00,60,4.100,12.47,,262.5,326.3
MHJ45,2026-02-07 07:00:00+00:00,70,4.025,12.23,,262.5,307.6
AL945,2026-02-07 07:00:00+00:00,60,2.450,7.07,,380.0,334.7
AL945,2026-02-07 07:07:30+00:00,45,2.750,6.81,,392.5,405.0
MHJ45,2026-02-07 07:07:30+00:00,70,4.025,12.04,,262.5,310.4
AL945,2026-02-07 07:15:00+00:00,45,2.700,6.48,,506.9,413.4
MHJ45,2026-02-07 07:15:00+00:00,70,3.850,11.66,,272.5,311.6
AL945,2026-02-07 07:22:30+00:00,70,2.450,6.43,,427.5,369.1
MHJ45,2026-02-07 07:22:30+00:00,70,3.750,11.01,,287.5,322.1
AL945,2026-02-07 07:30:00+00:00,70,2.525,6.47,,440.0,380.0
MHJ45,2026-02-07 07:30:00+00:00,70,3.925,11.20,,292.5,337.0
AL945,2026-02-07 07:37:30+00:00,70,2.675,6.51,,435.0,407.1
MHJ45,2026-02-07 07:37:30+00:00,80,3.975,11.21,,292.5,344.4
MHJ45,2026-02-07 07:45:00+00:00,80,4.175,11.25,,282.5,366.6
AL945,2026-02-07 07:45:00+00:00,45,2.100,6.05,,419.4,315.3
MHJ45,2026-02-07 07:52:30+00:00,70,3.850,11.98,,272.5,306.6
AL945,2026-02-07 07:52:30+00:00,70,2.550,6.47,,472.5,395.2
MHJ45,2026-02-07 08:00:00+00:00,70,3.775,11.70,,265.0,306.2
AL945,2026-02-07 08:00:00+00:00,45,2.150,5.69,,457.1,374.1
MHJ45,2026-02-07 08:07:30+00:00,80,3.900,11.60,,257.5,309.9
MHJ45,2026-02-07 08:15:00+00:00,0,3.825,10.94,,270.0,
MHJ45,2026-02-07 08:22:30+00:00,0,3.850,10.70,,267.5,
AL945,2026-02-07 08:22:30+00:00,45,2.075,5.65,,463.1,333.1
AL945,2026-02-07 08:30:00+00:00,45,2.100,5.47,,487.3,367.0
MHJ45,2026-02-07 08:30:00+00:00,70,3.725,10.35,,277.5,346.5
AL945,2026-02-07 08:37:30+00:00,45,2.050,5.42,,494.6,331.7
MHJ45,2026-02-07 08:37:30+00:00,70,3.300,9.59,,287.5,321.8
AL945,2026-02-07 08:45:00+00:00,45,2.175,5.63,,465.2,377.6
MHJ45,2026-02-07 08:45:00+00:00,70,3.150,9.38,,292.5,320.2
MHJ45,2026-02-07 08:52:30+00:00,70,3.150,9.48,,292.5,313.6
MHJ45,2026-02-07 09:00:00+00:00,70,2.925,8.77,,297.5,325.1
AL945,2026-02-07 09:00:00+00:00,45,2.125,5.58,,471.5,375.2
AL945,2026-02-07 09:07:30+00:00,45,2.375,5.79,,567.1,398.1
MHJ45,2026-02-07 09:07:30+00:00,70,2.975,8.55,,300.0,340.8
AL945,2026-02-07 09:15:00+00:00,45,2.125,6.00,,419.6,329.1
MHJ45,2026-02-07 09:15:00+00:00,40,2.700,8.35,,300.0,303.5
MHJ45,2026-02-07 09:22:30+00:00,70,2.700,8.24,,305.0,309.3
AL945,2026-02-07 09:22:30+00:00,25,2.100,5.67,,460.0,340.1
MHJ45,2026-02-07 09:30:00+00:00,70,2.750,7.70,,312.5,353.3
AL945,2026-02-07 09:30:00+00:00,45,2.400,5.80,,465.8,405.0
MHJ45,2026-02-07 09:37:30+00:00,70,2.625,7.88,,320.0,314.9
AL945,2026-02-07 09:37:30+00:00,45,2.150,6.09,,430.0,319.4
MHJ45,2026-02-07 09:45:00+00:00,40,2.450,7.38,,320.0,313.5
AL945,2026-02-07 09:45:00+00:00,70,2.200,5.45,,547.5,363.1
MHJ45,2026-02-07 09:52:30+00:00,45,2.575,7.61,,357.5,330.5
AL945,2026-02-07 09:52:30+00:00,60,2.325,6.09,,445.0,372.7
AL945,2026-02-07 10:00:00+00:00,60,2.950,8.17,,447.5,386.9
MHJ45,2026-02-07 10:00:00+00:00,15,2.450,7.52,,347.5,310.7
AL945,2026-02-07 10:07:30+00:00,60,3.250,8.95,,407.5,382.3
MHJ45,2026-02-07 10:07:30+00:00,70,2.600,7.69,,330.0,321.1
MHJ45,2026-02-07 10:15:00+00:00,70,2.575,7.68,,332.5,318.0
AL945,2026-02-07 10:15:00+00:00,40,2.400,7.18,,365.0,311.4
MHJ45,2026-02-07 10:22:30+00:00,50,2.725,7.59,,320.0,341.6
AL945,2026-02-07 10:30:00+00:00,60,3.550,9.52,,446.8,365.4
MHJ45,2026-02-07 10:30:00+00:00,70,2.750,7.60,,317.5,370.4
AL945,2026-02-07 10:37:30+00:00,60,3.400,9.91,,310.0,331.6
MHJ45,2026-02-07 10:37:30+00:00,70,2.600,7.96,,315.0,303.1
AL945,2026-02-07 10:45:00+00:00,40,3.700,9.99,,307.5,354.9
MHJ45,2026-02-07 10:45:00+00:00,70,2.625,8.14,,322.5,299.0
MHJ45,2026-02-07 10:52:30+00:00,70,2.575,7.95,,320.0,295.1
AL945,2026-02-07 10:52:30+00:00,70,3.650,10.26,,295.0,337.3
MHJ45,2026-02-07 11:00:00+00:00,70,2.725,7.80,,360.0,344.7
AL945,2026-02-07 11:00:00+00:00,70,3.725,10.91,,290.0,326.5
MHJ45,2026-02-07 11:07:30+00:00,20,2.800,7.88,,302.5,327.8
AL945,2026-02-07 11:07:30+00:00,60,3.750,10.87,,280.0,323.4
AL945,2026-02-07 11:15:00+00:00,70,3.750,11.05,,272.5,314.2
MHJ45,2026-02-07 11:15:00+00:00,60,3.125,9.04,,320.0,321.9
AL945,2026-02-07 11:22:30+00:00,60,3.950,10.88,,442.3,353.5
MHJ45,2026-02-07 11:22:30+00:00,70,3.175,9.23,,312.5,309.8
AL945,2026-02-07 11:30:00+00:00,70,3.850,11.49,,260.0,314.1
MHJ45,2026-02-07 11:30:00+00:00,60,3.475,10.99,,285.0,278.9
AL945,2026-02-07 11:37:30+00:00,50,3.825,11.73,,255.0,300.5
MHJ45,2026-02-07 11:37:30+00:00,70,3.950,13.13,,247.5,259.9
MHJ45,2026-02-07 11:45:00+00:00,60,4.750,15.49,,232.5,266.7
AL945,2026-02-07 11:45:00+00:00,60,3.975,12.34,,257.5,294.6
AL945,2026-02-07 11:52:30+00:00,50,3.675,12.21,,257.5,273.5
MHJ45,2026-02-07 11:52:30+00:00,60,5.125,17.65,,225.0,243.9
MHJ45,2026-02-07 12:00:00+00:00,90,5.500,19.63,,217.5,239.3
AL945,2026-02-07 12:00:00+00:00,70,3.575,11.46,,252.5,279.2
MHJ45,2026-02-07 12:07:30+00:00,70,6.050,21.16,,215.0,237.9
AL945,2026-02-07 12:07:30+00:00,70,3.675,12.51,,245.0,264.5
AL945,2026-02-07 12:15:00+00:00,20,4.100,14.91,,237.5,254.1
MHJ45,2026-02-07 12:15:00+00:00,80,6.275,21.62,,210.0,237.0
AL945,2026-02-07 12:22:30+00:00,40,4.800,15.79,,225.0,260.3
MHJ45,2026-02-07 12:22:30+00:00,70,6.250,21.30,,207.5,238.1
MHJ45,2026-02-07 12:30:00+00:00,40,6.775,25.11,,215.0,222.0
AL945,2026-02-07 12:30:00+00:00,40,4.602,17.25,,242.5,228.7
AL945,2026-02-07 12:37:30+00:00,70,4.775,16.65,,212.5,243.2
MHJ45,2026-02-07 12:37:30+00:00,70,7.350,26.75,,215.0,227.1
AL945,2026-02-07 12:45:00+00:00,70,5.125,19.09,,212.5,224.7
MHJ45,2026-02-07 12:45:00+00:00,70,7.600,28.18,2.05,212.5,224.1
AL945,2026-02-07 12:52:30+00:00,40,4.650,19.26,,205.0,199.1
MHJ45,2026-02-07 12:52:30+00:00,40,7.375,27.34,2.10,202.5,217.9
MHJ45,2026-02-07 13:00:00+00:00,70,7.600,24.82,2.20,202.5,238.3
AL945,2026-02-07 13:00:00+00:00,70,5.575,19.28,,202.5,233.8
AL945,2026-02-07 13:07:30+00:00,70,5.950,20.76,,207.5,236.2
MHJ45,2026-02-07 13:07:30+00:00,40,6.950,26.58,2.35,207.5,210.9
AL945,2026-02-07 13:15:00+00:00,70,6.325,22.80,,210.0,225.6
MHJ45,2026-02-07 13:15:00+00:00,70,8.075,28.00,2.53,215.0,240.1
MHJ45,2026-02-07 13:22:30+00:00,40,8.588,30.05,2.53,277.5,220.9
AL945,2026-02-07 13:22:30+00:00,20,6.575,24.50,,212.5,222.7
MHJ45,2026-02-07 13:30:00+00:00,60,9.175,31.55,2.53,220.0,241.7
AL945,2026-02-07 13:30:00+00:00,60,7.350,27.40,,215.0,225.8
AL945,2026-02-07 13:37:30+00:00,90,7.575,28.20,2.03,210.0,222.7
MHJ45,2026-02-07 13:37:30+00:00,80,9.425,33.82,2.47,215.0,231.6
MHJ45,2026-02-07 13:45:00+00:00,70,9.550,33.92,2.60,217.5,229.5
AL945,2026-02-07 13:45:00+00:00,90,7.427,27.09,2.15,252.5,214.1
MHJ45,2026-02-07 13:52:30+00:00,70,9.675,33.70,,222.5,237.4
AL945,2026-02-07 13:52:30+00:00,90,7.913,28.56,2.22,230.0,230.9
MHJ45,2026-02-07 14:00:00+00:00,90,9.775,33.68,2.53,215.0,232.0
AL945,2026-02-07 14:00:00+00:00,40,7.725,28.75,2.33,207.5,211.5
MHJ45,2026-02-07 14:07:30+00:00,70,9.775,34.33,2.55,215.0,229.8
AL945,2026-02-07 14:07:30+00:00,70,7.675,27.70,2.38,202.5,221.4
MHJ45,2026-02-07 14:15:00+00:00,40,9.529,36.13,2.58,252.5,218.3
AL945,2026-02-07 14:15:00+00:00,20,7.625,29.74,2.45,212.5,209.7
MHJ45,2026-02-07 14:22:30+00:00,70,10.300,36.44,2.75,210.0,232.2
AL945,2026-02-07 14:22:30+00:00,90,8.400,31.42,2.53,215.0,218.1
MHJ45,2026-02-07 14:30:00+00:00,70,10.250,36.61,2.92,227.5,239.6
AL945,2026-02-07 14:30:00+00:00,95,8.350,31.15,2.63,207.5,210.2
AL945,2026-02-07 14:37:30+00:00,90,8.200,29.72,2.55,202.5,217.1
MHJ45,2026-02-07 14:37:30+00:00,0,10.300,36.36,2.97,292.5,
AL945,2026-02-07 14:45:00+00:00,90,8.275,28.27,2.60,202.5,243.0
MHJ45,2026-02-07 14:45:00+00:00,70,10.200,35.89,,222.5,237.1
MHJ45,2026-02-07 14:52:30+00:00,0,9.975,34.75,2.97,300.0,
AL945,2026-02-07 14:52:30+00:00,85,8.375,31.05,2.75,202.5,220.5
MHJ45,2026-02-07 15:00:00+00:00,60,9.888,34.10,2.80,300.0,220.9
AL945,2026-02-07 15:00:00+00:00,90,9.475,32.19,2.78,195.0,240.8
AL945,2026-02-07 15:07:30+00:00,90,9.900,33.50,2.78,197.5,238.6
MHJ45,2026-02-07 15:07:30+00:00,90,9.925,34.05,,220.0,234.8
AL945,2026-02-07 15:15:00+00:00,60,10.238,35.13,2.83,225.0,236.6
MHJ45,2026-02-07 15:15:00+00:00,20,9.800,32.70,,222.5,236.4
MHJ45,2026-02-07 15:22:30+00:00,40,8.325,32.31,,217.5,208.8
AL945,2026-02-07 15:22:30+00:00,80,9.875,34.59,2.88,205.0,227.3
MHJ45,2026-02-07 15:30:00+00:00,40,8.825,33.10,,212.5,217.2
AL945,2026-02-07 15:30:00+00:00,40,9.713,35.11,2.75,217.5,226.8
MHJ45,2026-02-07 15:37:30+00:00,20,9.250,35.16,,207.5,219.4
AL945,2026-02-07 15:37:30+00:00,65,9.875,35.40,2.92,205.0,226.3
AL945,2026-02-07 15:45:00+00:00,75,10.475,36.25,2.88,200.0,236.6
MHJ45,2026-02-07 15:45:00+00:00,70,10.275,34.62,2.72,212.5,245.0
MHJ45,2026-02-07 15:52:30+00:00,70,10.500,35.59,,212.5,249.6
AL945,2026-02-07 15:52:30+00:00,80,10.488,35.05,2.85,225.0,240.4
AL945,2026-02-07 16:00:00+00:00,0,10.675,35.46,3.00,332.5,
MHJ45,2026-02-07 16:00:00+00:00,90,10.400,35.68,,220.0,234.2
AL945,2026-02-07 16:07:30+00:00,90,10.825,37.12,2.85,202.5,240.1
MHJ45,2026-02-07 16:07:30+00:00,70,10.425,36.28,2.80,215.0,228.8
MHJ45,2026-02-07 16:15:00+00:00,40,10.275,33.46,2.90,344.8,220.2
AL945,2026-02-07 16:15:00+00:00,90,10.938,37.23,2.90,237.5,251.2
AL945,2026-02-07 16:22:30+00:00,80,11.013,37.40,3.05,232.5,237.0
MHJ45,2026-02-07 16:22:30+00:00,70,9.950,32.67,2.67,222.5,244.4
MHJ45,2026-02-07 16:30:00+00:00,50,10.200,33.24,3.08,212.5,253.2
AL945,2026-02-07 16:30:00+00:00,70,10.738,36.23,3.13,217.5,237.6
MHJ45,2026-02-07 16:37:30+00:00,70,10.225,33.79,3.08,210.0,251.1
AL945,2026-02-07 16:37:30+00:00,70,10.163,36.93,2.88,221.0,228.7
AL945,2026-02-07 16:45:00+00:00,90,11.375,38.58,3.13,190.0,246.8
MHJ45,2026-02-07 16:45:00+00:00,70,10.350,34.22,3.13,242.5,243.0
MHJ45,2026-02-07 16:52:30+00:00,70,10.400,33.19,3.13,235.0,245.3
AL945,2026-02-07 16:52:30+00:00,90,11.250,37.85,3.10,197.5,246.7
AL945,2026-02-07 17:00:00+00:00,90,11.313,37.16,3.17,232.5,255.9
MHJ45,2026-02-07 17:00:00+00:00,70,10.325,34.41,3.08,222.5,245.7
AL945,2026-02-07 17:07:30+00:00,80,11.438,37.20,3.10,217.5,249.3
MHJ45,2026-02-07 17:07:30+00:00,70,10.575,34.64,3.05,242.5,245.8
MHJ45,2026-02-07 17:15:00+00:00,90,10.350,34.51,3.05,245.0,243.2
AL945,2026-02-07 17:15:00+00:00,90,11.463,37.34,3.17,217.5,258.4
AL945,2026-02-07 17:22:30+00:00,90,11.475,37.71,3.10,220.0,251.8
MHJ45,2026-02-07 17:22:30+00:00,50,10.275,33.16,3.03,235.0,243.1
AL945,2026-02-07 17:30:00+00:00,90,11.600,37.96,3.17,212.5,258.4
MHJ45,2026-02-07 17:30:00+00:00,40,9.350,33.08,,222.5,226.8
MHJ45,2026-02-07 17:37:30+00:00,90,10.325,33.04,3.10,257.5,251.3
AL945,2026-02-07 17:37:30+00:00,80,11.550,37.53,3.13,210.0,256.1
AL945,2026-02-07 17:45:00+00:00,90,11.675,37.96,3.17,210.0,259.0
MHJ45,2026-02-07 17:45:00+00:00,80,10.350,32.57,3.03,245.0,253.0
AL945,2026-02-07 17:52:30+00:00,90,11.525,37.69,3.17,215.0,256.8
MHJ45,2026-02-07 17:52:30+00:00,70,10.650,33.35,3.08,242.5,261.2
AL945,2026-02-07 18:00:00+00:00,70,11.538,37.22,3.17,205.0,261.7
MHJ45,2026-02-07 18:00:00+00:00,65,10.850,33.80,2.88,215.0,275.2
MHJ45,2026-02-07 18:07:30+00:00,50,10.750,34.90,2.90,252.5,261.6
AL945,2026-02-07 18:07:30+00:00,90,11.350,36.35,2.88,195.0,258.1
MHJ45,2026-02-07 18:15:00+00:00,70,10.750,33.89,2.97,220.0,263.1
AL945,2026-02-07 18:15:00+00:00,90,11.313,36.08,3.20,225.0,261.7
AL945,2026-02-07 18:22:30+00:00,90,11.388,35.49,2.90,212.5,270.5
MHJ45,2026-02-07 18:22:30+00:00,75,10.950,34.19,2.83,210.0,286.1
MHJ45,2026-02-07 18:30:00+00:00,70,10.825,33.83,,230.0,273.5
AL945,2026-02-07 18:30:00+00:00,90,11.388,35.81,3.20,220.0,266.6
MHJ45,2026-02-07 18:37:30+00:00,70,10.850,33.43,3.10,222.5,275.8
AL945,2026-02-07 18:37:30+00:00,90,11.388,35.95,2.85,222.5,267.8
MHJ45,2026-02-07 18:45:00+00:00,70,11.075,33.92,3.05,215.0,284.8
AL945,2026-02-07 18:45:00+00:00,90,11.275,35.49,3.13,200.0,265.0
MHJ45,2026-02-07 18:52:30+00:00,70,11.100,34.47,3.10,210.0,271.8
AL945,2026-02-07 18:52:30+00:00,90,11.425,34.92,2.85,207.5,275.4
AL945,2026-02-07 19:00:00+00:00,65,11.750,36.15,3.15,205.0,274.6
MHJ45,2026-02-07 19:00:00+00:00,70,11.275,34.71,3.08,230.0,280.8
MHJ45,2026-02-07 19:07:30+00:00,0,11.225,35.05,3.05,370.0,
AL945,2026-02-07 19:07:30+00:00,90,11.913,37.57,3.13,220.0,271.5
AL945,2026-02-07 19:15:00+00:00,90,11.800,37.39,2.88,210.0,267.9
MHJ45,2026-02-07 19:15:00+00:00,70,11.350,35.09,3.00,232.5,279.4
AL945,2026-02-07 19:22:30+00:00,90,11.813,37.06,3.10,225.0,266.9
MHJ45,2026-02-07 19:22:30+00:00,70,11.325,35.40,3.00,225.0,269.7
AL945,2026-02-07 19:30:00+00:00,90,11.950,37.57,3.08,207.5,270.0
MHJ45,2026-02-07 19:30:00+00:00,50,11.325,35.35,2.97,237.5,265.9
AL945,2026-02-07 19:37:30+00:00,95,11.975,37.43,3.05,215.0,273.5
MHJ45,2026-02-07 19:37:30+00:00,65,11.325,35.47,,217.5,268.0
MHJ45,2026-02-07 19:45:00+00:00,80,11.475,35.78,2.90,235.0,264.4
AL945,2026-02-07 19:45:00+00:00,95,12.100,37.62,2.85,210.0,274.8
AL945,2026-02-07 19:52:30+00:00,95,12.275,37.93,2.78,147.5,279.7
MHJ45,2026-02-07 19:52:30+00:00,70,11.475,35.95,2.85,217.5,269.1
MHJ45,2026-02-07 20:00:00+00:00,90,11.575,36.70,2.78,220.0,267.2
AL945,2026-02-07 20:00:00+00:00,95,12.350,39.20,2.78,217.5,269.6
MHJ45,2026-02-07 20:07:30+00:00,70,11.625,37.35,2.53,235.0,275.1
AL945,2026-02-07 20:07:30+00:00,90,12.350,39.55,2.95,222.5,263.0
AL945,2026-02-07 20:15:00+00:00,90,12.375,39.37,2.92,220.0,269.0
MHJ45,2026-02-07 20:15:00+00:00,70,11.575,37.53,2.67,227.5,255.5
AL945,2026-02-07 20:22:30+00:00,95,12.375,39.29,2.80,220.0,268.7
MHJ45,2026-02-07 20:22:30+00:00,50,11.838,38.26,,280.0,236.4
MHJ45,2026-02-07 20:30:00+00:00,90,11.750,38.33,,222.5,257.1
AL945,2026-02-07 20:30:00+00:00,95,12.425,39.72,2.63,222.5,264.7
AL945,2026-02-07 20:37:30+00:00,90,12.575,40.65,2.55,215.0,263.0
MHJ45,2026-02-07 20:37:30+00:00,90,11.875,39.02,2.53,227.5,256.3
AL945,2026-02-07 20:45:00+00:00,95,12.575,41.34,2.35,217.5,258.8
MHJ45,2026-02-07 20:45:00+00:00,70,11.825,39.47,2.53,225.0,252.3
AL945,2026-02-07 20:52:30+00:00,95,12.375,40.69,2.30,225.0,257.4
MHJ45,2026-02-07 20:52:30+00:00,70,11.750,38.67,2.42,217.5,264.3
MHJ45,2026-02-07 21:00:00+00:00,70,11.525,38.03,2.42,212.5,257.3
AL945,2026-02-07 21:00:00+00:00,40,11.825,40.57,2.63,220.0,242.7
AL945,2026-02-07 21:07:30+00:00,80,12.125,39.21,2.45,212.5,256.6
MHJ45,2026-02-07 21:07:30+00:00,60,10.425,37.84,2.30,212.5,228.5
AL945,2026-02-07 21:15:00+00:00,70,12.075,40.00,2.47,210.0,258.2
MHJ45,2026-02-07 21:15:00+00:00,80,11.250,38.40,2.13,210.0,244.9
MHJ45,2026-02-07 21:22:30+00:00,90,11.100,36.97,2.20,207.5,250.7
AL945,2026-02-07 21:22:30+00:00,90,11.825,39.82,2.47,212.5,250.1
AL945,2026-02-07 21:30:00+00:00,90,11.625,38.67,2.40,212.5,254.4
MHJ45,2026-02-07 21:30:00+00:00,60,10.375,37.31,2.03,202.5,229.8
AL945,2026-02-07 21:37:30+00:00,0,11.500,38.31,2.42,207.5,
MHJ45,2026-02-07 21:37:30+00:00,70,10.500,35.29,,202.5,256.7
AL945,2026-02-07 21:45:00+00:00,75,11.213,37.94,2.42,205.0,247.9
MHJ45,2026-02-07 21:45:00+00:00,70,10.150,34.43,,200.0,250.5
AL945,2026-02-07 21:52:30+00:00,70,10.950,36.41,2.25,205.0,256.0
MHJ45,2026-02-07 21:52:30+00:00,90,9.875,32.97,,197.5,257.0
MHJ45,2026-02-07 22:00:00+00:00,60,8.125,30.92,,197.5,220.6
AL945,2026-02-07 22:00:00+00:00,95,10.738,36.09,2.17,141.7,246.4
MHJ45,2026-02-07 22:07:30+00:00,70,8.225,30.76,,197.5,227.9
AL945,2026-02-07 22:07:30+00:00,85,10.363,35.50,2.25,202.5,238.7
AL945,2026-02-07 22:15:00+00:00,95,10.400,35.22,2.05,205.0,250.2
MHJ45,2026-02-07 22:15:00+00:00,40,8.250,30.46,,197.5,233.1
MHJ45,2026-02-07 22:22:30+00:00,70,8.700,29.04,,197.5,264.9
AL945,2026-02-07 22:22:30+00:00,75,9.988,34.22,2.03,205.0,243.2
AL945,2026-02-07 22:30:00+00:00,60,9.950,33.17,,200.0,251.7
MHJ45,2026-02-07 22:30:00+00:00,60,8.425,28.47,,202.5,264.1
AL945,2026-02-07 22:37:30+00:00,95,9.625,32.79,,202.5,246.2
MHJ45,2026-02-07 22:37:30+00:00,70,8.250,27.46,,205.0,264.7
MHJ45,2026-02-07 22:45:00+00:00,70,8.025,26.98,,207.5,263.5
AL945,2026-02-07 22:45:00+00:00,75,9.275,31.41,,197.5,243.4
MHJ45,2026-02-07 22:52:30+00:00,50,7.725,26.44,,205.0,259.4
AL945,2026-02-07 22:52:30+00:00,60,9.150,30.00,,195.0,250.2
MHJ45,2026-02-07 23:00:00+00:00,60,7.625,25.60,,212.5,264.2
AL945,2026-02-07 23:00:00+00:00,80,8.713,29.24,,217.5,249.4
MHJ45,2026-02-07 23:07:30+00:00,70,7.625,25.93,,220.0,258.0
AL945,2026-02-07 23:07:30+00:00,60,7.800,28.05,,197.5,237.2
MHJ45,2026-02-07 23:15:00+00:00,0,13.200,32.19,,212.5,
AL945,2026-02-07 23:15:00+00:00,50,7.750,27.60,,200.0,243.1
MHJ45,2026-02-07 23:22:30+00:00,70,6.850,23.94,,220.0,250.6
AL945,2026-02-07 23:22:30+00:00,60,7.700,25.28,,207.5,259.2
MHJ45,2026-02-07 23:30:00+00:00,70,6.525,22.03,,212.5,255.7
AL945,2026-02-07 23:30:00+00:00,45,7.475,25.38,,212.5,261.9
AL945,2026-02-07 23:37:30+00:00,60,7.000,25.14,,217.5,252.6
MHJ45,2026-02-07 23:37:30+00:00,50,6.225,20.25,,217.5,275.2
AL945,2026-02-07 23:45:00+00:00,20,7.325,24.74,,245.0,265.3
MHJ45,2026-02-07 23:45:00+00:00,50,5.925,20.94,,220.0,248.5
AL945,2026-02-07 23:52:30+00:00,40,7.150,25.57,,237.5,254.7
MHJ45,2026-02-07 23:52:30+00:00,40,5.300,19.63,,215.0,236.0
AL945,2026-02-08 00:00:00+00:00,70,7.650,26.01,,225.0,266.4
MHJ45,2026-02-08 00:00:00+00:00,50,5.775,19.43,,215.0,264.9
AL945,2026-02-08 00:07:30+00:00,70,7.525,24.75,,217.5,267.6
MHJ45,2026-02-08 00:07:30+00:00,60,5.450,18.05,,212.5,264.1
MHJ45,2026-02-08 00:15:00+00:00,0,4.900,16.41,,212.5,
AL945,2026-02-08 00:15:00+00:00,70,7.400,24.57,,217.5,268.0
MHJ45,2026-02-08 00:22:30+00:00,45,4.525,15.64,,227.5,259.3
AL945,2026-02-08 00:22:30+00:00,70,7.125,24.37,,215.0,255.1
MHJ45,2026-02-08 00:30:00+00:00,0,4.875,14.22,,235.0,
AL945,2026-02-08 00:30:00+00:00,60,7.000,22.85,,220.0,275.6
MHJ45,2026-02-08 00:37:30+00:00,45,3.650,13.42,,240.0,252.6
AL945,2026-02-08 00:37:30+00:00,70,6.750,21.69,,220.0,278.7
MHJ45,2026-02-08 00:45:00+00:00,15,4.200,13.94,,247.5,278.2
AL945,2026-02-08 00:45:00+00:00,90,6.500,21.30,,217.5,274.1
AL945,2026-02-08 00:52:30+00:00,0,6.550,20.92,,205.0,
MHJ45,2026-02-08 00:52:30+00:00,60,4.075,13.99,,245.0,270.5
AL945,2026-02-08 01:00:00+00:00,0,6.450,20.98,,232.5,
MHJ45,2026-02-08 01:00:00+00:00,35,4.050,13.69,,245.0,273.0
AL945,2026-02-08 01:07:30+00:00,0,6.375,20.79,,232.5,
MHJ45,2026-02-08 01:07:30+00:00,50,4.375,13.32,,255.0,307.0
MHJ45,2026-02-08 01:15:00+00:00,15,4.200,14.06,,257.5,282.6
AL945,2026-02-08 01:15:00+00:00,60,6.075,21.91,,235.0,252.5
AL945,2026-02-08 01:22:30+00:00,0,5.725,19.69,,217.5,
MHJ45,2026-02-08 01:22:30+00:00,45,3.850,13.30,,255.0,271.8
AL945,2026-02-08 01:30:00+00:00,70,5.425,18.02,,207.5,263.3
MHJ45,2026-02-08 01:30:00+00:00,35,4.275,13.35,,250.0,290.4
AL945,2026-02-08 01:37:30+00:00,0,5.125,16.89,,222.5,
MHJ45,2026-02-08 01:37:30+00:00,50,3.650,12.07,,255.0,276.6
AL945,2026-02-08 01:45:00+00:00,70,4.675,15.51,,210.0,255.0
MHJ45,2026-02-08 01:45:00+00:00,0,11.600,30.66,,130.0,
MHJ45,2026-02-08 01:52:30+00:00,0,11.600,30.66,,127.5,
AL945,2026-02-08 01:52:30+00:00,0,4.400,13.84,,215.0,
AL945,2026-02-08 02:00:00+00:00,0,4.150,12.49,,230.0,
MHJ45,2026-02-08 02:00:00+00:00,45,3.350,11.15,,315.0,284.4
MHJ45,2026-02-08 02:07:30+00:00,15,3.500,10.77,,285.0,308.9
AL945,2026-02-08 02:07:30+00:00,50,4.225,13.20,,250.0,295.7
MHJ45,2026-02-08 02:15:00+00:00,45,3.550,10.54,,333.8,321.7
AL945,2026-02-08 02:15:00+00:00,0,4.125,12.38,,257.5,
MHJ45,2026-02-08 02:22:30+00:00,0,3.275,13.52,,142.5,
AL945,2026-02-08 02:22:30+00:00,15,4.400,13.42,,280.0,315.3
AL945,2026-02-08 02:30:00+00:00,65,4.575,13.36,,270.0,328.3
AL945,2026-02-08 02:37:30+00:00,70,4.550,13.19,,345.0,340.1
AL945,2026-02-08 02:45:00+00:00,80,4.550,13.35,,270.0,329.9
MHJ45,2026-02-08 02:45:00+00:00,15,3.500,9.91,,375.0,349.6
MHJ45,2026-02-08 02:52:30+00:00,55,3.775,10.27,,347.5,363.3
AL945,2026-02-08 02:52:30+00:00,70,4.625,13.54,,270.0,332.9
AL945,2026-02-08 03:00:00+00:00,70,4.550,13.38,,272.5,329.2
MHJ45,2026-02-08 03:00:00+00:00,0,3.375,10.07,,140.0,
AL945,2026-02-08 03:07:30+00:00,70,4.550,13.29,,272.5,326.5
MHJ45,2026-02-08 03:07:30+00:00,15,3.225,10.02,,325.0,315.7
AL945,2026-02-08 03:15:00+00:00,70,4.350,13.33,,277.5,315.6
MHJ45,2026-02-08 03:15:00+00:00,55,3.575,10.15,,340.0,340.0
AL945,2026-02-08 03:22:30+00:00,70,4.425,12.70,,277.5,333.3
MHJ45,2026-02-08 03:22:30+00:00,45,3.475,10.22,,350.0,325.9
MHJ45,2026-02-08 03:30:00+00:00,25,3.825,10.63,,457.5,340.9
AL945,2026-02-08 03:30:00+00:00,70,4.350,12.96,,277.5,318.7
AL945,2026-02-08 03:37:30+00:00,70,4.075,12.28,,280.0,317.6
MHJ45,2026-02-08 03:37:30+00:00,0,4.175,14.57,,110.0,
MHJ45,2026-02-08 03:45:00+00:00,0,4.150,15.59,,97.5,
AL945,2026-02-08 03:45:00+00:00,70,4.150,12.78,,282.5,312.9
AL945,2026-02-08 03:52:30+00:00,70,4.075,11.53,,285.0,344.9
MHJ45,2026-02-08 04:00:00+00:00,0,3.800,14.99,,105.0,
AL945,2026-02-08 04:00:00+00:00,60,4.150,11.61,,295.0,347.4
AL945,2026-02-08 04:07:30+00:00,60,3.950,11.90,,290.0,318.4
MHJ45,2026-02-08 04:07:30+00:00,45,3.375,9.36,,327.5,353.3
MHJ45,2026-02-08 04:15:00+00:00,15,3.400,9.37,,335.0,359.0
AL945,2026-02-08 04:15:00+00:00,70,4.100,12.75,,287.5,316.9
AL945,2026-02-08 04:22:30+00:00,70,3.975,11.94,,290.0,318.6
MHJ45,2026-02-08 04:22:30+00:00,40,3.375,9.45,,400.0,348.5
MHJ45,2026-02-08 04:30:00+00:00,35,3.550,9.70,,340.0,365.9
AL945,2026-02-08 04:30:00+00:00,70,4.100,11.59,,285.0,334.5
MHJ45,2026-02-08 04:37:30+00:00,70,3.400,9.50,,315.0,351.3
AL945,2026-02-08 04:37:30+00:00,70,3.875,11.62,,285.0,319.8
MHJ45,2026-02-08 04:45:00+00:00,80,3.500,9.53,,312.5,374.2
AL945,2026-02-08 04:45:00+00:00,70,3.650,11.23,,287.5,313.9
MHJ45,2026-02-08 04:52:30+00:00,70,3.425,9.53,,312.5,355.8
AL945,2026-02-08 04:52:30+00:00,40,2.800,9.76,,285.0,274.2
MHJ45,2026-02-08 05:00:00+00:00,70,3.350,9.61,,307.5,339.1
AL945,2026-02-08 05:00:00+00:00,40,3.725,12.05,,282.5,300.7
AL945,2026-02-08 05:07:30+00:00,70,3.575,10.50,,280.0,329.1
MHJ45,2026-02-08 05:07:30+00:00,70,3.350,9.29,,307.5,359.5
AL945,2026-02-08 05:15:00+00:00,70,3.550,10.49,,287.5,316.4
MHJ45,2026-02-08 05:15:00+00:00,50,3.325,9.24,,307.5,347.2
AL945,2026-02-08 05:22:30+00:00,60,3.575,10.50,,292.5,321.0
MHJ45,2026-02-08 05:22:30+00:00,60,3.250,9.32,,312.5,336.8
MHJ45,2026-02-08 05:30:00+00:00,70,3.400,9.59,,310.0,342.2
AL945,2026-02-08 05:30:00+00:00,70,3.425,10.38,,295.0,319.9
MHJ45,2026-02-08 05:37:30+00:00,70,3.325,9.14,,310.0,363.7
AL945,2026-02-08 05:37:30+00:00,70,3.425,10.18,,295.0,327.9
MHJ45,2026-02-08 05:45:00+00:00,70,3.250,9.12,,307.5,351.3
AL945,2026-02-08 05:45:00+00:00,70,3.425,9.79,,297.5,340.9
MHJ45,2026-02-08 05:52:30+00:00,80,3.375,9.51,,305.0,341.2
AL945,2026-02-08 05:52:30+00:00,70,3.450,9.81,,297.5,336.5
AL945,2026-02-08 06:00:00+00:00,70,3.375,9.79,,300.0,331.8
MHJ45,2026-02-08 06:00:00+00:00,60,3.150,9.18,,340.0,338.3
AL945,2026-02-08 06:07:30+00:00,70,3.350,9.57,,305.0,331.8
MHJ45,2026-02-08 06:07:30+00:00,70,3.050,8.68,,312.5,354.9
MHJ45,2026-02-08 06:15:00+00:00,70,3.175,8.60,,317.5,371.1
AL945,2026-02-08 06:15:00+00:00,70,3.325,9.48,,305.0,342.2
AL945,2026-02-08 06:22:30+00:00,70,3.275,9.57,,302.5,325.5
MHJ45,2026-02-08 06:22:30+00:00,70,3.125,8.39,,330.0,370.9
AL945,2026-02-08 06:30:00+00:00,70,3.325,9.40,,302.5,353.0
MHJ45,2026-02-08 06:30:00+00:00,70,3.075,8.87,,327.5,338.0
MHJ45,2026-02-08 06:37:30+00:00,90,3.050,8.59,,325.0,350.4
AL945,2026-02-08 06:37:30+00:00,70,3.300,9.30,,300.0,344.0
MHJ45,2026-02-08 06:45:00+00:00,70,3.050,8.34,,317.5,372.5
AL945,2026-02-08 06:45:00+00:00,70,3.400,9.48,,300.0,352.7
MHJ45,2026-02-08 06:52:30+00:00,70,2.775,8.48,,330.0,314.1
AL945,2026-02-08 06:52:30+00:00,70,3.275,9.26,,300.0,345.3
MHJ45,2026-02-08 07:00:00+00:00,70,2.950,8.45,,320.0,355.1
AL945,2026-02-08 07:00:00+00:00,70,3.300,9.31,,302.5,349.7
AL945,2026-02-08 07:07:30+00:00,70,3.325,9.56,,300.0,340.8
MHJ45,2026-02-08 07:07:30+00:00,70,2.975,8.69,,325.0,330.9
MHJ45,2026-02-08 07:15:00+00:00,70,2.900,8.52,,320.0,324.0
AL945,2026-02-08 07:15:00+00:00,70,3.325,9.71,,308.3,334.8
AL945,2026-02-08 07:22:30+00:00,70,3.300,10.57,,280.0,296.6
MHJ45,2026-02-08 07:22:30+00:00,70,3.025,8.51,,310.0,364.0
MHJ45,2026-02-08 07:30:00+00:00,70,2.975,8.52,,310.0,334.8
AL945,2026-02-08 07:30:00+00:00,60,3.250,10.92,,282.5,286.7
MHJ45,2026-02-08 07:37:30+00:00,70,3.175,9.02,,305.0,334.6
AL945,2026-02-08 07:37:30+00:00,70,3.175,10.71,,282.5,282.7
MHJ45,2026-02-08 07:45:00+00:00,70,3.100,8.85,,300.0,330.0
AL945,2026-02-08 07:45:00+00:00,70,3.375,10.27,,280.0,314.0
AL945,2026-02-08 07:52:30+00:00,70,3.675,11.26,,280.0,312.0
MHJ45,2026-02-08 07:52:30+00:00,70,3.250,8.81,,302.5,356.8
MHJ45,2026-02-08 08:00:00+00:00,70,3.300,8.81,,302.5,356.5
AL945,2026-02-08 08:00:00+00:00,60,3.750,11.10,,285.0,329.4
MHJ45,2026-02-08 08:07:30+00:00,70,3.100,9.05,,305.0,323.0
AL945,2026-02-08 08:07:30+00:00,70,3.700,11.16,,287.5,317.7
MHJ45,2026-02-08 08:15:00+00:00,70,3.125,8.97,,297.5,335.2
AL945,2026-02-08 08:15:00+00:00,20,3.275,10.77,,280.0,292.6
AL945,2026-02-08 08:22:30+00:00,70,3.550,11.08,,277.5,308.8
MHJ45,2026-02-08 08:22:30+00:00,70,3.025,9.17,,300.0,313.3
MHJ45,2026-02-08 08:30:00+00:00,70,3.025,8.87,,302.5,325.6
AL945,2026-02-08 08:30:00+00:00,70,3.700,11.58,,285.0,308.5
AL945,2026-02-08 08:37:30+00:00,70,3.325,10.02,,282.5,313.6
MHJ45,2026-02-08 08:37:30+00:00,70,2.925,8.72,,305.0,317.3
MHJ45,2026-02-08 08:45:00+00:00,40,3.325,9.43,,305.0,346.7
AL945,2026-02-08 08:45:00+00:00,60,3.550,10.07,,307.5,339.9
AL945,2026-02-08 08:52:30+00:00,70,3.450,10.71,,285.0,310.9
MHJ45,2026-02-08 08:52:30+00:00,70,3.900,10.95,,312.5,370.6
MHJ45,2026-02-08 09:00:00+00:00,70,3.050,8.95,,302.5,323.4
AL945,2026-02-08 09:00:00+00:00,70,3.650,11.01,,287.5,316.8
AL945,2026-02-08 09:07:30+00:00,40,3.050,10.14,,297.5,288.2
MHJ45,2026-02-08 09:07:30+00:00,20,3.100,9.09,,292.5,324.0
MHJ45,2026-02-08 09:15:00+00:00,70,4.125,11.29,,282.5,366.0
AL945,2026-02-08 09:15:00+00:00,40,2.750,9.49,,292.5,275.5
AL945,2026-02-08 09:22:30+00:00,70,3.225,9.89,,287.5,309.2
MHJ45,2026-02-08 09:22:30+00:00,40,3.250,9.62,,285.0,315.1
MHJ45,2026-02-08 09:30:00+00:00,40,3.125,9.40,,277.5,309.6
AL945,2026-02-08 09:30:00+00:00,70,3.625,10.68,,300.0,324.0
MHJ45,2026-02-08 09:37:30+00:00,40,3.175,10.19,,272.5,293.8
AL945,2026-02-08 09:37:30+00:00,70,3.450,10.65,,302.5,307.4
MHJ45,2026-02-08 09:45:00+00:00,40,3.150,9.58,,275.0,304.4
AL945,2026-02-08 09:45:00+00:00,70,3.500,11.35,,282.5,299.1
MHJ45,2026-02-08 09:52:30+00:00,70,3.925,11.54,,267.5,328.7
AL945,2026-02-08 09:52:30+00:00,60,3.400,10.18,,280.0,318.7
AL945,2026-02-08 10:00:00+00:00,40,3.675,11.49,,282.5,303.1
MHJ45,2026-02-08 10:00:00+00:00,70,3.225,11.28,,275.0,268.8
AL945,2026-02-08 10:07:30+00:00,70,3.400,10.94,,265.0,292.3
MHJ45,2026-02-08 10:07:30+00:00,0,3.750,11.84,,245.0,
MHJ45,2026-02-08 10:15:00+00:00,40,3.325,11.42,,242.5,266.9
AL945,2026-02-08 10:15:00+00:00,60,3.600,12.02,,265.0,282.2
AL945,2026-02-08 10:22:30+00:00,70,4.100,13.04,,262.5,292.6
MHJ45,2026-02-08 10:22:30+00:00,40,2.950,10.52,,232.5,251.1
AL945,2026-02-08 10:30:00+00:00,70,3.625,11.94,,247.5,279.7
MHJ45,2026-02-08 10:30:00+00:00,0,3.125,9.83,,227.5,
AL945,2026-02-08 10:37:30+00:00,70,3.575,12.32,,252.5,269.8
MHJ45,2026-02-08 10:37:30+00:00,70,3.100,10.77,,222.5,253.4
AL945,2026-02-08 10:45:00+00:00,70,3.450,11.53,,240.0,269.2
MHJ45,2026-02-08 10:45:00+00:00,70,3.125,11.14,,227.5,244.9
AL945,2026-02-08 10:52:30+00:00,45,3.725,12.67,,232.5,262.3
MHJ45,2026-02-08 10:52:30+00:00,60,3.075,11.44,,217.5,227.6
MHJ45,2026-02-08 11:00:00+00:00,70,2.900,10.38,,215.0,244.8
AL945,2026-02-08 11:00:00+00:00,0,3.500,11.34,,237.5,
AL945,2026-02-08 11:07:30+00:00,70,3.550,12.15,,235.0,265.9
MHJ45,2026-02-08 11:07:30+00:00,60,3.088,10.14,,337.9,272.7
MHJ45,2026-02-08 11:15:00+00:00,70,2.650,9.82,,240.0,240.0
AL945,2026-02-08 11:15:00+00:00,60,3.375,11.64,,227.5,253.0
AL945,2026-02-08 11:22:30+00:00,40,2.775,10.68,,230.0,230.2
MHJ45,2026-02-08 11:22:30+00:00,40,3.050,9.53,,242.5,295.5
MHJ45,2026-02-08 11:30:00+00:00,60,3.213,10.27,,300.0,265.0
AL945,2026-02-08 11:30:00+00:00,70,2.775,10.82,,240.0,233.6
AL945,2026-02-08 11:37:30+00:00,70,2.950,10.64,,237.5,247.1
MHJ45,2026-02-08 11:37:30+00:00,15,3.675,11.72,,237.5,273.9
MHJ45,2026-02-08 11:45:00+00:00,45,4.350,14.39,,235.0,252.8
AL945,2026-02-08 11:45:00+00:00,70,2.700,10.30,,232.5,229.0
AL945,2026-02-08 11:52:30+00:00,70,2.850,9.53,,242.5,263.5
MHJ45,2026-02-08 11:52:30+00:00,75,5.100,17.64,,220.0,244.7
MHJ45,2026-02-08 12:00:00+00:00,70,5.800,20.17,,212.5,236.9
AL945,2026-02-08 12:00:00+00:00,60,2.900,9.58,,230.0,266.1
AL945,2026-02-08 12:07:30+00:00,40,3.032,9.49,,352.5,276.9
MHJ45,2026-02-08 12:07:30+00:00,70,6.275,22.07,,207.5,231.0
AL945,2026-02-08 12:15:00+00:00,60,3.313,9.98,,337.5,284.8
MHJ45,2026-02-08 12:15:00+00:00,40,6.525,22.37,,200.0,234.9
AL945,2026-02-08 12:22:30+00:00,70,3.275,10.66,,242.5,269.9
MHJ45,2026-02-08 12:22:30+00:00,20,6.150,22.28,,197.5,216.6
MHJ45,2026-02-08 12:30:00+00:00,70,6.075,21.18,2.05,202.5,233.9
AL945,2026-02-08 12:30:00+00:00,70,4.100,13.35,,250.0,268.0
AL945,2026-02-08 12:37:30+00:00,40,4.375,15.60,,220.0,232.8
MHJ45,2026-02-08 12:37:30+00:00,70,6.500,22.75,2.25,207.5,233.2
MHJ45,2026-02-08 12:45:00+00:00,70,6.800,23.55,2.22,202.5,233.3
AL945,2026-02-08 12:45:00+00:00,70,4.856,17.52,,267.5,228.4
AL945,2026-02-08 12:52:30+00:00,70,5.000,17.20,,210.0,233.8
MHJ45,2026-02-08 12:52:30+00:00,70,7.200,25.85,2.38,212.5,225.5
MHJ45,2026-02-08 13:00:00+00:00,70,7.375,26.22,2.45,205.0,223.9
AL945,2026-02-08 13:00:00+00:00,40,5.300,19.34,,212.5,223.0
AL945,2026-02-08 13:07:30+00:00,60,6.025,21.03,,207.5,232.9
MHJ45,2026-02-08 13:07:30+00:00,40,7.725,27.13,2.42,145.0,231.1
MHJ45,2026-02-08 13:15:00+00:00,60,7.750,27.74,2.53,207.5,222.9
AL945,2026-02-08 13:15:00+00:00,70,6.101,21.81,2.03,207.5,221.0
AL945,2026-02-08 13:22:30+00:00,60,5.754,21.96,2.05,205.0,210.8
MHJ45,2026-02-08 13:22:30+00:00,0,8.050,27.69,2.58,207.5,
AL945,2026-02-08 13:30:00+00:00,70,6.913,24.10,2.20,240.0,234.2
MHJ45,2026-02-08 13:30:00+00:00,70,8.700,29.85,2.65,210.0,242.6
MHJ45,2026-02-08 13:37:30+00:00,70,9.313,33.40,2.53,210.0,231.3
AL945,2026-02-08 13:37:30+00:00,20,5.054,21.48,2.20,202.5,182.7
MHJ45,2026-02-08 13:45:00+00:00,70,9.300,33.46,2.75,220.0,225.1
AL945,2026-02-08 13:45:00+00:00,80,7.379,25.41,2.28,212.5,232.1
MHJ45,2026-02-08 13:52:30+00:00,70,9.188,32.63,2.60,210.0,225.0
AL945,2026-02-08 13:52:30+00:00,90,7.775,26.98,2.35,210.0,229.0
MHJ45,2026-02-08 14:00:00+00:00,70,9.338,32.57,2.58,215.0,234.8
AL945,2026-02-08 14:00:00+00:00,60,8.200,29.46,2.33,215.0,223.9
MHJ45,2026-02-08 14:07:30+00:00,50,9.338,33.13,2.78,215.0,238.4
AL945,2026-02-08 14:07:30+00:00,60,8.050,28.75,2.47,210.0,226.8
MHJ45,2026-02-08 14:15:00+00:00,40,9.350,33.20,2.90,215.0,225.1
AL945,2026-02-08 14:15:00+00:00,80,8.100,28.85,2.47,207.5,224.5
MHJ45,2026-02-08 14:22:30+00:00,0,9.375,32.74,2.95,217.5,
AL945,2026-02-08 14:22:30+00:00,40,8.175,28.38,2.55,215.0,233.1
AL945,2026-02-08 14:30:00+00:00,90,8.625,29.89,2.63,212.5,231.4
MHJ45,2026-02-08 14:30:00+00:00,70,9.250,31.49,2.97,155.0,240.0
MHJ45,2026-02-08 14:37:30+00:00,70,9.275,30.85,3.00,205.0,245.9
AL945,2026-02-08 14:37:30+00:00,70,8.738,30.25,2.70,210.0,232.8
MHJ45,2026-02-08 14:45:00+00:00,70,9.725,33.76,3.05,205.0,238.3
AL945,2026-02-08 14:45:00+00:00,80,8.431,32.14,2.72,230.0,233.0
MHJ45,2026-02-08 14:52:30+00:00,60,10.125,33.97,3.05,207.5,241.3
AL945,2026-02-08 14:52:30+00:00,40,8.738,32.34,2.80,212.5,217.2
MHJ45,2026-02-08 15:00:00+00:00,70,10.313,36.08,3.10,245.0,243.9
AL945,2026-02-08 15:00:00+00:00,40,9.775,33.34,2.83,212.5,235.8
MHJ45,2026-02-08 15:07:30+00:00,60,10.475,36.20,3.10,220.0,245.8
AL945,2026-02-08 15:07:30+00:00,65,9.944,35.41,2.85,260.0,235.4
MHJ45,2026-02-08 15:15:00+00:00,70,10.675,36.91,3.13,217.5,239.6
AL945,2026-02-08 15:15:00+00:00,70,10.125,35.41,2.75,217.5,230.6
MHJ45,2026-02-08 15:22:30+00:00,60,10.338,35.78,3.15,142.5,230.0
AL945,2026-02-08 15:22:30+00:00,40,10.613,37.13,2.88,280.0,222.8
MHJ45,2026-02-08 15:30:00+00:00,65,10.225,34.75,3.17,215.0,239.0
AL945,2026-02-08 15:30:00+00:00,90,10.475,35.71,2.85,215.0,243.9
MHJ45,2026-02-08 15:37:30+00:00,0,,,3.20,,
AL945,2026-02-08 15:37:30+00:00,40,7.500,30.53,2.97,215.0,200.2
AL945,2026-02-08 15:45:00+00:00,40,7.625,32.08,2.88,222.5,195.0
MHJ45,2026-02-08 15:45:00+00:00,60,8.675,32.79,3.13,207.5,210.9
MHJ45,2026-02-08 15:52:30+00:00,50,10.475,35.92,3.20,202.5,238.5
AL945,2026-02-08 15:52:30+00:00,40,8.500,35.15,2.97,217.5,197.2
MHJ45,2026-02-08 16:00:00+00:00,70,10.375,34.82,3.22,207.5,241.5
AL945,2026-02-08 16:00:00+00:00,45,10.563,35.73,3.08,140.0,238.1
MHJ45,2026-02-08 16:07:30+00:00,70,10.575,34.06,3.25,217.5,246.7
AL945,2026-02-08 16:07:30+00:00,60,10.507,39.26,2.83,235.0,221.9
AL945,2026-02-08 16:15:00+00:00,65,10.550,36.51,2.85,220.0,277.5
MHJ45,2026-02-08 16:15:00+00:00,70,11.000,36.10,3.10,215.0,247.4
AL945,2026-02-08 16:22:30+00:00,80,10.525,37.14,3.13,212.5,221.6
MHJ45,2026-02-08 16:22:30+00:00,70,11.100,37.50,3.17,205.0,247.6
AL945,2026-02-08 16:30:00+00:00,60,9.532,35.76,3.15,207.5,215.7
MHJ45,2026-02-08 16:30:00+00:00,90,11.350,37.32,3.03,215.0,261.2
AL945,2026-02-08 16:37:30+00:00,80,10.688,36.74,3.15,260.0,243.3
MHJ45,2026-02-08 16:37:30+00:00,70,11.600,38.58,3.15,207.5,255.8
AL945,2026-02-08 16:45:00+00:00,20,8.725,34.30,3.17,212.5,206.5
MHJ45,2026-02-08 16:45:00+00:00,70,11.575,39.71,3.15,205.0,249.4
MHJ45,2026-02-08 16:52:30+00:00,70,11.225,38.68,3.15,220.0,237.7
AL945,2026-02-08 16:52:30+00:00,0,11.000,39.13,3.17,297.5,
AL945,2026-02-08 17:00:00+00:00,45,8.875,36.29,3.20,217.5,199.7
MHJ45,2026-02-08 17:00:00+00:00,70,11.075,38.51,3.08,220.0,238.4
AL945,2026-02-08 17:07:30+00:00,80,10.238,36.24,3.20,147.5,223.0
MHJ45,2026-02-08 17:07:30+00:00,70,10.775,36.82,3.28,217.5,247.0
MHJ45,2026-02-08 17:15:00+00:00,70,10.588,35.11,3.15,222.5,250.0
AL945,2026-02-08 17:15:00+00:00,60,9.988,33.99,3.20,140.0,230.4
MHJ45,2026-02-08 17:22:30+00:00,70,10.350,34.94,3.22,217.5,241.7
AL945,2026-02-08 17:22:30+00:00,70,9.850,34.00,3.17,207.5,229.2
MHJ45,2026-02-08 17:30:00+00:00,60,10.350,35.54,3.08,217.5,235.5
AL945,2026-02-08 17:30:00+00:00,0,9.950,33.16,3.22,205.0,
AL945,2026-02-08 17:37:30+00:00,90,9.650,32.67,3.22,207.5,241.7
MHJ45,2026-02-08 17:37:30+00:00,40,9.750,33.00,3.20,220.0,231.7
AL945,2026-02-08 17:45:00+00:00,65,9.625,32.32,3.22,202.5,234.8
MHJ45,2026-02-08 17:45:00+00:00,90,9.750,32.07,3.20,217.5,244.0
MHJ45,2026-02-08 17:52:30+00:00,0,,,3.05,,
AL945,2026-02-08 17:52:30+00:00,90,9.650,31.31,3.22,200.0,248.6
AL945,2026-02-08 18:00:00+00:00,80,9.788,32.44,3.22,265.0,241.6
MHJ45,2026-02-08 18:00:00+00:00,70,10.450,33.45,3.00,210.0,262.8
AL945,2026-02-08 18:07:30+00:00,70,8.950,31.89,3.22,200.0,227.5
MHJ45,2026-02-08 18:07:30+00:00,70,10.600,35.07,3.17,202.5,257.5
AL945,2026-02-08 18:15:00+00:00,70,10.450,34.57,3.20,202.5,245.4
MHJ45,2026-02-08 18:15:00+00:00,75,10.625,35.57,3.17,200.0,253.8
MHJ45,2026-02-08 18:22:30+00:00,60,10.425,34.67,2.53,232.5,239.8
AL945,2026-02-08 18:22:30+00:00,95,10.675,35.43,3.17,192.5,255.4
AL945,2026-02-08 18:30:00+00:00,90,10.475,34.25,3.10,195.0,246.9
MHJ45,2026-02-08 18:30:00+00:00,70,10.325,34.14,2.97,222.5,250.4
AL945,2026-02-08 18:37:30+00:00,90,10.800,35.76,3.13,192.5,250.5
MHJ45,2026-02-08 18:37:30+00:00,70,10.300,34.10,3.13,212.5,249.5
MHJ45,2026-02-08 18:45:00+00:00,60,10.275,34.09,3.05,197.5,244.5
AL945,2026-02-08 18:45:00+00:00,90,10.588,35.80,3.17,225.0,245.4
MHJ45,2026-02-08 18:52:30+00:00,70,9.900,32.32,2.95,225.0,249.2
AL945,2026-02-08 18:52:30+00:00,70,10.713,35.14,3.17,215.0,252.6
MHJ45,2026-02-08 19:00:00+00:00,60,10.000,31.86,2.92,210.0,252.9
AL945,2026-02-08 19:00:00+00:00,70,10.713,35.02,3.13,230.0,249.0
MHJ45,2026-02-08 19:07:30+00:00,70,9.950,32.23,2.90,217.5,259.3
AL945,2026-02-08 19:07:30+00:00,90,10.450,35.07,3.13,212.5,242.2
MHJ45,2026-02-08 19:15:00+00:00,70,9.950,31.67,2.97,140.0,261.9
AL945,2026-02-08 19:15:00+00:00,0,10.500,34.41,3.13,320.8,
AL945,2026-02-08 19:22:30+00:00,60,10.050,34.04,3.08,210.0,239.5
MHJ45,2026-02-08 19:22:30+00:00,70,10.000,31.91,2.95,202.5,260.8
MHJ45,2026-02-08 19:30:00+00:00,65,10.225,32.18,2.83,212.5,267.8
AL945,2026-02-08 19:30:00+00:00,20,7.904,30.98,3.10,218.3,206.8
MHJ45,2026-02-08 19:37:30+00:00,70,10.300,32.95,2.80,225.0,266.8
AL945,2026-02-08 19:37:30+00:00,70,10.438,34.42,3.05,205.5,251.4
MHJ45,2026-02-08 19:45:00+00:00,70,10.325,33.01,2.92,220.0,270.1
AL945,2026-02-08 19:45:00+00:00,90,10.475,33.74,3.05,227.5,256.1
MHJ45,2026-02-08 19:52:30+00:00,60,10.488,32.62,2.88,230.0,271.7
AL945,2026-02-08 19:52:30+00:00,60,9.725,35.05,3.03,207.5,229.8
AL945,2026-02-08 20:00:00+00:00,90,10.488,33.84,3.00,202.5,257.8
MHJ45,2026-02-08 20:00:00+00:00,70,10.563,34.38,2.78,227.5,262.4
AL945,2026-02-08 20:07:30+00:00,90,10.438,33.97,2.97,225.0,252.6
MHJ45,2026-02-08 20:07:30+00:00,70,10.675,34.82,2.53,217.5,265.9
AL945,2026-02-08 20:15:00+00:00,60,9.200,33.22,2.72,212.5,225.7
MHJ45,2026-02-08 20:15:00+00:00,70,10.575,34.55,2.53,230.0,260.4
AL945,2026-02-08 20:22:30+00:00,60,10.238,33.21,2.88,182.5,254.6
MHJ45,2026-02-08 20:22:30+00:00,70,10.400,33.77,2.53,222.5,260.8
AL945,2026-02-08 20:30:00+00:00,70,10.397,34.21,2.55,280.0,249.1
MHJ45,2026-02-08 20:30:00+00:00,70,10.450,33.53,2.53,220.0,272.1
MHJ45,2026-02-08 20:37:30+00:00,60,10.275,33.54,2.53,222.5,257.4
AL945,2026-02-08 20:37:30+00:00,70,10.513,34.47,2.50,232.5,254.1
MHJ45,2026-02-08 20:45:00+00:00,70,10.025,32.88,2.53,220.0,255.1
AL945,2026-02-08 20:45:00+00:00,40,9.525,34.47,2.63,222.5,232.6
MHJ45,2026-02-08 20:52:30+00:00,70,9.963,32.58,2.47,222.5,262.0
AL945,2026-02-08 20:52:30+00:00,80,10.575,34.62,2.40,217.5,254.0
MHJ45,2026-02-08 21:00:00+00:00,60,9.863,31.09,2.28,155.0,271.2
AL945,2026-02-08 21:00:00+00:00,90,10.738,34.90,2.63,227.5,259.2
MHJ45,2026-02-08 21:07:30+00:00,75,9.800,31.48,2.10,217.5,267.5
AL945,2026-02-08 21:07:30+00:00,20,10.138,34.86,2.38,227.5,240.7
AL945,2026-02-08 21:15:00+00:00,0,10.750,35.10,2.55,305.0,
MHJ45,2026-02-08 21:15:00+00:00,75,9.675,30.90,2.15,217.5,272.0
MHJ45,2026-02-08 21:22:30+00:00,70,9.575,30.95,2.03,215.0,267.2
AL945,2026-02-08 21:22:30+00:00,95,10.600,35.00,2.45,222.5,256.7
AL945,2026-02-08 21:30:00+00:00,0,10.475,34.78,2.38,285.0,
MHJ45,2026-02-08 21:30:00+00:00,0,9.525,30.10,2.03,212.5,
MHJ45,2026-02-08 21:37:30+00:00,70,9.375,29.83,2.05,210.0,266.8
AL945,2026-02-08 21:37:30+00:00,80,10.213,34.94,2.33,215.0,244.7
MHJ45,2026-02-08 21:45:00+00:00,60,9.425,30.56,,215.0,265.3
AL945,2026-02-08 21:45:00+00:00,80,10.013,32.85,2.22,212.5,255.6
AL945,2026-02-08 21:52:30+00:00,60,7.856,30.43,2.25,230.0,214.3
MHJ45,2026-02-08 21:52:30+00:00,70,9.350,30.19,,215.0,273.1
AL945,2026-02-08 22:00:00+00:00,70,8.600,31.77,2.10,207.5,225.1
MHJ45,2026-02-08 22:00:00+00:00,70,9.100,29.40,,212.5,268.1
AL945,2026-02-08 22:07:30+00:00,60,9.438,31.06,2.05,205.0,251.8
MHJ45,2026-02-08 22:07:30+00:00,70,8.775,28.78,,210.0,259.7
AL945,2026-02-08 22:15:00+00:00,40,9.188,30.37,2.05,212.5,251.8
MHJ45,2026-02-08 22:15:00+00:00,70,8.800,27.52,,210.0,282.6
MHJ45,2026-02-08 22:22:30+00:00,70,8.850,27.70,,210.0,283.4
AL945,2026-02-08 22:22:30+00:00,80,9.400,29.76,,210.0,271.2
MHJ45,2026-02-08 22:30:00+00:00,65,8.875,28.55,,215.0,275.8
AL945,2026-02-08 22:30:00+00:00,60,7.100,27.26,,212.5,222.7
AL945,2026-02-08 22:37:30+00:00,20,8.800,29.93,,210.0,249.5
MHJ45,2026-02-08 22:37:30+00:00,70,8.875,28.96,,217.5,271.5
AL945,2026-02-08 22:45:00+00:00,60,7.650,28.88,,210.0,231.5
MHJ45,2026-02-08 22:45:00+00:00,70,8.925,29.00,,212.5,278.2
AL945,2026-02-08 22:52:30+00:00,40,7.263,27.55,,220.0,231.3
MHJ45,2026-02-08 22:52:30+00:00,70,8.650,28.41,,207.5,268.0
MHJ45,2026-02-08 23:00:00+00:00,70,8.100,26.25,,202.5,265.4
AL945,2026-02-08 23:00:00+00:00,60,8.500,30.39,,210.0,243.4
MHJ45,2026-02-08 23:07:30+00:00,0,7.725,25.18,,217.5,
AL945,2026-02-08 23:07:30+00:00,50,8.900,29.18,,215.0,268.5
AL945,2026-02-08 23:15:00+00:00,60,8.275,28.65,,210.0,254.0
MHJ45,2026-02-08 23:15:00+00:00,0,7.575,23.11,,227.5,
MHJ45,2026-02-08 23:22:30+00:00,40,7.325,23.51,,227.5,286.6
AL945,2026-02-08 23:22:30+00:00,60,6.350,24.08,,220.0,237.3
MHJ45,2026-02-08 23:30:00+00:00,70,7.500,23.97,,227.5,289.1
AL945,2026-02-08 23:30:00+00:00,70,7.575,25.90,,210.0,261.2
AL945,2026-02-08 23:37:30+00:00,90,8.450,26.40,,217.5,285.3
MHJ45,2026-02-08 23:37:30+00:00,50,7.575,25.51,,237.5,278.1
AL945,2026-02-08 23:45:00+00:00,60,8.225,27.29,,220.0,267.0
MHJ45,2026-02-08 23:45:00+00:00,70,7.550,25.06,,217.5,272.2
AL945,2026-02-08 23:52:30+00:00,70,8.350,27.84,,220.0,268.1
MHJ45,2026-02-08 23:52:30+00:00,40,6.850,24.56,,207.5,242.7
MHJ45,2026-02-09 00:00:00+00:00,70,6.725,23.01,,200.0,251.2
AL945,2026-02-09 00:00:00+00:00,70,8.300,27.78,,217.5,259.9
AL945,2026-02-09 00:07:30+00:00,70,8.025,27.09,,215.0,263.4
MHJ45,2026-02-09 00:07:30+00:00,70,5.875,20.95,,200.0,239.4
AL945,2026-02-09 00:15:00+00:00,60,7.675,26.39,,207.5,260.7
MHJ45,2026-02-09 00:15:00+00:00,70,4.225,16.87,,205.0,219.2
AL945,2026-02-09 00:22:30+00:00,50,7.725,25.93,,210.0,260.8
MHJ45,2026-02-09 00:22:30+00:00,40,5.350,18.71,,227.5,255.4
AL945,2026-02-09 00:30:00+00:00,70,7.525,24.88,,205.0,264.9
MHJ45,2026-02-09 00:30:00+00:00,0,5.675,17.91,,207.5,
AL945,2026-02-09 00:37:30+00:00,0,7.150,23.32,,202.5,
MHJ45,2026-02-09 00:37:30+00:00,40,4.550,16.83,,225.0,246.7
MHJ45,2026-02-09 00:45:00+00:00,50,5.475,17.42,,225.0,288.7
AL945,2026-02-09 00:45:00+00:00,40,6.825,22.78,,205.0,256.6
AL945,2026-02-09 00:52:30+00:00,0,6.700,21.04,,202.5,
MHJ45,2026-02-09 00:52:30+00:00,40,4.500,16.01,,247.5,268.5
AL945,2026-02-09 01:00:00+00:00,0,6.300,19.94,,207.5,
MHJ45,2026-02-09 01:00:00+00:00,70,5.450,17.34,,240.0,288.9
AL945,2026-02-09 01:07:30+00:00,80,6.350,20.20,,215.0,272.8
MHJ45,2026-02-09 01:07:30+00:00,60,5.425,16.80,,240.0,305.4
MHJ45,2026-02-09 01:15:00+00:00,80,5.450,16.87,,240.0,304.6
AL945,2026-02-09 01:15:00+00:00,60,4.475,17.32,,222.5,234.4
AL945,2026-02-09 01:22:30+00:00,40,5.675,18.47,,220.0,276.5
MHJ45,2026-02-09 01:22:30+00:00,40,5.350,16.46,,237.5,304.6
AL945,2026-02-09 01:30:00+00:00,80,5.775,18.44,,222.5,284.9
MHJ45,2026-02-09 01:30:00+00:00,40,4.275,15.18,,267.5,273.0
MHJ45,2026-02-09 01:37:30+00:00,20,4.925,16.02,,260.0,299.1
AL945,2026-02-09 01:37:30+00:00,20,5.475,17.56,,247.5,284.3
AL945,2026-02-09 01:45:00+00:00,0,5.750,17.60,,235.0,
MHJ45,2026-02-09 01:45:00+00:00,40,5.300,15.99,,252.5,317.7
MHJ45,2026-02-09 01:52:30+00:00,70,5.200,15.77,,250.0,312.1
AL945,2026-02-09 01:52:30+00:00,20,5.550,18.14,,245.0,285.1
AL945,2026-02-09 02:00:00+00:00,70,5.675,17.82,,240.0,293.8
MHJ45,2026-02-09 02:00:00+00:00,70,5.025,15.28,,260.0,318.8
AL945,2026-02-09 02:07:30+00:00,40,5.700,18.07,,237.5,296.4
MHJ45,2026-02-09 02:07:30+00:00,40,4.900,15.53,,255.0,291.6
AL945,2026-02-09 02:15:00+00:00,40,5.600,17.42,,240.0,300.1
MHJ45,2026-02-09 02:15:00+00:00,70,5.300,15.64,,265.0,335.5
AL945,2026-02-09 02:22:30+00:00,70,5.400,16.71,,242.5,299.6
MHJ45,2026-02-09 02:22:30+00:00,80,5.275,15.89,,265.0,329.9
MHJ45,2026-02-09 02:30:00+00:00,60,5.225,16.24,,250.0,298.0
AL945,2026-02-09 02:30:00+00:00,80,5.600,17.88,,242.5,285.2
MHJ45,2026-02-09 02:37:30+00:00,60,4.575,15.61,,255.0,278.5
AL945,2026-02-09 02:37:30+00:00,40,4.500,16.39,,237.5,254.9
AL945,2026-02-09 02:45:00+00:00,70,5.475,17.03,,242.5,290.8
MHJ45,2026-02-09 02:45:00+00:00,0,5.275,15.53,,247.5,
AL945,2026-02-09 02:52:30+00:00,70,5.300,16.14,,247.5,311.2
MHJ45,2026-02-09 02:52:30+00:00,50,4.925,15.14,,265.0,310.4
MHJ45,2026-02-09 03:00:00+00:00,80,4.900,14.77,,257.5,320.8
AL945,2026-02-09 03:00:00+00:00,60,4.450,15.83,,255.0,268.7
MHJ45,2026-02-09 03:07:30+00:00,70,4.850,14.62,,247.5,302.7
AL945,2026-02-09 03:07:30+00:00,40,5.425,16.62,,247.5,300.8
AL945,2026-02-09 03:15:00+00:00,70,5.475,16.84,,247.5,299.5
MHJ45,2026-02-09 03:15:00+00:00,0,4.825,14.56,,245.0,
AL945,2026-02-09 03:22:30+00:00,80,5.400,17.10,,242.5,290.6
MHJ45,2026-02-09 03:22:30+00:00,80,4.750,14.33,,242.5,304.2
AL945,2026-02-09 03:30:00+00:00,50,5.275,16.45,,255.0,300.0
MHJ45,2026-02-09 03:30:00+00:00,70,4.725,13.76,,245.0,307.6
AL945,2026-02-09 03:37:30+00:00,70,5.050,16.21,,237.5,287.8
MHJ45,2026-02-09 03:37:30+00:00,60,3.950,13.74,,247.5,267.9
AL945,2026-02-09 03:45:00+00:00,70,5.200,15.86,,242.5,303.0
MHJ45,2026-02-09 03:45:00+00:00,70,4.700,13.97,,250.0,313.0
MHJ45,2026-02-09 03:52:30+00:00,0,4.725,14.33,,247.5,
AL945,2026-02-09 03:52:30+00:00,70,5.100,16.36,,242.5,289.3
MHJ45,2026-02-09 04:00:00+00:00,70,4.525,14.55,,247.5,284.3
AL945,2026-02-09 04:00:00+00:00,50,5.150,16.92,,242.5,285.3
AL945,2026-02-09 04:07:30+00:00,80,5.150,16.17,,235.0,292.9
MHJ45,2026-02-09 04:07:30+00:00,0,4.750,14.98,,270.0,
AL945,2026-02-09 04:15:00+00:00,70,5.075,16.60,,235.0,280.3
MHJ45,2026-02-09 04:15:00+00:00,70,4.500,15.49,,242.5,270.4
AL945,2026-02-09 04:22:30+00:00,20,4.800,16.51,,235.0,262.9
MHJ45,2026-02-09 04:22:30+00:00,60,4.525,14.52,,240.0,291.4
MHJ45,2026-02-09 04:30:00+00:00,70,4.425,14.56,,242.5,278.9
AL945,2026-02-09 04:30:00+00:00,70,4.775,15.36,,227.5,276.8
MHJ45,2026-02-09 04:37:30+00:00,40,4.425,14.26,,240.0,291.0
AL945,2026-02-09 04:37:30+00:00,70,4.500,15.27,,235.0,264.1
MHJ45,2026-02-09 04:45:00+00:00,40,3.425,12.58,,252.5,256.8
AL945,2026-02-09 04:45:00+00:00,0,4.300,14.05,,225.0,
MHJ45,2026-02-09 04:52:30+00:00,45,4.400,13.90,,247.5,287.8
AL945,2026-02-09 04:52:30+00:00,0,4.150,13.13,,230.0,
MHJ45,2026-02-09 05:00:00+00:00,60,4.300,13.02,,255.0,314.7
AL945,2026-02-09 05:00:00+00:00,70,3.725,12.55,,235.0,267.3
MHJ45,2026-02-09 05:07:30+00:00,0,4.350,12.68,,265.0,
AL945,2026-02-09 05:07:30+00:00,70,4.000,12.08,,255.0,309.5
MHJ45,2026-02-09 05:15:00+00:00,60,4.425,13.24,,275.0,322.0
AL945,2026-02-09 05:15:00+00:00,70,3.650,11.38,,262.5,306.1
MHJ45,2026-02-09 05:22:30+00:00,60,4.475,13.05,,272.5,327.1
AL945,2026-02-09 05:22:30+00:00,60,3.475,10.99,,265.0,293.7
MHJ45,2026-02-09 05:30:00+00:00,40,2.775,10.09,,275.0,262.4
AL945,2026-02-09 05:30:00+00:00,60,3.725,12.03,,267.5,293.4
AL945,2026-02-09 05:37:30+00:00,70,3.500,11.38,,270.0,288.6
MHJ45,2026-02-09 05:37:30+00:00,70,4.375,12.94,,272.5,320.9
AL945,2026-02-09 05:45:00+00:00,0,3.675,10.77,,267.5,
MHJ45,2026-02-09 05:45:00+00:00,70,4.400,13.75,,272.5,312.9
AL945,2026-02-09 05:52:30+00:00,70,3.600,11.04,,275.0,312.3
MHJ45,2026-02-09 05:52:30+00:00,60,4.550,13.38,,280.0,330.2
MHJ45,2026-02-09 06:00:00+00:00,40,3.875,12.02,,285.0,309.3
AL945,2026-02-09 06:00:00+00:00,70,3.600,10.62,,270.0,325.4
AL945,2026-02-09 06:07:30+00:00,80,3.575,10.22,,282.5,341.7
MHJ45,2026-02-09 06:07:30+00:00,70,3.400,11.99,,282.5,279.4
MHJ45,2026-02-09 06:15:00+00:00,70,4.925,14.51,,282.5,328.2
AL945,2026-02-09 06:15:00+00:00,70,3.500,10.41,,277.5,317.4
AL945,2026-02-09 06:22:30+00:00,70,3.475,10.61,,272.5,306.8
MHJ45,2026-02-09 06:22:30+00:00,70,4.650,14.33,,272.5,307.5
MHJ45,2026-02-09 06:30:00+00:00,65,3.825,13.07,,272.5,282.8
AL945,2026-02-09 06:30:00+00:00,80,3.475,10.57,,272.5,306.7
AL945,2026-02-09 06:37:30+00:00,80,3.525,10.56,,272.5,312.2
MHJ45,2026-02-09 06:37:30+00:00,70,4.575,14.07,,275.0,309.2
AL945,2026-02-09 06:45:00+00:00,70,3.375,10.30,,275.0,307.8
MHJ45,2026-02-09 06:45:00+00:00,65,4.875,14.10,,275.0,332.4
AL945,2026-02-09 06:52:30+00:00,70,3.400,9.94,,285.0,334.4
MHJ45,2026-02-09 06:52:30+00:00,70,4.900,13.81,,277.5,347.8
AL945,2026-02-09 07:00:00+00:00,70,3.325,9.48,,297.5,330.9
MHJ45,2026-02-09 07:00:00+00:00,40,4.925,14.05,,282.5,350.5
MHJ45,2026-02-09 07:07:30+00:00,60,4.900,13.81,,285.0,343.9
AL945,2026-02-09 07:07:30+00:00,70,3.350,9.86,,310.0,334.7
MHJ45,2026-02-09 07:15:00+00:00,40,4.100,13.32,,310.0,307.6
AL945,2026-02-09 07:15:00+00:00,70,3.350,9.70,,307.5,326.5
MHJ45,2026-02-09 07:22:30+00:00,60,5.075,14.41,,292.5,348.0
AL945,2026-02-09 07:22:30+00:00,70,3.225,9.78,,310.0,317.5
MHJ45,2026-02-09 07:30:00+00:00,70,4.900,13.96,,292.5,343.3
AL945,2026-02-09 07:30:00+00:00,70,3.250,9.59,,302.5,326.7
AL945,2026-02-09 07:37:30+00:00,40,3.400,9.60,,310.0,348.2
MHJ45,2026-02-09 07:37:30+00:00,45,4.875,13.91,,292.5,360.0
AL945,2026-02-09 07:45:00+00:00,70,3.300,9.61,,302.5,336.7
MHJ45,2026-02-09 07:45:00+00:00,70,4.900,13.43,,297.5,368.1
MHJ45,2026-02-09 07:52:30+00:00,70,4.900,13.53,,300.0,361.0
AL945,2026-02-09 07:52:30+00:00,70,3.325,9.52,,305.0,351.3
AL945,2026-02-09 08:00:00+00:00,70,3.275,9.66,,302.5,326.6
MHJ45,2026-02-09 08:00:00+00:00,70,4.900,13.69,,295.0,355.6
MHJ45,2026-02-09 08:07:30+00:00,70,4.950,13.48,,295.0,368.6
AL945,2026-02-09 08:07:30+00:00,70,3.300,10.14,,302.5,314.6
MHJ45,2026-02-09 08:15:00+00:00,70,4.950,13.73,,302.5,362.1
AL945,2026-02-09 08:15:00+00:00,40,3.350,9.74,,300.0,333.3
MHJ45,2026-02-09 08:22:30+00:00,70,5.000,13.83,,292.5,360.2
AL945,2026-02-09 08:22:30+00:00,70,3.475,10.65,,295.0,310.0
AL945,2026-02-09 08:30:00+00:00,70,3.550,11.01,,292.5,308.1
MHJ45,2026-02-09 08:30:00+00:00,70,5.050,14.39,,290.0,340.2
MHJ45,2026-02-09 08:37:30+00:00,80,5.125,14.28,,290.0,354.7
AL945,2026-02-09 08:37:30+00:00,60,3.500,10.77,,287.5,308.9
MHJ45,2026-02-09 08:45:00+00:00,80,5.150,14.40,,287.5,358.0
AL945,2026-02-09 08:45:00+00:00,70,3.400,10.60,,285.0,304.0
MHJ45,2026-02-09 08:52:30+00:00,80,5.200,14.97,,280.0,344.3
AL945,2026-02-09 08:52:30+00:00,70,3.450,10.22,,287.5,327.7
MHJ45,2026-02-09 09:00:00+00:00,90,5.200,15.36,,270.0,321.1
AL945,2026-02-09 09:00:00+00:00,70,3.400,10.55,,285.0,307.9
MHJ45,2026-02-09 09:07:30+00:00,80,5.250,15.86,,260.0,314.6
AL945,2026-02-09 09:07:30+00:00,70,3.400,10.68,,282.5,300.4
MHJ45,2026-02-09 09:15:00+00:00,80,5.175,16.10,,250.0,301.0
AL945,2026-02-09 09:15:00+00:00,70,3.450,10.33,,280.0,311.6
MHJ45,2026-02-09 09:22:30+00:00,90,5.125,16.12,,242.5,293.4
AL945,2026-02-09 09:22:30+00:00,70,3.550,10.93,,275.0,307.1
AL945,2026-02-09 09:30:00+00:00,70,3.400,10.92,,297.5,305.1
MHJ45,2026-02-09 09:30:00+00:00,90,5.100,16.12,,235.0,290.5
MHJ45,2026-02-09 09:37:30+00:00,90,4.950,16.43,,232.5,274.2
AL945,2026-02-09 09:37:30+00:00,80,3.475,10.56,,292.5,311.6
AL945,2026-02-09 09:45:00+00:00,70,3.300,10.26,,272.5,296.1
MHJ45,2026-02-09 09:45:00+00:00,80,4.900,15.85,,230.0,281.7
AL945,2026-02-09 09:52:30+00:00,90,3.350,10.42,,280.0,306.1
MHJ45,2026-02-09 09:52:30+00:00,80,4.775,15.90,,232.5,269.1
MHJ45,2026-02-09 10:00:00+00:00,90,4.725,15.13,,230.0,279.3
AL945,2026-02-09 10:00:00+00:00,40,3.425,10.14,,282.5,322.2
AL945,2026-02-09 10:07:30+00:00,70,3.275,10.26,,285.0,300.9
MHJ45,2026-02-09 10:07:30+00:00,90,4.600,14.75,,230.0,281.1
AL945,2026-02-09 10:15:00+00:00,80,3.425,10.39,,285.0,315.2
MHJ45,2026-02-09 10:15:00+00:00,60,4.350,14.21,,230.0,272.5
MHJ45,2026-02-09 10:22:30+00:00,80,4.425,14.05,,232.5,280.5
AL945,2026-02-09 10:22:30+00:00,90,3.425,10.46,,280.0,309.3
MHJ45,2026-02-09 10:30:00+00:00,70,4.400,13.87,,232.5,282.2
AL945,2026-02-09 10:30:00+00:00,90,3.425,10.30,,277.5,312.7
MHJ45,2026-02-09 10:37:30+00:00,40,3.775,13.16,,230.0,253.4
AL945,2026-02-09 10:37:30+00:00,90,3.400,10.42,,270.0,307.3
AL945,2026-02-09 10:45:00+00:00,90,3.375,10.34,,270.0,303.7
MHJ45,2026-02-09 10:45:00+00:00,90,4.200,13.54,,230.0,272.8
MHJ45,2026-02-09 10:52:30+00:00,80,4.100,13.24,,227.5,275.8
AL945,2026-02-09 10:52:30+00:00,90,3.375,10.10,,265.0,316.5
MHJ45,2026-02-09 11:00:00+00:00,70,3.800,12.42,,230.0,277.4
AL945,2026-02-09 11:00:00+00:00,70,3.275,10.14,,262.5,300.9
AL945,2026-02-09 11:07:30+00:00,70,3.300,9.42,,267.5,330.2
MHJ45,2026-02-09 11:07:30+00:00,70,3.650,12.49,,232.5,256.5
AL945,2026-02-09 11:15:00+00:00,70,3.175,9.39,,280.0,313.8
MHJ45,2026-02-09 11:15:00+00:00,70,3.750,12.25,,227.5,271.2
MHJ45,2026-02-09 11:22:30+00:00,70,3.775,12.02,,227.5,268.3
AL945,2026-02-09 11:22:30+00:00,70,3.200,9.52,,272.5,318.8
MHJ45,2026-02-09 11:30:00+00:00,70,4.075,12.78,,230.0,279.0
AL945,2026-02-09 11:30:00+00:00,70,3.075,9.25,,265.0,311.6
MHJ45,2026-02-09 11:37:30+00:00,50,4.375,14.12,,232.5,268.0
AL945,2026-02-09 11:37:30+00:00,70,3.050,9.06,,280.0,313.9
MHJ45,2026-02-09 11:45:00+00:00,90,4.800,16.22,,235.0,251.9
AL945,2026-02-09 11:45:00+00:00,70,2.950,9.28,,275.0,280.5
MHJ45,2026-02-09 11:52:30+00:00,70,5.325,17.97,,220.0,248.5
AL945,2026-02-09 11:52:30+00:00,70,2.875,9.32,,262.5,276.5
AL945,2026-02-09 12:00:00+00:00,70,3.000,8.97,,270.0,296.8
MHJ45,2026-02-09 12:00:00+00:00,90,5.600,19.62,,217.5,239.7
AL945,2026-02-09 12:07:30+00:00,70,3.175,9.53,,262.5,292.9
MHJ45,2026-02-09 12:07:30+00:00,70,6.225,22.42,,217.5,235.1
AL945,2026-02-09 12:15:00+00:00,70,3.275,10.45,,247.5,278.0
MHJ45,2026-02-09 12:15:00+00:00,70,6.625,23.86,,212.5,237.6
AL945,2026-02-09 12:22:30+00:00,70,3.600,11.34,,240.0,277.7
MHJ45,2026-02-09 12:22:30+00:00,40,6.638,24.49,2.05,207.5,218.4
AL945,2026-02-09 12:30:00+00:00,80,4.000,12.92,,242.5,266.1
MHJ45,2026-02-09 12:30:00+00:00,40,6.575,24.00,2.05,207.5,219.8
MHJ45,2026-02-09 12:37:30+00:00,70,6.675,24.61,2.22,202.5,209.4
AL945,2026-02-09 12:37:30+00:00,60,4.650,15.14,,227.5,260.9
AL945,2026-02-09 12:45:00+00:00,80,5.075,16.35,,215.0,253.3
MHJ45,2026-02-09 12:45:00+00:00,60,6.625,23.09,2.25,200.0,227.7
MHJ45,2026-02-09 12:52:30+00:00,50,7.400,27.01,2.38,210.0,227.4
AL945,2026-02-09 12:52:30+00:00,90,5.150,17.69,,210.0,232.9
AL945,2026-02-09 13:00:00+00:00,90,5.525,18.99,,210.0,231.9
MHJ45,2026-02-09 13:00:00+00:00,70,7.688,27.19,2.45,210.0,234.4
AL945,2026-02-09 13:07:30+00:00,90,5.650,19.36,,207.5,249.5
MHJ45,2026-02-09 13:07:30+00:00,70,7.775,26.87,2.47,207.5,228.0
AL945,2026-02-09 13:15:00+00:00,90,6.100,21.37,,212.5,237.7
MHJ45,2026-02-09 13:15:00+00:00,0,8.175,28.19,2.53,210.0,
AL945,2026-02-09 13:22:30+00:00,90,6.588,23.00,2.05,212.5,234.5
MHJ45,2026-02-09 13:22:30+00:00,70,8.775,31.96,2.60,135.0,221.3
AL945,2026-02-09 13:30:00+00:00,70,7.013,23.99,2.17,212.5,230.8
MHJ45,2026-02-09 13:30:00+00:00,0,9.175,33.09,2.65,215.0,
AL945,2026-02-09 13:37:30+00:00,95,7.175,24.23,2.20,205.0,232.6
MHJ45,2026-02-09 13:37:30+00:00,0,9.125,32.29,2.70,212.5,
MHJ45,2026-02-09 13:45:00+00:00,70,9.338,33.20,2.72,220.0,232.7
AL945,2026-02-09 13:45:00+00:00,90,7.700,27.22,2.30,212.5,232.5
MHJ45,2026-02-09 13:52:30+00:00,0,9.375,34.65,2.80,217.5,
AL945,2026-02-09 13:52:30+00:00,95,8.050,28.94,2.30,222.5,226.9
MHJ45,2026-02-09 14:00:00+00:00,0,9.475,33.61,2.83,210.0,
AL945,2026-02-09 14:00:00+00:00,75,8.425,29.82,2.40,222.5,232.5
AL945,2026-02-09 14:07:30+00:00,95,8.525,30.96,2.42,217.5,219.4
MHJ45,2026-02-09 14:07:30+00:00,0,8.725,31.19,2.85,202.5,
MHJ45,2026-02-09 14:15:00+00:00,20,8.582,29.17,2.92,275.0,237.2
AL945,2026-02-09 14:15:00+00:00,75,8.550,31.46,2.25,212.5,213.9
MHJ45,2026-02-09 14:22:30+00:00,70,9.200,33.01,2.92,205.0,232.9
AL945,2026-02-09 14:22:30+00:00,95,8.725,30.47,2.55,210.0,228.4
AL945,2026-02-09 14:30:00+00:00,65,9.225,33.45,2.53,212.5,222.1
MHJ45,2026-02-09 14:30:00+00:00,60,9.225,31.92,2.97,215.0,234.3
AL945,2026-02-09 14:37:30+00:00,65,9.200,33.78,2.65,210.0,216.5
MHJ45,2026-02-09 14:37:30+00:00,70,9.188,30.95,3.03,212.5,242.0
AL945,2026-02-09 14:45:00+00:00,65,9.225,32.58,2.70,210.0,221.8
MHJ45,2026-02-09 14:45:00+00:00,70,9.600,30.57,3.05,205.0,253.4
MHJ45,2026-02-09 14:52:30+00:00,70,9.750,31.65,3.05,197.5,248.0
AL945,2026-02-09 14:52:30+00:00,65,9.125,32.29,2.63,207.5,219.7
AL945,2026-02-09 15:00:00+00:00,80,9.425,32.23,2.80,207.5,233.1
MHJ45,2026-02-09 15:00:00+00:00,60,10.625,33.27,3.05,197.5,266.8
AL945,2026-02-09 15:07:30+00:00,65,9.526,33.79,2.85,202.5,226.3
MHJ45,2026-02-09 15:07:30+00:00,70,10.900,36.35,3.13,190.0,249.2
AL945,2026-02-09 15:15:00+00:00,85,9.500,32.73,2.85,202.5,229.5
MHJ45,2026-02-09 15:15:00+00:00,70,11.150,38.49,3.15,192.5,246.1
AL945,2026-02-09 15:22:30+00:00,70,9.588,33.26,2.92,202.5,231.1
MHJ45,2026-02-09 15:22:30+00:00,70,11.181,38.79,3.10,232.5,242.8
MHJ45,2026-02-09 15:30:00+00:00,70,11.025,38.13,3.15,185.0,239.3
AL945,2026-02-09 15:30:00+00:00,95,9.638,32.63,2.92,200.0,236.3
MHJ45,2026-02-09 15:37:30+00:00,70,10.888,37.18,3.13,225.0,238.9
AL945,2026-02-09 15:37:30+00:00,90,8.663,32.44,3.00,187.5,213.8
MHJ45,2026-02-09 15:45:00+00:00,70,10.725,35.25,3.20,217.5,244.7
AL945,2026-02-09 15:45:00+00:00,45,8.563,31.95,3.00,205.0,212.4
MHJ45,2026-02-09 15:52:30+00:00,90,10.725,35.77,3.22,215.0,243.4
AL945,2026-02-09 15:52:30+00:00,60,10.350,34.89,3.00,202.5,247.1
MHJ45,2026-02-09 16:00:00+00:00,70,11.150,37.58,3.22,197.5,246.7
AL945,2026-02-09 16:00:00+00:00,75,10.313,35.83,3.00,225.0,232.9
AL945,2026-02-09 16:07:30+00:00,85,10.288,34.69,3.08,167.5,234.4
MHJ45,2026-02-09 16:07:30+00:00,70,11.150,37.66,3.22,227.5,240.9
MHJ45,2026-02-09 16:15:00+00:00,70,11.138,36.85,3.22,140.0,252.0
AL945,2026-02-09 16:15:00+00:00,70,10.638,36.03,3.10,227.5,240.3
MHJ45,2026-02-09 16:22:30+00:00,60,11.000,35.87,3.10,210.0,249.6
AL945,2026-02-09 16:22:30+00:00,70,10.463,35.52,3.10,222.5,236.2
AL945,2026-02-09 16:30:00+00:00,90,10.888,35.94,3.10,145.0,248.0
MHJ45,2026-02-09 16:30:00+00:00,70,10.900,35.32,3.00,217.5,255.0
AL945,2026-02-09 16:37:30+00:00,95,10.988,37.67,3.10,217.5,237.4
MHJ45,2026-02-09 16:37:30+00:00,90,11.250,36.10,3.00,212.5,256.4
AL945,2026-02-09 16:45:00+00:00,90,11.050,37.85,3.08,192.5,237.8
MHJ45,2026-02-09 16:45:00+00:00,70,11.350,37.69,,197.5,255.1
MHJ45,2026-02-09 16:52:30+00:00,70,11.352,37.94,3.17,232.5,248.9
AL945,2026-02-09 16:52:30+00:00,0,11.200,38.04,3.10,334.3,
AL945,2026-02-09 17:00:00+00:00,85,10.963,36.38,3.20,202.5,239.2
MHJ45,2026-02-09 17:00:00+00:00,70,11.150,37.32,3.13,217.5,243.6
AL945,2026-02-09 17:07:30+00:00,85,11.038,37.11,2.85,227.5,239.1
MHJ45,2026-02-09 17:07:30+00:00,70,11.075,36.17,3.17,217.5,251.5
AL945,2026-02-09 17:15:00+00:00,65,11.063,36.30,3.22,222.5,252.7
MHJ45,2026-02-09 17:15:00+00:00,65,11.150,36.65,3.13,205.0,249.9
AL945,2026-02-09 17:22:30+00:00,90,10.963,36.40,3.15,220.0,248.3
MHJ45,2026-02-09 17:22:30+00:00,90,11.050,36.38,3.15,230.0,246.1
AL945,2026-02-09 17:30:00+00:00,95,10.963,36.39,3.22,210.0,249.2
MHJ45,2026-02-09 17:30:00+00:00,70,10.600,35.25,3.22,220.0,234.3
AL945,2026-02-09 17:37:30+00:00,90,10.838,36.22,3.22,205.0,245.8
MHJ45,2026-02-09 17:37:30+00:00,40,9.075,33.78,3.13,200.0,207.2
AL945,2026-02-09 17:45:00+00:00,85,10.563,35.44,3.22,197.5,238.7
MHJ45,2026-02-09 17:45:00+00:00,60,9.175,32.23,2.67,212.5,224.8
MHJ45,2026-02-09 17:52:30+00:00,65,10.450,33.76,3.13,227.5,255.2
AL945,2026-02-09 17:52:30+00:00,40,9.982,33.67,3.10,222.5,231.6
MHJ45,2026-02-09 18:00:00+00:00,70,10.900,35.03,3.10,197.5,252.5
AL945,2026-02-09 18:00:00+00:00,90,10.538,34.38,3.05,220.0,244.8
AL945,2026-02-09 18:07:30+00:00,45,8.775,33.46,3.05,182.5,208.7
MHJ45,2026-02-09 18:07:30+00:00,60,10.850,35.71,3.15,182.5,252.9
AL945,2026-02-09 18:15:00+00:00,90,10.538,34.15,3.22,210.0,251.4
MHJ45,2026-02-09 18:15:00+00:00,70,10.806,35.67,3.10,227.5,258.6
MHJ45,2026-02-09 18:22:30+00:00,70,10.650,34.38,3.05,197.5,257.2
AL945,2026-02-09 18:22:30+00:00,95,10.538,35.52,3.05,225.0,241.2
MHJ45,2026-02-09 18:30:00+00:00,50,10.782,35.89,2.78,217.5,253.4
AL945,2026-02-09 18:30:00+00:00,95,10.413,34.47,3.20,225.0,247.1
MHJ45,2026-02-09 18:37:30+00:00,70,10.638,35.49,3.17,187.5,253.8
AL945,2026-02-09 18:37:30+00:00,80,10.288,33.93,3.20,230.0,241.0
MHJ45,2026-02-09 18:45:00+00:00,60,10.225,34.53,2.92,202.5,244.1
AL945,2026-02-09 18:45:00+00:00,90,9.988,31.59,3.20,140.0,254.7
MHJ45,2026-02-09 18:52:30+00:00,65,8.450,30.94,3.10,210.0,208.1
AL945,2026-02-09 18:52:30+00:00,85,10.313,33.04,3.17,217.5,252.6
MHJ45,2026-02-09 19:00:00+00:00,40,9.132,32.56,2.72,250.6,232.0
AL945,2026-02-09 19:00:00+00:00,45,10.463,33.68,3.10,222.5,252.9
AL945,2026-02-09 19:07:30+00:00,80,10.588,34.19,3.13,230.0,257.2
MHJ45,2026-02-09 19:07:30+00:00,70,10.425,34.17,2.88,210.0,262.7
MHJ45,2026-02-09 19:15:00+00:00,40,9.132,33.38,2.88,215.0,225.1
AL945,2026-02-09 19:15:00+00:00,60,10.525,33.30,3.00,202.5,259.1
AL945,2026-02-09 19:22:30+00:00,60,10.463,33.70,3.10,217.5,258.4
MHJ45,2026-02-09 19:22:30+00:00,60,10.288,33.70,2.75,237.5,253.4
AL945,2026-02-09 19:30:00+00:00,0,10.625,33.99,3.05,202.5,
MHJ45,2026-02-09 19:30:00+00:00,0,10.150,32.75,2.97,225.0,
MHJ45,2026-02-09 19:37:30+00:00,60,10.225,32.52,2.67,222.5,269.7
AL945,2026-02-09 19:37:30+00:00,70,10.525,34.28,3.05,217.5,250.3
AL945,2026-02-09 19:45:00+00:00,90,10.825,34.91,2.85,195.0,263.7
MHJ45,2026-02-09 19:45:00+00:00,60,10.125,32.64,2.63,217.5,257.1
MHJ45,2026-02-09 19:52:30+00:00,90,10.275,32.92,2.88,215.0,258.3
AL945,2026-02-09 19:52:30+00:00,80,10.775,35.01,2.90,190.0,254.4
MHJ45,2026-02-09 20:00:00+00:00,70,10.350,33.66,2.53,217.5,261.5
AL945,2026-02-09 20:00:00+00:00,95,10.663,34.76,2.88,227.5,254.9
MHJ45,2026-02-09 20:07:30+00:00,70,10.250,33.36,2.58,220.0,252.7
AL945,2026-02-09 20:07:30+00:00,90,10.550,34.64,2.90,222.5,254.2
MHJ45,2026-02-09 20:15:00+00:00,70,10.325,33.27,2.60,222.5,264.0
AL945,2026-02-09 20:15:00+00:00,95,10.325,33.64,2.90,217.5,256.6
MHJ45,2026-02-09 20:22:30+00:00,70,10.400,33.56,2.55,227.5,264.9
AL945,2026-02-09 20:22:30+00:00,75,10.313,33.04,2.85,215.0,259.2
AL945,2026-02-09 20:30:00+00:00,70,10.463,33.49,2.78,155.0,261.8
MHJ45,2026-02-09 20:30:00+00:00,60,10.350,34.94,2.53,220.0,252.8
MHJ45,2026-02-09 20:37:30+00:00,70,10.300,33.36,2.53,222.5,260.9
AL945,2026-02-09 20:37:30+00:00,90,10.525,34.80,2.75,215.0,254.8
MHJ45,2026-02-09 20:45:00+00:00,40,10.263,33.49,2.53,222.5,258.0
AL945,2026-02-09 20:45:00+00:00,0,10.075,34.31,2.70,225.0,
AL945,2026-02-09 20:52:30+00:00,80,9.913,32.10,2.78,220.0,252.3
MHJ45,2026-02-09 20:52:30+00:00,70,10.000,32.75,2.47,222.5,256.4
MHJ45,2026-02-09 21:00:00+00:00,70,9.975,32.61,2.35,217.5,260.2
AL945,2026-02-09 21:00:00+00:00,90,9.675,31.09,2.70,220.0,253.5
MHJ45,2026-02-09 21:07:30+00:00,70,9.950,32.34,2.35,220.0,261.2
AL945,2026-02-09 21:07:30+00:00,85,9.800,31.67,2.63,217.5,254.7
AL945,2026-02-09 21:15:00+00:00,60,8.888,32.01,2.58,222.5,231.1
MHJ45,2026-02-09 21:15:00+00:00,60,10.025,32.81,2.17,220.0,263.7
AL945,2026-02-09 21:22:30+00:00,75,10.013,32.84,2.53,152.5,257.6
MHJ45,2026-02-09 21:22:30+00:00,60,9.875,31.85,2.05,220.0,263.1
MHJ45,2026-02-09 21:30:00+00:00,70,9.875,32.05,2.05,217.5,260.8
AL945,2026-02-09 21:30:00+00:00,95,9.888,32.64,2.45,225.0,253.3
MHJ45,2026-02-09 21:37:30+00:00,70,9.875,32.61,,217.5,264.5
AL945,2026-02-09 21:37:30+00:00,90,9.825,32.88,2.35,217.5,247.4
MHJ45,2026-02-09 21:45:00+00:00,70,9.650,32.70,,217.5,261.4
AL945,2026-02-09 21:45:00+00:00,75,9.850,32.55,2.25,220.0,256.2
AL945,2026-02-09 21:52:30+00:00,85,9.713,32.78,2.20,215.0,247.9
MHJ45,2026-02-09 21:52:30+00:00,65,9.575,31.13,,210.0,319.8
AL945,2026-02-09 22:00:00+00:00,45,8.850,31.09,2.15,210.0,231.6
MHJ45,2026-02-09 22:00:00+00:00,70,9.200,29.93,,205.0,263.3
AL945,2026-02-09 22:07:30+00:00,75,9.463,31.36,2.05,212.5,252.0
MHJ45,2026-02-09 22:07:30+00:00,60,9.150,29.44,,205.0,268.6
MHJ45,2026-02-09 22:15:00+00:00,70,8.800,28.43,,202.5,267.2
AL945,2026-02-09 22:15:00+00:00,85,9.625,32.07,,210.0,257.7
MHJ45,2026-02-09 22:22:30+00:00,70,8.725,27.60,,200.0,282.8
AL945,2026-02-09 22:22:30+00:00,85,9.300,30.65,,207.5,253.6
MHJ45,2026-02-09 22:30:00+00:00,70,8.550,26.88,,205.0,288.2
AL945,2026-02-09 22:30:00+00:00,60,9.150,30.35,,202.5,253.2
MHJ45,2026-02-09 22:37:30+00:00,70,8.375,26.16,,207.5,288.3
AL945,2026-02-09 22:37:30+00:00,45,8.650,30.17,,210.0,241.7
MHJ45,2026-02-09 22:45:00+00:00,70,8.350,25.66,,212.5,300.9
AL945,2026-02-09 22:45:00+00:00,75,8.550,29.27,,210.0,243.2
AL945,2026-02-09 22:52:30+00:00,75,8.425,28.24,,205.0,247.5
MHJ45,2026-02-09 22:52:30+00:00,70,8.275,25.46,,220.0,297.5
MHJ45,2026-02-09 23:00:00+00:00,70,8.225,25.50,,222.5,299.1
AL945,2026-02-09 23:00:00+00:00,70,8.225,27.10,,202.5,257.5
AL945,2026-02-09 23:07:30+00:00,40,7.100,25.60,,202.5,237.7
MHJ45,2026-02-09 23:07:30+00:00,70,8.150,25.40,,227.5,298.1
AL945,2026-02-09 23:15:00+00:00,70,7.875,24.41,,202.5,276.7
MHJ45,2026-02-09 23:15:00+00:00,70,8.125,25.26,,227.5,298.8
AL945,2026-02-09 23:22:30+00:00,45,8.150,25.37,,210.0,287.3
MHJ45,2026-02-09 23:22:30+00:00,70,8.150,25.48,,230.0,300.7
AL945,2026-02-09 23:30:00+00:00,70,8.200,25.95,,225.0,284.2
MHJ45,2026-02-09 23:30:00+00:00,70,8.175,25.76,,227.5,297.7
AL945,2026-02-09 23:37:30+00:00,70,8.200,26.31,,220.0,276.1
MHJ45,2026-02-09 23:37:30+00:00,70,8.175,26.02,,227.5,294.4
AL945,2026-02-09 23:45:00+00:00,60,8.250,26.37,,220.0,281.6
MHJ45,2026-02-09 23:45:00+00:00,75,8.000,26.13,,225.0,278.8
MHJ45,2026-02-09 23:52:30+00:00,75,7.925,25.52,,222.5,287.9
AL945,2026-02-09 23:52:30+00:00,70,8.100,25.72,,215.0,281.5
AL945,2026-02-10 00:00:00+00:00,90,7.925,25.95,,220.0,270.9
MHJ45,2026-02-10 00:00:00+00:00,75,7.825,25.24,,222.5,286.6
MHJ45,2026-02-10 00:07:30+00:00,70,7.725,25.21,,220.0,280.9
AL945,2026-02-10 00:07:30+00:00,70,7.800,25.66,,217.5,270.9
MHJ45,2026-02-10 00:15:00+00:00,75,7.600,25.06,,217.5,276.0
AL945,2026-02-10 00:15:00+00:00,90,7.600,24.32,,212.5,282.4
MHJ45,2026-02-10 00:22:30+00:00,70,7.525,24.43,,212.5,284.5
AL945,2026-02-10 00:22:30+00:00,0,7.375,23.22,,210.0,
MHJ45,2026-02-10 00:30:00+00:00,75,7.325,24.01,,212.5,277.3
AL945,2026-02-10 00:30:00+00:00,70,7.375,23.24,,215.0,289.9
AL945,2026-02-10 00:37:30+00:00,70,7.400,23.44,,225.0,289.4
MHJ45,2026-02-10 00:37:30+00:00,70,7.050,22.82,,210.0,276.3
AL945,2026-02-10 00:45:00+00:00,40,6.675,24.05,,225.0,254.4
MHJ45,2026-02-10 00:45:00+00:00,70,6.975,22.63,,212.5,277.1
AL945,2026-02-10 00:52:30+00:00,70,7.175,24.01,,220.0,268.6
MHJ45,2026-02-10 00:52:30+00:00,75,6.850,22.27,,215.0,280.4
AL945,2026-02-10 01:00:00+00:00,50,7.150,23.34,,217.5,277.1
MHJ45,2026-02-10 01:00:00+00:00,70,6.750,21.94,,215.0,282.0
AL945,2026-02-10 01:07:30+00:00,70,7.000,23.13,,217.5,275.4
MHJ45,2026-02-10 01:07:30+00:00,70,6.450,21.52,,215.0,264.5
AL945,2026-02-10 01:15:00+00:00,60,5.650,21.46,,215.0,235.9
MHJ45,2026-02-10 01:15:00+00:00,0,6.150,19.97,,215.0,
AL945,2026-02-10 01:22:30+00:00,50,6.425,20.85,,217.5,272.9
MHJ45,2026-02-10 01:22:30+00:00,75,5.950,19.07,,220.0,286.3
MHJ45,2026-02-10 01:30:00+00:00,75,5.700,18.13,,222.5,285.0
AL945,2026-02-10 01:30:00+00:00,90,6.300,20.21,,222.5,285.3
MHJ45,2026-02-10 01:37:30+00:00,0,5.600,17.16,,225.0,
AL945,2026-02-10 01:37:30+00:00,60,6.225,21.56,,225.0,263.4
MHJ45,2026-02-10 01:45:00+00:00,60,5.700,17.78,,230.0,295.4
AL945,2026-02-10 01:45:00+00:00,90,6.125,20.04,,220.0,283.2
AL945,2026-02-10 01:52:30+00:00,90,6.000,19.60,,222.5,277.9
MHJ45,2026-02-10 01:52:30+00:00,0,5.625,17.40,,230.0,
MHJ45,2026-02-10 02:00:00+00:00,0,5.600,17.09,,232.5,
AL945,2026-02-10 02:00:00+00:00,80,5.850,19.77,,220.0,264.6
AL945,2026-02-10 02:07:30+00:00,90,5.875,18.73,,222.5,282.4
MHJ45,2026-02-10 02:07:30+00:00,70,5.500,16.73,,235.0,303.5
MHJ45,2026-02-10 02:15:00+00:00,70,5.525,16.59,,237.5,305.4
AL945,2026-02-10 02:15:00+00:00,90,5.775,18.64,,227.5,276.8
MHJ45,2026-02-10 02:22:30+00:00,80,5.650,17.19,,242.5,310.0
AL945,2026-02-10 02:22:30+00:00,90,5.650,18.29,,225.0,278.2
AL945,2026-02-10 02:30:00+00:00,90,5.575,18.90,,230.0,269.7
MHJ45,2026-02-10 02:30:00+00:00,60,5.600,17.26,,242.5,293.5
AL945,2026-02-10 02:37:30+00:00,60,5.375,18.59,,220.0,261.2
MHJ45,2026-02-10 02:37:30+00:00,70,5.725,18.33,,257.5,302.3
MHJ45,2026-02-10 02:45:00+00:00,40,5.200,18.10,,235.0,267.6
AL945,2026-02-10 02:45:00+00:00,60,4.275,16.53,,217.5,231.0
MHJ45,2026-02-10 02:52:30+00:00,70,5.625,17.83,,232.5,284.8
AL945,2026-02-10 02:52:30+00:00,40,4.975,17.06,,217.5,257.0
AL945,2026-02-10 03:00:00+00:00,60,5.150,17.12,,222.5,269.4
MHJ45,2026-02-10 03:00:00+00:00,40,5.550,17.87,,242.5,285.0
MHJ45,2026-02-10 03:07:30+00:00,80,5.475,17.15,,230.0,285.8
AL945,2026-02-10 03:07:30+00:00,0,4.925,16.07,,220.0,
AL945,2026-02-10 03:15:00+00:00,0,4.725,15.63,,240.0,
MHJ45,2026-02-10 03:15:00+00:00,40,4.400,15.93,,230.0,250.7
MHJ45,2026-02-10 03:22:30+00:00,70,5.050,16.36,,232.5,291.5
AL945,2026-02-10 03:22:30+00:00,0,4.375,13.97,,227.5,
MHJ45,2026-02-10 03:30:00+00:00,80,5.100,15.78,,237.5,293.3
AL945,2026-02-10 03:30:00+00:00,70,4.350,14.39,,230.0,276.1
MHJ45,2026-02-10 03:37:30+00:00,60,4.900,15.73,,240.0,283.5
AL945,2026-02-10 03:37:30+00:00,60,4.150,13.33,,235.0,277.6
MHJ45,2026-02-10 03:45:00+00:00,70,4.750,14.70,,240.0,292.1
AL945,2026-02-10 03:45:00+00:00,60,4.075,13.04,,237.5,283.8
MHJ45,2026-02-10 03:52:30+00:00,70,4.575,14.85,,250.0,287.9
AL945,2026-02-10 03:52:30+00:00,60,4.000,13.10,,242.5,272.9
MHJ45,2026-02-10 04:00:00+00:00,70,4.525,14.20,,247.5,303.2
AL945,2026-02-10 04:00:00+00:00,70,3.875,13.90,,240.0,255.7
MHJ45,2026-02-10 04:07:30+00:00,70,4.525,13.73,,250.0,299.1
AL945,2026-02-10 04:07:30+00:00,70,3.525,12.33,,237.5,256.7
MHJ45,2026-02-10 04:15:00+00:00,65,4.350,14.26,,255.0,289.4
AL945,2026-02-10 04:15:00+00:00,40,3.700,11.76,,240.0,286.9
MHJ45,2026-02-10 04:22:30+00:00,40,3.725,13.16,,257.5,269.8
AL945,2026-02-10 04:22:30+00:00,0,3.600,11.09,,252.5,
AL945,2026-02-10 04:30:00+00:00,70,3.500,10.99,,255.0,295.5
MHJ45,2026-02-10 04:30:00+00:00,40,3.600,12.80,,260.0,269.8
AL945,2026-02-10 04:37:30+00:00,70,3.375,10.82,,252.5,286.6
MHJ45,2026-02-10 04:37:30+00:00,70,3.925,13.41,,267.5,281.3
MHJ45,2026-02-10 04:45:00+00:00,70,4.300,13.20,,262.5,310.7
AL945,2026-02-10 04:45:00+00:00,0,3.500,10.03,,265.0,
MHJ45,2026-02-10 04:52:30+00:00,70,4.375,13.31,,270.0,314.7
AL945,2026-02-10 04:52:30+00:00,70,3.375,10.43,,267.5,307.9
AL945,2026-02-10 05:00:00+00:00,70,3.350,10.26,,262.5,303.9
MHJ45,2026-02-10 05:00:00+00:00,40,4.100,12.97,,270.0,301.3
MHJ45,2026-02-10 05:07:30+00:00,70,4.375,12.83,,267.5,322.0
AL945,2026-02-10 05:07:30+00:00,70,3.300,9.97,,277.5,317.2
AL945,2026-02-10 05:15:00+00:00,70,3.250,9.59,,272.5,318.8
MHJ45,2026-02-10 05:15:00+00:00,65,4.150,12.43,,270.0,315.7
AL945,2026-02-10 05:22:30+00:00,70,3.275,9.64,,280.0,332.6
MHJ45,2026-02-10 05:22:30+00:00,60,4.275,12.63,,270.0,320.0
AL945,2026-02-10 05:30:00+00:00,70,3.175,9.57,,280.0,314.0
MHJ45,2026-02-10 05:30:00+00:00,60,4.100,12.65,,270.0,306.9
MHJ45,2026-02-10 05:37:30+00:00,70,3.750,11.90,,270.0,297.9
AL945,2026-02-10 05:37:30+00:00,70,3.050,9.24,,282.5,314.0
AL945,2026-02-10 05:45:00+00:00,70,2.975,9.02,,295.0,307.4
MHJ45,2026-02-10 05:45:00+00:00,70,3.950,11.62,,275.0,325.0
AL945,2026-02-10 05:52:30+00:00,40,2.975,8.94,,297.5,318.2
MHJ45,2026-02-10 05:52:30+00:00,70,3.825,11.24,,277.5,319.2
AL945,2026-02-10 06:00:00+00:00,70,2.850,8.72,,302.5,308.9
MHJ45,2026-02-10 06:00:00+00:00,70,3.700,10.84,,280.0,328.1
AL945,2026-02-10 06:07:30+00:00,40,2.850,8.26,,332.5,326.5
MHJ45,2026-02-10 06:07:30+00:00,70,3.700,11.29,,285.0,317.5
MHJ45,2026-02-10 06:15:00+00:00,70,3.650,10.69,,287.5,332.3
AL945,2026-02-10 06:15:00+00:00,70,2.775,8.67,,307.5,302.5
MHJ45,2026-02-10 06:22:30+00:00,70,3.500,10.69,,292.5,315.8
AL945,2026-02-10 06:22:30+00:00,70,2.825,8.39,,307.5,318.2
AL945,2026-02-10 06:30:00+00:00,70,2.900,8.32,,305.0,343.7
MHJ45,2026-02-10 06:30:00+00:00,70,3.575,10.57,,295.0,325.1
AL945,2026-02-10 06:37:30+00:00,70,2.550,7.86,,315.0,305.2
MHJ45,2026-02-10 06:37:30+00:00,70,3.675,10.52,,295.0,340.8
MHJ45,2026-02-10 06:45:00+00:00,70,3.475,10.26,,300.0,321.7
AL945,2026-02-10 06:45:00+00:00,70,2.750,8.57,,317.5,305.8
AL945,2026-02-10 06:52:30+00:00,70,2.525,7.74,,307.5,307.9
MHJ45,2026-02-10 06:52:30+00:00,70,3.600,10.38,,300.0,331.6
AL945,2026-02-10 07:00:00+00:00,40,2.925,8.73,,315.0,323.3
MHJ45,2026-02-10 07:00:00+00:00,40,2.800,9.54,,300.0,283.6
AL945,2026-02-10 07:07:30+00:00,70,2.775,8.11,,317.5,328.8
MHJ45,2026-02-10 07:07:30+00:00,40,3.675,10.61,,300.0,342.1
MHJ45,2026-02-10 07:15:00+00:00,70,3.925,11.11,,302.5,345.3
AL945,2026-02-10 07:15:00+00:00,70,2.750,8.06,,325.0,323.9
AL945,2026-02-10 07:22:30+00:00,70,2.650,8.39,,325.0,301.3
MHJ45,2026-02-10 07:22:30+00:00,60,3.725,10.94,,305.0,333.6
AL945,2026-02-10 07:30:00+00:00,40,3.400,9.38,,317.5,360.6
MHJ45,2026-02-10 07:30:00+00:00,20,3.825,10.85,,300.0,357.7
AL945,2026-02-10 07:37:30+00:00,70,2.725,8.30,,320.0,315.4
MHJ45,2026-02-10 07:37:30+00:00,40,3.275,10.89,,297.5,298.1
AL945,2026-02-10 07:45:00+00:00,70,2.800,8.53,,320.0,318.6
MHJ45,2026-02-10 07:45:00+00:00,70,3.775,10.94,,297.5,344.1
AL945,2026-02-10 07:52:30+00:00,60,3.000,8.93,,335.0,334.0
MHJ45,2026-02-10 07:52:30+00:00,70,3.675,11.25,,300.0,319.1
AL945,2026-02-10 08:00:00+00:00,40,2.550,7.24,,360.0,336.7
MHJ45,2026-02-10 08:00:00+00:00,70,3.875,11.46,,297.5,330.6
AL945,2026-02-10 08:07:30+00:00,70,2.525,8.09,,322.5,295.7
MHJ45,2026-02-10 08:07:30+00:00,70,3.750,11.71,,295.0,314.1
MHJ45,2026-02-10 08:15:00+00:00,70,3.925,11.80,,292.5,324.7
AL945,2026-02-10 08:15:00+00:00,20,2.550,8.30,,315.0,288.1
AL945,2026-02-10 08:22:30+00:00,70,2.750,8.84,,305.0,293.9
MHJ45,2026-02-10 08:22:30+00:00,70,3.925,11.29,,290.0,344.3
AL945,2026-02-10 08:30:00+00:00,70,2.850,8.52,,295.0,335.8
MHJ45,2026-02-10 08:30:00+00:00,70,3.950,11.51,,287.5,328.3
AL945,2026-02-10 08:37:30+00:00,70,3.250,9.51,,312.5,331.4
MHJ45,2026-02-10 08:37:30+00:00,70,3.975,11.85,,282.5,321.2
AL945,2026-02-10 08:45:00+00:00,70,2.875,8.67,,300.0,315.1
MHJ45,2026-02-10 08:45:00+00:00,70,4.050,12.60,,277.5,312.4
AL945,2026-02-10 08:52:30+00:00,60,3.100,9.77,,290.0,302.9
MHJ45,2026-02-10 08:52:30+00:00,70,4.050,12.10,,272.5,318.4
MHJ45,2026-02-10 09:00:00+00:00,70,4.050,12.30,,267.5,306.9
AL945,2026-02-10 09:00:00+00:00,60,2.825,8.84,,295.0,300.7
AL945,2026-02-10 09:07:30+00:00,70,2.800,9.21,,285.0,287.1
MHJ45,2026-02-10 09:07:30+00:00,60,4.175,12.63,,262.5,305.6
AL945,2026-02-10 09:15:00+00:00,60,2.675,8.94,,292.5,279.5
MHJ45,2026-02-10 09:15:00+00:00,60,4.050,13.27,,260.0,286.5
AL945,2026-02-10 09:22:30+00:00,60,3.300,9.99,,287.5,310.3
MHJ45,2026-02-10 09:22:30+00:00,70,4.175,13.27,,247.5,296.8
MHJ45,2026-02-10 09:30:00+00:00,70,4.175,13.39,,245.0,293.6
AL945,2026-02-10 09:30:00+00:00,70,3.425,9.99,,292.5,324.6
AL945,2026-02-10 09:37:30+00:00,40,2.800,9.42,,287.5,278.5
MHJ45,2026-02-10 09:37:30+00:00,70,4.125,13.04,,242.5,293.9
AL945,2026-02-10 09:45:00+00:00,60,2.800,9.46,,285.0,277.8
MHJ45,2026-02-10 09:45:00+00:00,0,4.075,12.85,,232.5,
AL945,2026-02-10 09:52:30+00:00,70,3.675,11.05,,280.0,312.1
MHJ45,2026-02-10 09:52:30+00:00,50,3.700,13.43,,237.5,256.5
MHJ45,2026-02-10 10:00:00+00:00,70,3.525,12.96,,222.5,238.5
AL945,2026-02-10 10:00:00+00:00,20,2.900,10.07,,282.5,268.1
AL945,2026-02-10 10:07:30+00:00,70,3.525,11.36,,267.5,289.4
MHJ45,2026-02-10 10:07:30+00:00,0,3.750,12.65,,225.0,
AL945,2026-02-10 10:15:00+00:00,70,3.425,10.82,,270.0,297.1
MHJ45,2026-02-10 10:15:00+00:00,70,3.875,12.58,,230.0,274.3
AL945,2026-02-10 10:22:30+00:00,70,3.375,10.98,,267.5,288.2
MHJ45,2026-02-10 10:22:30+00:00,70,3.350,11.67,,227.5,256.6
AL945,2026-02-10 10:30:00+00:00,70,3.225,10.91,,262.5,275.6
MHJ45,2026-02-10 10:30:00+00:00,0,3.400,10.83,,225.0,
AL945,2026-02-10 10:37:30+00:00,70,3.275,10.23,,260.0,302.4
MHJ45,2026-02-10 10:37:30+00:00,70,3.300,10.44,,230.0,281.2
AL945,2026-02-10 10:45:00+00:00,40,2.775,10.25,,250.0,247.0
MHJ45,2026-02-10 10:45:00+00:00,70,2.975,10.43,,242.5,254.8
MHJ45,2026-02-10 10:52:30+00:00,60,3.025,10.56,,250.0,257.6
AL945,2026-02-10 10:52:30+00:00,20,2.450,9.45,,245.0,232.6
AL945,2026-02-10 11:00:00+00:00,40,2.250,8.48,,255.0,237.3
MHJ45,2026-02-10 11:00:00+00:00,70,3.275,10.64,,242.5,278.9
AL945,2026-02-10 11:07:30+00:00,60,2.175,6.34,,402.5,309.7
MHJ45,2026-02-10 11:07:30+00:00,70,3.050,10.36,,230.0,260.0
MHJ45,2026-02-10 11:15:00+00:00,70,3.038,9.68,,265.0,269.0
AL945,2026-02-10 11:15:00+00:00,70,2.275,5.86,,485.0,364.7
MHJ45,2026-02-10 11:22:30+00:00,70,3.300,10.06,,257.5,294.6
AL945,2026-02-10 11:22:30+00:00,45,2.325,6.63,,357.6,331.1
MHJ45,2026-02-10 11:30:00+00:00,70,3.575,11.38,,240.0,274.8
AL945,2026-02-10 11:30:00+00:00,70,2.225,5.70,,495.0,353.8
MHJ45,2026-02-10 11:37:30+00:00,60,3.975,13.76,,232.5,246.4
AL945,2026-02-10 11:37:30+00:00,45,2.175,6.49,,367.8,315.2
MHJ45,2026-02-10 11:45:00+00:00,40,4.700,15.63,,225.0,264.0
AL945,2026-02-10 11:45:00+00:00,70,2.200,5.52,,500.0,392.4
MHJ45,2026-02-10 11:52:30+00:00,40,4.900,17.10,,222.5,244.5
MHJ45,2026-02-10 12:00:00+00:00,70,5.550,18.62,,225.0,244.3
AL945,2026-02-10 12:00:00+00:00,60,2.475,7.16,,355.0,319.0
MHJ45,2026-02-10 12:07:30+00:00,70,5.975,21.76,,222.5,227.7
AL945,2026-02-10 12:07:30+00:00,70,2.600,7.93,,312.5,288.7
MHJ45,2026-02-10 12:15:00+00:00,80,6.175,22.44,,210.0,227.7
AL945,2026-02-10 12:15:00+00:00,70,2.838,9.17,,303.8,263.9
MHJ45,2026-02-10 12:22:30+00:00,70,6.375,22.55,,210.0,230.4
AL945,2026-02-10 12:22:30+00:00,70,3.200,10.46,,255.0,264.4
MHJ45,2026-02-10 12:30:00+00:00,70,6.625,23.99,2.05,210.0,223.7
AL945,2026-02-10 12:30:00+00:00,70,3.725,11.99,,245.0,259.3
MHJ45,2026-02-10 12:37:30+00:00,40,6.325,23.58,2.17,200.0,211.4
AL945,2026-02-10 12:37:30+00:00,70,4.125,13.95,,235.0,251.6
AL945,2026-02-10 12:45:00+00:00,80,4.575,15.84,,227.5,245.2
MHJ45,2026-02-10 12:45:00+00:00,60,6.853,23.61,2.25,287.5,230.1
MHJ45,2026-02-10 12:52:30+00:00,60,7.113,26.11,2.42,212.5,213.7
AL945,2026-02-10 12:52:30+00:00,70,5.150,18.87,,235.0,228.7
MHJ45,2026-02-10 13:00:00+00:00,50,7.313,26.08,2.45,178.0,220.8
AL945,2026-02-10 13:00:00+00:00,70,5.700,21.37,,220.0,220.3
AL945,2026-02-10 13:07:30+00:00,60,5.752,22.80,,220.0,212.0
MHJ45,2026-02-10 13:07:30+00:00,60,7.500,28.03,2.47,215.0,221.8
MHJ45,2026-02-10 13:15:00+00:00,70,7.763,28.26,2.55,215.0,215.6
AL945,2026-02-10 13:15:00+00:00,70,5.738,20.84,,260.4,229.5
MHJ45,2026-02-10 13:22:30+00:00,70,8.087,28.94,2.58,215.0,225.3
AL945,2026-02-10 13:22:30+00:00,40,6.113,21.69,2.05,217.5,225.8
MHJ45,2026-02-10 13:30:00+00:00,70,8.425,29.74,2.65,212.5,234.6
AL945,2026-02-10 13:30:00+00:00,80,6.125,22.16,2.08,215.0,224.5
MHJ45,2026-02-10 13:37:30+00:00,90,8.625,30.95,2.72,215.0,225.9
AL945,2026-02-10 13:37:30+00:00,60,6.579,23.69,2.13,230.0,230.1
MHJ45,2026-02-10 13:45:00+00:00,90,8.500,30.87,2.78,207.5,218.0
AL945,2026-02-10 13:45:00+00:00,60,6.588,24.36,2.22,207.5,211.0
MHJ45,2026-02-10 13:52:30+00:00,70,8.607,31.34,2.78,217.5,219.7
AL945,2026-02-10 13:52:30+00:00,80,6.650,24.66,2.25,197.5,209.0
MHJ45,2026-02-10 14:00:00+00:00,70,8.750,30.85,2.83,212.5,225.0
AL945,2026-02-10 14:00:00+00:00,80,6.731,24.69,2.35,210.0,211.4
MHJ45,2026-02-10 14:07:30+00:00,90,8.525,29.90,2.88,217.5,228.1
AL945,2026-02-10 14:07:30+00:00,90,6.750,24.33,2.40,197.5,214.5
MHJ45,2026-02-10 14:15:00+00:00,70,9.100,31.83,2.92,212.5,232.4
AL945,2026-02-10 14:15:00+00:00,70,6.807,24.76,2.47,212.5,214.3
AL945,2026-02-10 14:22:30+00:00,60,6.988,24.79,2.42,210.0,225.4
MHJ45,2026-02-10 14:22:30+00:00,75,9.300,33.98,2.97,217.5,224.0
AL945,2026-02-10 14:30:00+00:00,90,7.613,26.48,2.35,247.5,234.0
MHJ45,2026-02-10 14:30:00+00:00,70,9.525,35.09,3.00,217.5,216.1
AL945,2026-02-10 14:37:30+00:00,90,7.707,26.63,2.65,230.0,232.3
MHJ45,2026-02-10 14:37:30+00:00,40,8.700,34.20,3.03,207.5,198.2
AL945,2026-02-10 14:45:00+00:00,40,7.213,27.45,2.70,225.0,210.2
MHJ45,2026-02-10 14:45:00+00:00,70,8.463,31.55,3.05,207.5,204.6
MHJ45,2026-02-10 14:52:30+00:00,70,7.975,28.07,3.05,197.5,226.8
AL945,2026-02-10 14:52:30+00:00,20,7.513,29.06,2.72,227.5,207.2
AL945,2026-02-10 15:00:00+00:00,60,8.063,29.16,2.78,220.0,218.6
MHJ45,2026-02-10 15:00:00+00:00,70,8.388,27.72,3.10,217.5,238.9
AL945,2026-02-10 15:07:30+00:00,60,8.275,29.16,2.80,207.5,229.6
MHJ45,2026-02-10 15:07:30+00:00,50,8.975,27.96,3.13,195.0,354.8
MHJ45,2026-02-10 15:15:00+00:00,70,9.325,30.92,3.10,202.5,238.3
AL945,2026-02-10 15:15:00+00:00,90,8.313,29.47,2.80,217.5,223.0
AL945,2026-02-10 15:22:30+00:00,90,8.413,30.09,2.83,225.0,222.5
MHJ45,2026-02-10 15:22:30+00:00,70,9.825,33.41,3.17,195.0,241.1
MHJ45,2026-02-10 15:30:00+00:00,70,9.950,35.05,3.17,180.0,233.3
AL945,2026-02-10 15:30:00+00:00,40,7.832,30.23,2.75,220.0,206.5
MHJ45,2026-02-10 15:37:30+00:00,70,10.275,36.16,3.15,187.5,233.5
AL945,2026-02-10 15:37:30+00:00,40,7.400,28.93,2.85,205.0,198.9
AL945,2026-02-10 15:45:00+00:00,70,7.957,26.99,2.83,273.8,230.4
MHJ45,2026-02-10 15:45:00+00:00,75,10.025,35.83,3.13,162.5,226.0
MHJ45,2026-02-10 15:52:30+00:00,70,9.913,34.22,3.17,222.5,226.2
AL945,2026-02-10 15:52:30+00:00,60,8.138,27.70,2.90,210.0,228.9
AL945,2026-02-10 16:00:00+00:00,80,8.325,29.52,2.90,220.0,225.0
MHJ45,2026-02-10 16:00:00+00:00,60,10.163,33.75,3.25,220.0,237.0
AL945,2026-02-10 16:07:30+00:00,40,8.025,29.42,2.80,207.5,209.0
MHJ45,2026-02-10 16:07:30+00:00,70,9.700,33.43,2.97,217.5,232.6
AL945,2026-02-10 16:15:00+00:00,90,8.163,28.00,2.78,225.0,230.4
MHJ45,2026-02-10 16:15:00+00:00,70,9.850,34.29,2.97,215.0,230.8
AL945,2026-02-10 16:22:30+00:00,60,8.132,27.63,3.10,225.0,230.2
MHJ45,2026-02-10 16:22:30+00:00,40,9.875,32.98,3.00,212.5,235.6
AL945,2026-02-10 16:30:00+00:00,60,8.550,30.57,3.08,225.0,224.8
MHJ45,2026-02-10 16:30:00+00:00,70,9.425,31.46,3.28,212.5,242.4
AL945,2026-02-10 16:37:30+00:00,20,8.513,31.84,2.88,202.5,219.0
MHJ45,2026-02-10 16:37:30+00:00,70,9.588,30.99,3.08,220.0,251.4
AL945,2026-02-10 16:45:00+00:00,65,8.750,33.01,3.13,200.0,214.0
MHJ45,2026-02-10 16:45:00+00:00,90,10.000,33.31,,212.5,249.8
AL945,2026-02-10 16:52:30+00:00,65,8.638,32.70,2.95,227.5,212.1
MHJ45,2026-02-10 16:52:30+00:00,90,10.250,33.90,3.28,202.5,250.9
AL945,2026-02-10 17:00:00+00:00,80,8.413,30.29,2.85,207.5,210.3
MHJ45,2026-02-10 17:00:00+00:00,40,9.150,34.70,3.08,205.0,216.0
MHJ45,2026-02-10 17:07:30+00:00,70,10.650,35.79,,222.5,249.5
AL945,2026-02-10 17:07:30+00:00,80,8.525,28.73,3.20,202.5,231.0
MHJ45,2026-02-10 17:15:00+00:00,70,10.538,36.91,3.05,237.5,242.3
AL945,2026-02-10 17:15:00+00:00,40,8.250,30.55,3.17,227.5,209.5
MHJ45,2026-02-10 17:22:30+00:00,70,10.663,37.09,3.28,237.5,237.0
AL945,2026-02-10 17:22:30+00:00,40,8.238,30.16,3.17,230.0,212.7
MHJ45,2026-02-10 17:30:00+00:00,70,10.250,35.85,3.05,225.0,226.1
AL945,2026-02-10 17:30:00+00:00,40,7.425,28.97,3.15,202.5,197.4
AL945,2026-02-10 17:37:30+00:00,60,8.738,29.15,3.05,260.0,235.1
MHJ45,2026-02-10 17:37:30+00:00,70,9.813,33.52,3.20,217.5,228.6
MHJ45,2026-02-10 17:45:00+00:00,70,9.775,34.18,3.20,200.0,230.8
AL945,2026-02-10 17:45:00+00:00,70,8.125,29.32,3.03,200.0,216.7
MHJ45,2026-02-10 17:52:30+00:00,70,9.400,32.45,,220.0,237.6
AL945,2026-02-10 17:52:30+00:00,60,7.676,27.18,3.03,300.0,213.7
MHJ45,2026-02-10 18:00:00+00:00,40,8.500,30.94,3.20,217.5,209.3
AL945,2026-02-10 18:00:00+00:00,20,7.263,26.98,3.05,255.0,210.3
AL945,2026-02-10 18:07:30+00:00,85,9.188,30.17,3.10,235.0,242.6
MHJ45,2026-02-10 18:07:30+00:00,60,8.000,30.22,3.13,210.0,206.6
AL945,2026-02-10 18:15:00+00:00,80,9.125,29.53,2.90,240.0,244.3
MHJ45,2026-02-10 18:15:00+00:00,70,9.100,29.49,,215.0,249.9
MHJ45,2026-02-10 18:22:30+00:00,70,9.300,30.75,3.10,220.0,250.5
AL945,2026-02-10 18:22:30+00:00,80,9.213,30.90,2.88,240.0,240.3
MHJ45,2026-02-10 18:30:00+00:00,60,9.175,30.53,3.10,207.5,244.6
AL945,2026-02-10 18:30:00+00:00,60,9.263,30.68,3.05,240.0,241.1
AL945,2026-02-10 18:37:30+00:00,85,9.313,30.70,2.78,237.5,248.0
MHJ45,2026-02-10 18:37:30+00:00,70,9.125,29.35,3.10,215.0,258.1
MHJ45,2026-02-10 18:45:00+00:00,70,8.925,28.87,3.10,207.5,249.1
AL945,2026-02-10 18:45:00+00:00,95,9.363,30.38,2.97,237.5,252.5
AL945,2026-02-10 18:52:30+00:00,80,9.288,29.95,3.00,200.0,246.9
MHJ45,2026-02-10 18:52:30+00:00,60,9.200,28.79,3.03,215.0,263.3
AL945,2026-02-10 19:00:00+00:00,60,9.275,29.62,3.00,207.5,253.7
MHJ45,2026-02-10 19:00:00+00:00,60,9.200,29.03,2.78,212.5,256.5
AL945,2026-02-10 19:07:30+00:00,80,9.325,29.35,2.80,217.5,262.1
MHJ45,2026-02-10 19:07:30+00:00,70,9.375,29.67,3.03,207.5,260.4
AL945,2026-02-10 19:15:00+00:00,90,9.350,29.31,2.90,210.0,259.3
MHJ45,2026-02-10 19:15:00+00:00,70,9.500,29.80,2.97,212.5,271.3
MHJ45,2026-02-10 19:22:30+00:00,70,9.750,30.80,2.90,225.0,271.8
AL945,2026-02-10 19:22:30+00:00,60,7.850,28.92,2.85,212.5,222.5
MHJ45,2026-02-10 19:30:00+00:00,40,9.838,32.10,2.63,245.0,261.7
AL945,2026-02-10 19:30:00+00:00,75,9.450,30.46,2.85,205.0,262.4
MHJ45,2026-02-10 19:37:30+00:00,70,9.600,30.38,2.83,232.5,258.5
AL945,2026-02-10 19:37:30+00:00,70,9.325,29.88,2.72,215.0,260.1
MHJ45,2026-02-10 19:45:00+00:00,60,8.625,30.75,2.70,230.0,229.0
AL945,2026-02-10 19:45:00+00:00,85,8.738,29.53,2.83,230.0,237.8
AL945,2026-02-10 19:52:30+00:00,80,9.625,30.70,2.63,235.0,260.1
MHJ45,2026-02-10 19:52:30+00:00,70,9.900,31.89,2.65,230.0,263.6
AL945,2026-02-10 20:00:00+00:00,70,9.638,30.14,2.90,360.0,246.7
MHJ45,2026-02-10 20:00:00+00:00,70,9.825,31.48,2.55,227.5,258.5
AL945,2026-02-10 20:07:30+00:00,70,7.776,28.78,2.85,227.5,222.8
MHJ45,2026-02-10 20:07:30+00:00,80,9.725,31.99,,217.5,256.7
MHJ45,2026-02-10 20:15:00+00:00,70,9.650,30.74,2.65,225.0,260.3
AL945,2026-02-10 20:15:00+00:00,80,9.863,31.29,2.90,230.0,260.6
AL945,2026-02-10 20:22:30+00:00,90,9.938,31.57,2.88,222.5,270.7
MHJ45,2026-02-10 20:22:30+00:00,60,9.675,30.66,,225.0,267.2
AL945,2026-02-10 20:30:00+00:00,90,9.850,31.16,2.85,225.0,269.9
MHJ45,2026-02-10 20:30:00+00:00,70,9.700,30.50,2.55,225.0,276.1
MHJ45,2026-02-10 20:37:30+00:00,50,9.613,30.55,2.53,232.5,269.5
AL945,2026-02-10 20:37:30+00:00,70,9.663,30.40,2.75,235.0,264.7
AL945,2026-02-10 20:45:00+00:00,60,8.200,29.64,2.65,220.0,227.0
MHJ45,2026-02-10 20:45:00+00:00,60,9.575,30.08,2.53,227.5,270.8
AL945,2026-02-10 20:52:30+00:00,60,9.925,29.97,2.65,230.0,274.9
MHJ45,2026-02-10 20:52:30+00:00,70,9.500,29.87,2.50,222.5,276.8
MHJ45,2026-02-10 21:00:00+00:00,70,9.500,29.61,2.35,222.5,277.8
AL945,2026-02-10 21:00:00+00:00,70,9.913,31.03,2.53,332.5,241.5
AL945,2026-02-10 21:07:30+00:00,60,10.188,30.84,2.60,280.0,275.5
MHJ45,2026-02-10 21:07:30+00:00,40,8.538,29.57,2.22,152.5,239.3
AL945,2026-02-10 21:15:00+00:00,70,9.913,31.11,2.55,162.5,266.9
MHJ45,2026-02-10 21:15:00+00:00,80,9.525,29.92,2.25,220.0,273.6
AL945,2026-02-10 21:22:30+00:00,40,9.250,30.48,2.33,222.5,249.9
MHJ45,2026-02-10 21:22:30+00:00,60,9.625,30.62,2.20,225.0,264.2
AL945,2026-02-10 21:30:00+00:00,0,8.375,30.37,2.33,227.5,
MHJ45,2026-02-10 21:30:00+00:00,70,9.450,29.75,2.03,227.5,279.4
MHJ45,2026-02-10 21:37:30+00:00,70,9.425,28.96,,225.0,289.7
AL945,2026-02-10 21:37:30+00:00,40,10.175,32.30,2.38,225.0,267.1
MHJ45,2026-02-10 21:45:00+00:00,70,9.650,29.12,,222.5,299.6
AL945,2026-02-10 21:45:00+00:00,60,10.275,32.43,2.20,220.0,276.3
AL945,2026-02-10 21:52:30+00:00,80,10.138,31.72,2.22,162.5,271.9
MHJ45,2026-02-10 21:52:30+00:00,40,8.300,29.36,,227.5,249.0
AL945,2026-02-10 22:00:00+00:00,60,9.975,30.64,2.10,230.0,279.5
MHJ45,2026-02-10 22:00:00+00:00,70,9.425,30.44,,230.0,268.6
MHJ45,2026-02-10 22:07:30+00:00,20,9.325,31.87,,227.5,257.8
AL945,2026-02-10 22:07:30+00:00,80,10.025,31.61,2.05,230.0,269.3
AL945,2026-02-10 22:15:00+00:00,60,10.013,31.18,2.05,227.5,277.6
MHJ45,2026-02-10 22:15:00+00:00,65,9.625,30.56,,225.0,277.5
AL945,2026-02-10 22:22:30+00:00,60,9.775,29.66,,222.5,287.7
MHJ45,2026-02-10 22:22:30+00:00,40,9.275,29.44,,220.0,278.8
MHJ45,2026-02-10 22:30:00+00:00,70,9.175,28.29,,217.5,286.0
AL945,2026-02-10 22:30:00+00:00,60,9.188,29.49,,265.0,266.4
AL945,2026-02-10 22:37:30+00:00,40,8.625,28.88,,235.0,260.1
MHJ45,2026-02-10 22:37:30+00:00,60,9.325,28.27,,222.5,298.3
MHJ45,2026-02-10 22:45:00+00:00,75,8.175,28.73,,227.5,260.4
AL945,2026-02-10 22:45:00+00:00,40,8.050,29.18,,235.0,248.5
MHJ45,2026-02-10 22:52:30+00:00,70,8.800,28.36,,222.5,279.3
AL945,2026-02-10 22:52:30+00:00,60,10.088,31.67,,235.0,276.5
MHJ45,2026-02-10 23:00:00+00:00,70,8.800,27.70,,220.0,289.5
AL945,2026-02-10 23:00:00+00:00,60,8.925,31.95,,220.0,249.1
AL945,2026-02-10 23:07:30+00:00,60,6.975,27.44,,215.0,226.8
MHJ45,2026-02-10 23:07:30+00:00,60,9.025,27.35,,220.0,307.4
AL945,2026-02-10 23:15:00+00:00,80,10.125,32.62,,212.5,267.9
MHJ45,2026-02-10 23:15:00+00:00,40,8.900,27.51,,217.5,298.5
AL945,2026-02-10 23:22:30+00:00,60,8.025,30.16,,210.0,236.5
MHJ45,2026-02-10 23:22:30+00:00,0,8.650,26.91,,215.0,
MHJ45,2026-02-10 23:30:00+00:00,60,7.900,26.70,,215.0,264.3
AL945,2026-02-10 23:30:00+00:00,60,8.450,30.64,,207.5,242.9
MHJ45,2026-02-10 23:37:30+00:00,70,8.325,25.78,,217.5,286.4
AL945,2026-02-10 23:37:30+00:00,70,8.875,30.02,,205.0,255.4
MHJ45,2026-02-10 23:45:00+00:00,60,7.075,25.54,,217.5,251.9
AL945,2026-02-10 23:45:00+00:00,60,7.325,27.88,,205.0,231.3
MHJ45,2026-02-10 23:52:30+00:00,0,8.400,26.73,,222.5,
AL945,2026-02-10 23:52:30+00:00,80,9.275,30.13,,200.0,269.7
MHJ45,2026-02-11 00:00:00+00:00,70,8.250,26.45,,215.0,278.2
AL945,2026-02-11 00:00:00+00:00,40,8.450,30.37,,202.5,246.0
AL945,2026-02-11 00:07:30+00:00,20,8.450,29.35,,202.5,254.5
MHJ45,2026-02-11 00:07:30+00:00,0,8.025,25.93,,210.0,
AL945,2026-02-11 00:15:00+00:00,70,8.400,28.82,,205.0,255.8
MHJ45,2026-02-11 00:15:00+00:00,0,12.875,31.14,,207.5,
AL945,2026-02-11 00:22:30+00:00,0,8.400,27.91,,230.0,
MHJ45,2026-02-11 00:22:30+00:00,0,7.600,24.45,,207.5,
MHJ45,2026-02-11 00:30:00+00:00,70,7.300,23.61,,207.5,278.9
AL945,2026-02-11 00:30:00+00:00,45,7.800,27.34,,205.0,249.9
MHJ45,2026-02-11 00:37:30+00:00,0,7.050,22.15,,207.5,
AL945,2026-02-11 00:37:30+00:00,40,7.650,26.57,,207.5,258.8
MHJ45,2026-02-11 00:45:00+00:00,0,6.975,21.85,,210.0,
AL945,2026-02-11 00:45:00+00:00,90,7.625,24.83,,207.5,273.2
MHJ45,2026-02-11 00:52:30+00:00,60,6.725,22.12,,215.0,277.2
AL945,2026-02-11 00:52:30+00:00,40,6.800,24.08,,207.5,247.1
MHJ45,2026-02-11 01:00:00+00:00,0,6.625,20.64,,217.5,
AL945,2026-02-11 01:00:00+00:00,0,7.150,22.66,,220.0,
MHJ45,2026-02-11 01:07:30+00:00,50,6.375,19.86,,217.5,285.1
AL945,2026-02-11 01:07:30+00:00,60,6.875,21.91,,212.5,271.2
MHJ45,2026-02-11 01:15:00+00:00,70,6.250,19.34,,220.0,283.6
AL945,2026-02-11 01:15:00+00:00,70,6.800,22.03,,215.0,274.3
AL945,2026-02-11 01:22:30+00:00,90,6.700,21.58,,220.0,276.5
MHJ45,2026-02-11 01:22:30+00:00,60,5.350,18.80,,225.0,256.9
AL945,2026-02-11 01:30:00+00:00,40,5.525,20.37,,220.0,246.0
MHJ45,2026-02-11 01:30:00+00:00,70,6.075,19.38,,230.0,284.1
AL945,2026-02-11 01:37:30+00:00,0,6.125,19.09,,220.0,
MHJ45,2026-02-11 01:37:30+00:00,70,6.000,18.76,,232.5,301.7
MHJ45,2026-02-11 01:45:00+00:00,70,5.875,18.02,,232.5,301.3
AL945,2026-02-11 01:45:00+00:00,70,4.475,16.73,,222.5,239.1
MHJ45,2026-02-11 01:52:30+00:00,90,5.750,17.79,,232.5,299.6
AL945,2026-02-11 01:52:30+00:00,80,5.950,18.39,,222.5,286.7
MHJ45,2026-02-11 02:00:00+00:00,80,5.675,17.18,,235.0,294.5
AL945,2026-02-11 02:00:00+00:00,0,5.975,18.39,,227.5,
MHJ45,2026-02-11 02:07:30+00:00,90,5.450,17.06,,232.5,295.6
AL945,2026-02-11 02:07:30+00:00,90,5.750,18.39,,227.5,277.9
AL945,2026-02-11 02:15:00+00:00,80,5.625,17.42,,225.0,282.5
MHJ45,2026-02-11 02:15:00+00:00,90,5.375,16.14,,235.0,306.7
MHJ45,2026-02-11 02:22:30+00:00,0,5.350,16.16,,250.0,
AL945,2026-02-11 02:22:30+00:00,0,5.350,16.72,,220.0,
AL945,2026-02-11 02:30:00+00:00,0,5.050,15.66,,222.5,
MHJ45,2026-02-11 02:30:00+00:00,80,5.250,15.80,,237.5,305.9
MHJ45,2026-02-11 02:37:30+00:00,80,5.225,16.05,,237.5,296.0
AL945,2026-02-11 02:37:30+00:00,0,4.750,14.66,,222.5,
MHJ45,2026-02-11 02:45:00+00:00,0,5.025,14.84,,235.0,
AL945,2026-02-11 02:45:00+00:00,0,4.775,14.36,,240.0,
AL945,2026-02-11 02:52:30+00:00,0,4.625,14.42,,252.5,
MHJ45,2026-02-11 02:52:30+00:00,0,4.700,13.60,,235.0,
MHJ45,2026-02-11 03:00:00+00:00,0,4.700,13.07,,242.5,
AL945,2026-02-11 03:00:00+00:00,90,4.500,13.91,,245.0,299.2
MHJ45,2026-02-11 03:07:30+00:00,0,4.575,12.70,,252.5,
AL945,2026-02-11 03:07:30+00:00,80,4.375,13.71,,242.5,294.1
MHJ45,2026-02-11 03:15:00+00:00,80,4.550,12.89,,287.5,349.2
AL945,2026-02-11 03:15:00+00:00,0,4.100,12.24,,252.5,
MHJ45,2026-02-11 03:22:30+00:00,80,4.525,12.74,,277.5,353.2
AL945,2026-02-11 03:22:30+00:00,0,3.925,11.15,,252.5,
MHJ45,2026-02-11 03:30:00+00:00,80,4.675,12.92,,287.5,360.3
AL945,2026-02-11 03:30:00+00:00,80,3.675,10.41,,292.5,343.1
MHJ45,2026-02-11 03:37:30+00:00,80,4.800,13.30,,292.5,364.8
AL945,2026-02-11 03:37:30+00:00,40,3.950,10.78,,290.0,352.3
MHJ45,2026-02-11 03:45:00+00:00,60,4.950,14.16,,287.5,349.4
AL945,2026-02-11 03:45:00+00:00,80,4.025,11.66,,270.0,330.9
MHJ45,2026-02-11 03:52:30+00:00,80,4.950,14.41,,277.5,331.9
AL945,2026-02-11 03:52:30+00:00,70,3.725,11.65,,257.5,299.6
AL945,2026-02-11 04:00:00+00:00,0,3.525,10.99,,250.0,
MHJ45,2026-02-11 04:00:00+00:00,80,4.950,14.11,,267.5,333.8
MHJ45,2026-02-11 04:07:30+00:00,80,4.775,13.91,,262.5,321.0
AL945,2026-02-11 04:07:30+00:00,0,3.350,9.76,,260.0,
MHJ45,2026-02-11 04:15:00+00:00,80,4.750,13.59,,267.5,329.0
AL945,2026-02-11 04:15:00+00:00,70,3.325,9.28,,307.5,360.1
MHJ45,2026-02-11 04:22:30+00:00,70,3.925,12.83,,275.0,294.9
AL945,2026-02-11 04:22:30+00:00,80,3.375,9.35,,300.0,368.5
AL945,2026-02-11 04:30:00+00:00,80,3.275,9.33,,320.0,347.5
MHJ45,2026-02-11 04:30:00+00:00,80,4.625,13.09,,277.5,348.4
AL945,2026-02-11 04:37:30+00:00,80,3.350,9.01,,312.5,374.5
MHJ45,2026-02-11 04:37:30+00:00,40,4.400,12.60,,282.5,334.3
AL945,2026-02-11 04:45:00+00:00,80,3.400,9.24,,332.5,366.5
MHJ45,2026-02-11 04:45:00+00:00,80,4.550,13.08,,287.5,348.5
MHJ45,2026-02-11 04:52:30+00:00,70,4.550,13.13,,285.0,345.0
AL945,2026-02-11 04:52:30+00:00,80,3.425,9.79,,310.0,342.6
MHJ45,2026-02-11 05:00:00+00:00,80,4.675,13.14,,277.5,352.3
AL945,2026-02-11 05:00:00+00:00,80,3.550,9.97,,315.0,336.3
MHJ45,2026-02-11 05:07:30+00:00,80,4.600,13.34,,277.5,329.3
AL945,2026-02-11 05:07:30+00:00,60,3.700,10.14,,446.6,362.9
MHJ45,2026-02-11 05:15:00+00:00,60,4.625,13.43,,277.5,332.6
AL945,2026-02-11 05:15:00+00:00,80,3.550,10.30,,295.0,336.6
AL945,2026-02-11 05:22:30+00:00,70,3.550,9.92,,297.5,340.1
MHJ45,2026-02-11 05:22:30+00:00,80,4.550,13.00,,282.5,334.7
MHJ45,2026-02-11 05:30:00+00:00,40,3.850,12.31,,290.0,305.9
AL945,2026-02-11 05:30:00+00:00,80,3.650,10.00,,310.0,350.0
AL945,2026-02-11 05:37:30+00:00,70,3.650,10.14,,307.5,361.4
MHJ45,2026-02-11 05:37:30+00:00,80,4.625,12.83,,292.5,352.9
MHJ45,2026-02-11 05:45:00+00:00,80,4.550,12.69,,292.5,362.1
AL945,2026-02-11 05:45:00+00:00,80,3.875,11.16,,307.5,340.3
AL945,2026-02-11 05:52:30+00:00,90,3.875,11.54,,292.5,328.8
MHJ45,2026-02-11 05:52:30+00:00,80,4.500,12.73,,287.5,337.2
MHJ45,2026-02-11 06:00:00+00:00,70,3.725,12.44,,300.0,294.3
AL945,2026-02-11 06:00:00+00:00,70,3.725,11.40,,285.0,315.2
AL945,2026-02-11 06:07:30+00:00,70,3.800,11.21,,282.5,323.7
MHJ45,2026-02-11 06:07:30+00:00,60,3.800,12.31,,277.5,296.5
AL945,2026-02-11 06:15:00+00:00,70,3.825,11.10,,277.5,333.1
MHJ45,2026-02-11 06:15:00+00:00,80,4.550,13.34,,272.5,328.9
MHJ45,2026-02-11 06:22:30+00:00,70,3.750,12.64,,262.5,280.2
AL945,2026-02-11 06:22:30+00:00,70,3.850,11.39,,277.5,329.2
MHJ45,2026-02-11 06:30:00+00:00,60,4.300,14.21,,257.5,289.2
AL945,2026-02-11 06:30:00+00:00,70,3.800,10.98,,275.0,343.1
MHJ45,2026-02-11 06:37:30+00:00,60,3.825,13.27,,255.0,271.8
AL945,2026-02-11 06:37:30+00:00,0,3.900,11.07,,275.0,
MHJ45,2026-02-11 06:45:00+00:00,60,4.625,14.15,,250.0,297.7
AL945,2026-02-11 06:45:00+00:00,70,3.775,11.30,,280.0,322.9
AL945,2026-02-11 06:52:30+00:00,80,3.875,11.60,,277.5,316.2
MHJ45,2026-02-11 06:52:30+00:00,80,4.825,15.20,,245.0,292.5
AL945,2026-02-11 07:00:00+00:00,70,3.775,11.69,,275.0,306.0
MHJ45,2026-02-11 07:00:00+00:00,80,4.500,14.10,,240.0,293.8
AL945,2026-02-11 07:07:30+00:00,80,3.900,12.02,,267.5,306.7
MHJ45,2026-02-11 07:07:30+00:00,90,4.425,13.87,,242.5,289.5
AL945,2026-02-11 07:15:00+00:00,70,3.850,12.10,,260.0,298.1
MHJ45,2026-02-11 07:15:00+00:00,80,4.100,13.36,,237.5,272.0
MHJ45,2026-02-11 07:22:30+00:00,80,3.850,12.72,,237.5,274.9
AL945,2026-02-11 07:22:30+00:00,80,3.825,11.93,,267.5,297.4
AL945,2026-02-11 07:30:00+00:00,70,3.700,11.40,,257.5,299.4
MHJ45,2026-02-11 07:30:00+00:00,80,3.775,12.08,,242.5,281.2
MHJ45,2026-02-11 07:37:30+00:00,60,3.550,10.96,,265.0,305.8
AL945,2026-02-11 07:37:30+00:00,80,3.675,11.22,,262.5,303.4
MHJ45,2026-02-11 07:45:00+00:00,40,3.125,10.22,,272.5,285.1
AL945,2026-02-11 07:45:00+00:00,60,3.700,10.31,,433.1,361.2
AL945,2026-02-11 07:52:30+00:00,70,3.500,10.30,,267.5,316.3
MHJ45,2026-02-11 07:52:30+00:00,70,3.325,9.95,,277.5,313.2
AL945,2026-02-11 08:00:00+00:00,70,3.250,10.27,,272.5,292.8
MHJ45,2026-02-11 08:00:00+00:00,70,2.900,9.10,,280.0,295.0
MHJ45,2026-02-11 08:07:30+00:00,90,3.025,8.73,,292.5,354.3
AL945,2026-02-11 08:07:30+00:00,60,3.400,10.64,,277.5,303.3
AL945,2026-02-11 08:15:00+00:00,60,3.175,9.17,,287.5,328.1
MHJ45,2026-02-11 08:15:00+00:00,70,2.725,8.33,,302.5,314.1
AL945,2026-02-11 08:22:30+00:00,60,3.075,8.76,,315.0,332.2
MHJ45,2026-02-11 08:22:30+00:00,70,3.025,8.48,,310.0,349.2
AL945,2026-02-11 08:30:00+00:00,70,3.200,8.80,,322.5,354.3
MHJ45,2026-02-11 08:30:00+00:00,70,2.925,8.36,,315.0,331.3
AL945,2026-02-11 08:37:30+00:00,70,2.800,8.24,,325.0,325.6
MHJ45,2026-02-11 08:37:30+00:00,70,2.850,8.65,,332.5,317.4
AL945,2026-02-11 08:45:00+00:00,70,2.825,8.19,,340.0,330.8
MHJ45,2026-02-11 08:45:00+00:00,90,2.850,8.29,,315.0,329.5
AL945,2026-02-11 08:52:30+00:00,70,2.850,8.47,,327.5,320.0
MHJ45,2026-02-11 08:52:30+00:00,80,2.700,8.28,,315.0,305.6
MHJ45,2026-02-11 09:00:00+00:00,70,2.850,8.25,,312.5,333.1
AL945,2026-02-11 09:00:00+00:00,70,2.750,8.70,,325.0,301.8
AL945,2026-02-11 09:07:30+00:00,60,3.050,9.16,,317.5,316.4
MHJ45,2026-02-11 09:07:30+00:00,70,3.100,8.69,,312.5,342.4
MHJ45,2026-02-11 09:15:00+00:00,70,3.325,9.24,,310.0,352.6
AL945,2026-02-11 09:15:00+00:00,70,3.500,9.32,,320.0,370.9
MHJ45,2026-02-11 09:22:30+00:00,70,3.375,9.32,,302.5,361.1
AL945,2026-02-11 09:22:30+00:00,70,3.075,9.55,,312.5,306.7
MHJ45,2026-02-11 09:30:00+00:00,70,3.375,9.38,,300.0,348.8
AL945,2026-02-11 09:30:00+00:00,60,3.475,9.30,,310.0,363.6
MHJ45,2026-02-11 09:37:30+00:00,90,3.425,9.67,,297.5,347.1
AL945,2026-02-11 09:37:30+00:00,20,3.375,9.24,,317.5,353.2
MHJ45,2026-02-11 09:45:00+00:00,60,3.475,9.92,,295.0,335.1
AL945,2026-02-11 09:45:00+00:00,70,3.525,9.52,,310.0,369.0
MHJ45,2026-02-11 09:52:30+00:00,70,3.400,10.34,,297.5,317.3
AL945,2026-02-11 09:52:30+00:00,70,3.375,9.72,,305.0,334.2
AL945,2026-02-11 10:00:00+00:00,80,3.650,9.87,,300.0,354.6
MHJ45,2026-02-11 10:00:00+00:00,80,3.700,10.22,,300.0,356.1
MHJ45,2026-02-11 10:07:30+00:00,65,3.700,10.33,,295.0,348.9
AL945,2026-02-11 10:07:30+00:00,80,3.575,10.53,,295.0,325.0
AL945,2026-02-11 10:15:00+00:00,80,3.650,10.45,,305.0,324.0
MHJ45,2026-02-11 10:15:00+00:00,55,4.050,11.96,,287.5,332.5
AL945,2026-02-11 10:22:30+00:00,80,3.875,10.93,,307.5,337.7
MHJ45,2026-02-11 10:22:30+00:00,65,4.075,11.73,,285.0,340.7
MHJ45,2026-02-11 10:30:00+00:00,80,4.100,11.83,,275.0,334.7
AL945,2026-02-11 10:30:00+00:00,70,3.625,10.65,,275.0,319.4
MHJ45,2026-02-11 10:37:30+00:00,65,4.075,12.01,,275.0,313.1
AL945,2026-02-11 10:37:30+00:00,70,3.825,10.76,,275.0,338.6
AL945,2026-02-11 10:45:00+00:00,70,3.700,11.15,,282.5,308.4
MHJ45,2026-02-11 10:45:00+00:00,90,4.150,12.34,,270.0,315.8
MHJ45,2026-02-11 10:52:30+00:00,45,4.150,12.27,,267.5,322.9
AL945,2026-02-11 10:52:30+00:00,70,3.900,11.42,,270.0,326.2
AL945,2026-02-11 11:00:00+00:00,60,3.950,11.23,,262.5,323.8
MHJ45,2026-02-11 11:00:00+00:00,45,4.200,12.21,,260.0,328.6
MHJ45,2026-02-11 11:07:30+00:00,45,4.100,12.72,,257.5,294.0
AL945,2026-02-11 11:07:30+00:00,20,3.500,11.24,,275.0,291.7
MHJ45,2026-02-11 11:15:00+00:00,90,4.375,13.01,,267.5,316.4
AL945,2026-02-11 11:15:00+00:00,70,3.650,11.25,,270.0,297.9
MHJ45,2026-02-11 11:22:30+00:00,90,4.550,14.40,,250.0,291.4
AL945,2026-02-11 11:22:30+00:00,60,3.675,11.56,,265.0,288.4
MHJ45,2026-02-11 11:30:00+00:00,90,4.800,15.56,,242.5,279.3
AL945,2026-02-11 11:30:00+00:00,0,4.025,12.18,,292.5,
MHJ45,2026-02-11 11:37:30+00:00,60,5.075,17.08,,232.5,253.9
AL945,2026-02-11 11:37:30+00:00,60,3.775,11.97,,252.5,290.5
AL945,2026-02-11 11:45:00+00:00,70,3.875,11.05,,252.5,329.3
MHJ45,2026-02-11 11:45:00+00:00,70,5.475,18.35,,227.5,255.1
AL945,2026-02-11 11:52:30+00:00,0,3.925,12.46,,285.0,
MHJ45,2026-02-11 11:52:30+00:00,90,5.525,18.69,,222.5,239.8
AL945,2026-02-11 12:00:00+00:00,70,3.425,11.38,,250.0,265.0
MHJ45,2026-02-11 12:00:00+00:00,70,5.625,19.35,,222.5,238.1
AL945,2026-02-11 12:07:30+00:00,40,3.375,11.85,,250.0,254.1
MHJ45,2026-02-11 12:07:30+00:00,90,5.775,20.15,,220.0,239.0
AL945,2026-02-11 12:15:00+00:00,60,4.125,12.92,,250.0,282.1
MHJ45,2026-02-11 12:15:00+00:00,70,5.775,20.06,,217.5,232.6
MHJ45,2026-02-11 12:22:30+00:00,70,6.300,19.53,,215.0,260.3
AL945,2026-02-11 12:22:30+00:00,70,4.150,13.80,,242.5,262.2
AL945,2026-02-11 12:30:00+00:00,70,5.113,16.42,,289.2,267.6
AL945,2026-02-11 12:37:30+00:00,70,4.950,16.74,,220.0,241.7
MHJ45,2026-02-11 12:37:30+00:00,70,6.700,22.58,2.05,217.5,252.6
AL945,2026-02-11 12:45:00+00:00,40,5.200,17.95,,222.5,238.4
MHJ45,2026-02-11 12:45:00+00:00,70,7.050,23.50,2.08,217.5,251.3
AL945,2026-02-11 12:52:30+00:00,40,5.325,19.06,,217.5,227.6
MHJ45,2026-02-11 12:52:30+00:00,75,7.175,25.76,2.17,225.0,229.8
AL945,2026-02-11 13:00:00+00:00,20,5.650,19.44,,220.0,242.8
MHJ45,2026-02-11 13:00:00+00:00,75,7.225,25.20,,225.0,235.1
AL945,2026-02-11 13:07:30+00:00,40,5.700,21.34,2.05,227.5,220.7
MHJ45,2026-02-11 13:07:30+00:00,75,7.375,25.57,2.50,230.0,238.7
MHJ45,2026-02-11 13:15:00+00:00,70,7.500,25.49,2.53,225.0,242.2
AL945,2026-02-11 13:15:00+00:00,65,6.575,22.84,2.05,220.0,240.6
AL945,2026-02-11 13:22:30+00:00,60,7.100,24.28,2.20,220.0,232.1
MHJ45,2026-02-11 13:22:30+00:00,75,7.600,25.80,2.55,222.5,239.7
AL945,2026-02-11 13:30:00+00:00,70,6.900,24.24,2.20,212.5,223.1
MHJ45,2026-02-11 13:30:00+00:00,65,7.688,25.60,2.63,215.0,236.4
AL945,2026-02-11 13:37:30+00:00,40,6.752,24.77,2.20,290.0,220.3
MHJ45,2026-02-11 13:37:30+00:00,70,7.575,25.81,2.70,217.5,239.4
AL945,2026-02-11 13:45:00+00:00,70,7.575,26.06,2.33,220.0,232.4
MHJ45,2026-02-11 13:45:00+00:00,70,7.913,26.68,2.72,225.0,241.8
MHJ45,2026-02-11 13:52:30+00:00,75,7.750,27.55,2.80,220.0,226.9
AL945,2026-02-11 13:52:30+00:00,90,7.625,26.57,2.42,222.5,237.8
MHJ45,2026-02-11 14:00:00+00:00,60,7.550,26.12,2.78,212.5,227.5
AL945,2026-02-11 14:00:00+00:00,70,7.788,27.74,2.47,225.0,226.6
AL945,2026-02-11 14:07:30+00:00,90,7.975,27.80,2.35,227.5,230.5
MHJ45,2026-02-11 14:07:30+00:00,75,8.138,28.17,2.88,262.5,237.4
MHJ45,2026-02-11 14:15:00+00:00,75,7.950,27.83,2.90,222.5,232.8
AL945,2026-02-11 14:15:00+00:00,20,8.038,27.37,2.42,310.0,220.9
AL945,2026-02-11 14:22:30+00:00,40,8.032,30.12,2.63,260.0,222.0
MHJ45,2026-02-11 14:22:30+00:00,75,7.850,27.55,2.92,222.5,232.5
MHJ45,2026-02-11 14:30:00+00:00,70,7.688,26.57,2.90,260.0,225.4
AL945,2026-02-11 14:30:00+00:00,60,8.750,31.21,2.60,225.0,229.5
MHJ45,2026-02-11 14:37:30+00:00,70,7.700,25.14,2.92,215.0,250.2
AL945,2026-02-11 14:37:30+00:00,90,8.550,29.84,2.35,217.5,227.4
AL945,2026-02-11 14:45:00+00:00,90,8.563,31.14,2.55,232.5,225.3
MHJ45,2026-02-11 14:45:00+00:00,75,8.175,27.48,2.97,205.0,243.9
AL945,2026-02-11 14:52:30+00:00,90,8.463,31.08,2.38,217.5,217.9
MHJ45,2026-02-11 14:52:30+00:00,75,8.338,28.05,3.03,245.0,242.2
AL945,2026-02-11 15:00:00+00:00,40,7.463,28.29,2.35,252.5,208.5
MHJ45,2026-02-11 15:00:00+00:00,60,8.450,27.43,3.08,210.0,255.0
AL945,2026-02-11 15:07:30+00:00,70,7.925,26.73,2.70,212.5,232.7
MHJ45,2026-02-11 15:07:30+00:00,70,8.850,29.62,3.08,232.5,240.9
AL945,2026-02-11 15:15:00+00:00,40,7.450,28.12,2.70,205.0,215.9
MHJ45,2026-02-11 15:15:00+00:00,70,8.875,30.72,3.15,242.5,230.4
AL945,2026-02-11 15:22:30+00:00,60,8.350,28.79,2.97,215.0,229.1
MHJ45,2026-02-11 15:22:30+00:00,60,9.125,30.19,3.00,230.0,241.3
MHJ45,2026-02-11 15:30:00+00:00,40,8.750,30.25,3.15,232.5,224.3
AL945,2026-02-11 15:30:00+00:00,85,8.900,29.46,2.85,210.0,238.5
AL945,2026-02-11 15:37:30+00:00,85,9.075,29.67,2.83,207.5,243.6
MHJ45,2026-02-11 15:37:30+00:00,40,8.575,28.23,3.08,222.5,230.3
AL945,2026-02-11 15:45:00+00:00,60,9.200,30.00,2.80,207.5,243.4
MHJ45,2026-02-11 15:45:00+00:00,70,9.250,29.53,3.10,220.0,255.0
MHJ45,2026-02-11 15:52:30+00:00,60,9.525,31.26,3.15,225.0,245.8
AL945,2026-02-11 15:52:30+00:00,50,10.625,30.55,2.85,200.0,309.8
AL945,2026-02-11 16:00:00+00:00,70,9.975,32.69,2.88,200.0,253.0
MHJ45,2026-02-11 16:00:00+00:00,70,9.575,31.86,2.83,222.5,246.8
MHJ45,2026-02-11 16:07:30+00:00,60,9.800,31.62,3.20,235.0,249.0
AL945,2026-02-11 16:07:30+00:00,95,9.775,33.10,2.85,207.5,241.8
AL945,2026-02-11 16:15:00+00:00,65,9.863,32.46,2.85,225.0,247.0
MHJ45,2026-02-11 16:15:00+00:00,70,9.888,32.55,3.22,250.0,253.2
AL945,2026-02-11 16:22:30+00:00,45,9.800,30.81,2.88,232.5,256.8
MHJ45,2026-02-11 16:22:30+00:00,70,9.825,32.05,3.00,220.0,246.8
MHJ45,2026-02-11 16:30:00+00:00,70,9.975,32.20,3.25,225.0,252.4
AL945,2026-02-11 16:30:00+00:00,60,9.738,31.79,3.17,192.5,250.3
AL945,2026-02-11 16:37:30+00:00,85,10.550,33.99,2.88,195.0,256.6
MHJ45,2026-02-11 16:37:30+00:00,70,9.900,32.99,3.28,222.5,249.5
AL945,2026-02-11 16:45:00+00:00,90,10.475,33.24,2.97,252.5,252.0
MHJ45,2026-02-11 16:45:00+00:00,40,9.925,32.93,3.22,210.0,246.4
MHJ45,2026-02-11 16:52:30+00:00,70,10.413,34.51,3.28,247.5,258.0
AL945,2026-02-11 16:52:30+00:00,95,10.825,36.26,3.03,197.5,252.1
AL945,2026-02-11 17:00:00+00:00,80,11.000,36.33,2.95,197.5,256.9
MHJ45,2026-02-11 17:00:00+00:00,80,10.250,33.97,3.25,232.5,239.4
MHJ45,2026-02-11 17:07:30+00:00,70,10.275,34.37,3.17,230.0,246.4
AL945,2026-02-11 17:07:30+00:00,95,11.025,36.70,2.97,237.5,246.3
MHJ45,2026-02-11 17:15:00+00:00,60,10.250,34.34,3.13,207.5,237.2
AL945,2026-02-11 17:15:00+00:00,95,10.900,36.20,2.90,222.5,255.2
MHJ45,2026-02-11 17:22:30+00:00,70,9.963,33.20,3.15,230.0,243.4
AL945,2026-02-11 17:22:30+00:00,80,10.800,35.19,2.90,222.5,248.7
MHJ45,2026-02-11 17:30:00+00:00,60,10.100,33.01,3.17,222.5,246.6
AL945,2026-02-11 17:30:00+00:00,60,10.700,33.29,2.97,215.0,264.8
MHJ45,2026-02-11 17:37:30+00:00,70,10.038,32.11,,232.5,262.9
AL945,2026-02-11 17:37:30+00:00,70,10.550,33.01,2.97,217.5,262.0
MHJ45,2026-02-11 17:45:00+00:00,70,9.825,31.44,3.15,232.5,262.5
AL945,2026-02-11 17:45:00+00:00,70,10.775,33.92,2.90,205.0,270.5
MHJ45,2026-02-11 17:52:30+00:00,70,9.900,31.11,3.10,207.5,261.6
AL945,2026-02-11 17:52:30+00:00,70,10.913,34.41,2.88,242.5,271.9
MHJ45,2026-02-11 18:00:00+00:00,70,9.850,31.79,2.80,205.0,262.4
AL945,2026-02-11 18:00:00+00:00,70,10.925,35.22,2.90,197.5,261.2
AL945,2026-02-11 18:07:30+00:00,90,10.950,34.87,3.00,245.0,263.3
MHJ45,2026-02-11 18:07:30+00:00,70,9.775,30.90,3.17,212.5,263.7
MHJ45,2026-02-11 18:15:00+00:00,60,9.825,30.25,2.95,205.0,263.8
AL945,2026-02-11 18:15:00+00:00,95,11.050,34.99,3.00,205.0,266.9
AL945,2026-02-11 18:22:30+00:00,95,10.988,35.68,2.88,235.0,256.8
MHJ45,2026-02-11 18:22:30+00:00,75,10.075,31.59,,220.0,276.2
MHJ45,2026-02-11 18:30:00+00:00,70,10.200,31.75,3.05,227.5,271.8
AL945,2026-02-11 18:30:00+00:00,95,10.750,35.43,2.90,205.0,251.7
MHJ45,2026-02-11 18:37:30+00:00,70,10.450,33.04,3.03,217.5,271.7
AL945,2026-02-11 18:37:30+00:00,85,10.700,34.36,2.88,225.0,249.3
MHJ45,2026-02-11 18:45:00+00:00,70,10.425,33.56,3.08,242.5,262.0
AL945,2026-02-11 18:45:00+00:00,70,10.475,33.23,2.88,145.0,256.0
MHJ45,2026-02-11 18:52:30+00:00,70,10.375,33.16,3.15,240.0,264.8
AL945,2026-02-11 18:52:30+00:00,70,10.550,32.93,2.88,207.5,262.0
MHJ45,2026-02-11 19:00:00+00:00,70,10.325,32.20,,227.5,274.3
AL945,2026-02-11 19:00:00+00:00,70,10.875,33.46,2.80,210.0,274.0
AL945,2026-02-11 19:07:30+00:00,90,10.938,34.41,3.17,197.5,265.3
MHJ45,2026-02-11 19:07:30+00:00,70,10.500,32.70,3.05,222.5,271.8
AL945,2026-02-11 19:15:00+00:00,70,11.050,34.36,2.95,215.0,271.9
MHJ45,2026-02-11 19:15:00+00:00,70,10.550,33.49,2.75,220.0,279.7
AL945,2026-02-11 19:22:30+00:00,90,11.225,34.88,3.00,212.5,275.9
MHJ45,2026-02-11 19:22:30+00:00,60,10.525,32.95,2.65,222.5,267.4
MHJ45,2026-02-11 19:30:00+00:00,70,10.600,33.12,2.92,222.5,278.1
AL945,2026-02-11 19:30:00+00:00,60,11.050,34.90,2.67,205.0,260.4
MHJ45,2026-02-11 19:37:30+00:00,70,10.525,33.21,2.65,225.0,264.9
AL945,2026-02-11 19:37:30+00:00,80,11.188,34.96,2.72,235.0,264.2
MHJ45,2026-02-11 19:45:00+00:00,70,10.700,33.88,2.63,215.0,272.7
AL945,2026-02-11 19:45:00+00:00,60,11.150,34.92,2.85,210.0,263.3
MHJ45,2026-02-11 19:52:30+00:00,70,10.625,34.12,2.58,212.5,267.0
AL945,2026-02-11 19:52:30+00:00,90,11.150,35.36,2.83,155.0,260.3
AL945,2026-02-11 20:00:00+00:00,95,10.975,35.47,3.00,210.0,255.8
MHJ45,2026-02-11 20:00:00+00:00,70,10.500,33.71,2.53,220.0,265.5
AL945,2026-02-11 20:07:30+00:00,90,11.025,34.62,2.67,235.0,266.1
MHJ45,2026-02-11 20:07:30+00:00,70,10.425,33.37,2.53,217.5,263.2
MHJ45,2026-02-11 20:15:00+00:00,70,10.225,33.59,,217.5,262.3
AL945,2026-02-11 20:15:00+00:00,90,11.050,34.45,2.85,227.5,269.8
AL945,2026-02-11 20:22:30+00:00,90,11.000,34.71,2.63,222.5,260.8
MHJ45,2026-02-11 20:22:30+00:00,70,10.025,31.91,2.53,222.5,269.5
AL945,2026-02-11 20:30:00+00:00,95,11.275,35.80,2.70,222.5,267.4
MHJ45,2026-02-11 20:30:00+00:00,60,9.975,32.08,2.55,220.0,264.8
MHJ45,2026-02-11 20:37:30+00:00,70,9.800,30.20,2.53,217.5,269.4
AL945,2026-02-11 20:37:30+00:00,95,11.138,35.84,2.85,220.0,258.7
MHJ45,2026-02-11 20:45:00+00:00,70,9.500,29.96,2.53,215.0,272.1
AL945,2026-02-11 20:45:00+00:00,85,10.913,34.69,2.63,227.5,260.7
MHJ45,2026-02-11 20:52:30+00:00,70,9.388,29.79,2.50,222.5,272.1
AL945,2026-02-11 20:52:30+00:00,70,10.713,33.72,2.67,215.0,267.7
MHJ45,2026-02-11 21:00:00+00:00,65,9.425,28.98,2.42,222.5,286.0
AL945,2026-02-11 21:00:00+00:00,95,10.738,33.62,2.47,230.0,272.8
AL945,2026-02-11 21:07:30+00:00,90,10.663,33.72,2.60,217.5,266.5
MHJ45,2026-02-11 21:07:30+00:00,70,9.488,29.36,2.40,180.6,280.8
MHJ45,2026-02-11 21:15:00+00:00,70,9.538,30.13,2.42,227.5,274.5
AL945,2026-02-11 21:15:00+00:00,70,10.713,33.97,2.55,225.0,268.5
AL945,2026-02-11 21:22:30+00:00,85,10.700,33.21,2.47,220.0,273.3
MHJ45,2026-02-11 21:22:30+00:00,70,9.538,30.32,2.22,183.2,271.0
MHJ45,2026-02-11 21:30:00+00:00,70,9.475,30.05,2.05,222.5,277.5
AL945,2026-02-11 21:30:00+00:00,70,10.675,33.16,2.35,222.5,282.1
MHJ45,2026-02-11 21:37:30+00:00,70,9.425,29.84,,220.0,279.0
AL945,2026-02-11 21:37:30+00:00,90,10.625,33.72,2.38,225.0,269.9
MHJ45,2026-02-11 21:45:00+00:00,60,9.425,30.10,,222.5,271.0
AL945,2026-02-11 21:45:00+00:00,95,10.400,33.76,2.30,227.5,264.1
AL945,2026-02-11 21:52:30+00:00,95,10.300,32.78,2.30,225.0,266.9
MHJ45,2026-02-11 21:52:30+00:00,70,9.300,30.05,,220.0,267.9
MHJ45,2026-02-11 22:00:00+00:00,70,9.175,29.53,,217.5,271.8
AL945,2026-02-11 22:00:00+00:00,75,10.350,33.07,2.15,220.0,269.8
MHJ45,2026-02-11 22:07:30+00:00,60,9.100,29.40,,215.0,265.8
AL945,2026-02-11 22:07:30+00:00,85,8.838,32.46,2.22,222.5,231.8
MHJ45,2026-02-11 22:15:00+00:00,65,9.175,29.75,,215.0,264.7
AL945,2026-02-11 22:15:00+00:00,70,10.325,33.19,2.03,162.5,269.9
AL945,2026-02-11 22:22:30+00:00,45,10.388,33.04,2.03,217.5,267.5
MHJ45,2026-02-11 22:22:30+00:00,70,9.175,30.37,,212.5,269.3
MHJ45,2026-02-11 22:30:00+00:00,60,8.625,30.25,,210.0,250.9
AL945,2026-02-11 22:30:00+00:00,70,9.975,32.58,,220.0,266.6
AL945,2026-02-11 22:37:30+00:00,85,10.000,32.31,,215.0,260.5
MHJ45,2026-02-11 22:37:30+00:00,50,8.325,28.65,,217.5,259.0
MHJ45,2026-02-11 22:45:00+00:00,40,8.250,27.65,,212.5,263.0
AL945,2026-02-11 22:45:00+00:00,95,9.675,31.63,,207.5,262.8
AL945,2026-02-11 22:52:30+00:00,65,9.475,31.69,,210.0,252.9
MHJ45,2026-02-11 22:52:30+00:00,40,8.025,27.39,,207.5,258.1
MHJ45,2026-02-11 23:00:00+00:00,40,6.475,25.45,,205.0,224.8
AL945,2026-02-11 23:00:00+00:00,70,9.250,30.74,,202.5,252.6
AL945,2026-02-11 23:07:30+00:00,65,9.550,31.43,,205.0,260.8
MHJ45,2026-02-11 23:07:30+00:00,40,6.650,23.31,,200.0,242.5
MHJ45,2026-02-11 23:15:00+00:00,40,5.200,20.97,,195.0,212.7
AL945,2026-02-11 23:15:00+00:00,60,7.800,30.03,,202.5,225.8
AL945,2026-02-11 23:22:30+00:00,45,8.250,29.89,,195.0,235.2
MHJ45,2026-02-11 23:22:30+00:00,0,6.175,19.60,,195.0,
MHJ45,2026-02-11 23:30:00+00:00,0,5.075,17.53,,197.5,
AL945,2026-02-11 23:30:00+00:00,40,7.975,28.96,,195.0,236.7
MHJ45,2026-02-11 23:37:30+00:00,70,5.500,18.90,,217.5,269.5
AL945,2026-02-11 23:37:30+00:00,70,7.875,26.83,,197.5,250.4
MHJ45,2026-02-11 23:45:00+00:00,0,5.625,17.43,,232.5,
AL945,2026-02-11 23:45:00+00:00,40,6.700,25.01,,200.0,229.8
MHJ45,2026-02-11 23:52:30+00:00,40,3.925,14.63,,235.0,245.1
AL945,2026-02-11 23:52:30+00:00,40,6.700,23.22,,200.0,249.8
AL945,2026-02-12 00:00:00+00:00,0,6.400,19.95,,202.5,
MHJ45,2026-02-12 00:00:00+00:00,0,5.425,16.62,,237.5,
AL945,2026-02-12 00:07:30+00:00,70,6.025,20.81,,210.0,264.6
MHJ45,2026-02-12 00:07:30+00:00,80,5.325,16.70,,232.5,285.0
MHJ45,2026-02-12 00:15:00+00:00,60,5.300,16.16,,237.5,304.8
AL945,2026-02-12 00:15:00+00:00,80,6.400,20.40,,227.5,290.0
AL945,2026-02-12 00:22:30+00:00,70,6.350,20.40,,235.0,287.6
MHJ45,2026-02-12 00:22:30+00:00,60,5.425,16.72,,230.0,295.0
AL945,2026-02-12 00:30:00+00:00,70,6.275,20.06,,222.5,278.5
MHJ45,2026-02-12 00:30:00+00:00,0,5.375,16.39,,230.0,
AL945,2026-02-12 00:37:30+00:00,0,6.125,19.86,,217.5,
MHJ45,2026-02-12 00:37:30+00:00,70,5.225,16.41,,230.0,283.0
AL945,2026-02-12 00:45:00+00:00,50,6.075,19.61,,217.5,271.5
MHJ45,2026-02-12 00:45:00+00:00,60,4.875,15.79,,225.0,272.8
AL945,2026-02-12 00:52:30+00:00,0,5.800,18.80,,235.0,
MHJ45,2026-02-12 00:52:30+00:00,0,4.575,14.70,,222.5,
MHJ45,2026-02-12 01:00:00+00:00,0,4.375,13.53,,227.5,
AL945,2026-02-12 01:00:00+00:00,0,5.600,17.81,,215.0,
AL945,2026-02-12 01:07:30+00:00,0,5.500,17.55,,227.5,
MHJ45,2026-02-12 01:07:30+00:00,0,4.525,13.47,,240.0,
MHJ45,2026-02-12 01:15:00+00:00,0,4.200,13.04,,237.5,
AL945,2026-02-12 01:15:00+00:00,80,5.400,17.33,,237.5,280.6
AL945,2026-02-12 01:22:30+00:00,0,4.950,16.19,,230.0,
MHJ45,2026-02-12 01:22:30+00:00,0,4.625,13.39,,245.0,
MHJ45,2026-02-12 01:30:00+00:00,0,4.150,12.64,,245.0,
AL945,2026-02-12 01:30:00+00:00,0,5.100,15.63,,230.0,
AL945,2026-02-12 01:37:30+00:00,40,4.975,16.15,,230.0,271.6
MHJ45,2026-02-12 01:37:30+00:00,60,4.125,12.59,,245.0,296.5
MHJ45,2026-02-12 01:45:00+00:00,70,3.900,12.12,,245.0,294.0
AL945,2026-02-12 01:45:00+00:00,40,4.575,15.41,,230.0,268.2
AL945,2026-02-12 01:52:30+00:00,70,4.475,14.61,,230.0,278.2
MHJ45,2026-02-12 01:52:30+00:00,0,3.900,11.88,,252.5,
MHJ45,2026-02-12 02:00:00+00:00,80,3.950,12.06,,255.0,306.5
AL945,2026-02-12 02:00:00+00:00,45,4.100,13.44,,235.0,273.6
AL945,2026-02-12 02:07:30+00:00,0,4.150,12.72,,240.0,
MHJ45,2026-02-12 02:07:30+00:00,90,3.975,11.94,,255.0,307.8
AL945,2026-02-12 02:15:00+00:00,80,3.925,12.69,,250.0,280.9
MHJ45,2026-02-12 02:15:00+00:00,70,3.475,10.60,,260.0,299.8
AL945,2026-02-12 02:22:30+00:00,0,4.000,11.80,,247.5,
MHJ45,2026-02-12 02:22:30+00:00,0,4.050,11.01,,270.0,
MHJ45,2026-02-12 02:30:00+00:00,0,4.100,11.02,,272.5,
AL945,2026-02-12 02:30:00+00:00,80,3.725,11.87,,257.5,289.5
AL945,2026-02-12 02:37:30+00:00,70,3.725,11.69,,255.0,292.1
MHJ45,2026-02-12 02:37:30+00:00,60,3.450,10.18,,275.0,317.9
MHJ45,2026-02-12 02:45:00+00:00,60,3.250,10.10,,275.0,302.1
AL945,2026-02-12 02:45:00+00:00,70,3.800,11.77,,255.0,301.2
AL945,2026-02-12 02:52:30+00:00,80,3.700,12.02,,252.5,282.9
MHJ45,2026-02-12 02:52:30+00:00,80,3.700,10.10,,277.5,341.6
MHJ45,2026-02-12 03:00:00+00:00,60,3.175,9.68,,272.5,316.5
AL945,2026-02-12 03:00:00+00:00,70,3.650,11.69,,247.5,278.9
AL945,2026-02-12 03:07:30+00:00,70,3.525,11.61,,242.5,271.0
MHJ45,2026-02-12 03:07:30+00:00,70,3.150,9.56,,275.0,313.2
MHJ45,2026-02-12 03:15:00+00:00,70,3.125,9.38,,277.5,333.0
AL945,2026-02-12 03:15:00+00:00,80,3.425,11.40,,242.5,272.6
AL945,2026-02-12 03:22:30+00:00,70,3.225,10.62,,242.5,277.1
MHJ45,2026-02-12 03:22:30+00:00,40,3.025,9.38,,335.0,316.1
AL945,2026-02-12 03:30:00+00:00,0,3.175,9.59,,252.5,
MHJ45,2026-02-12 03:30:00+00:00,70,2.975,8.94,,290.0,312.9
MHJ45,2026-02-12 03:37:30+00:00,70,2.900,8.57,,295.0,362.6
AL945,2026-02-12 03:37:30+00:00,0,3.100,8.87,,275.0,
AL945,2026-02-12 03:45:00+00:00,70,2.875,8.84,,290.0,307.9
MHJ45,2026-02-12 03:45:00+00:00,70,3.075,8.88,,300.0,348.7
AL945,2026-02-12 03:52:30+00:00,70,3.050,9.31,,282.5,306.0
MHJ45,2026-02-12 03:52:30+00:00,70,2.700,8.63,,297.5,298.8
MHJ45,2026-02-12 04:00:00+00:00,70,2.875,8.59,,307.5,319.1
AL945,2026-02-12 04:00:00+00:00,70,2.800,8.99,,282.5,288.4
MHJ45,2026-02-12 04:07:30+00:00,70,2.875,8.35,,300.0,328.7
AL945,2026-02-12 04:07:30+00:00,70,2.800,8.77,,282.5,298.5
AL945,2026-02-12 04:15:00+00:00,70,2.750,8.69,,282.5,295.5
MHJ45,2026-02-12 04:15:00+00:00,70,2.925,8.24,,312.5,362.3
AL945,2026-02-12 04:22:30+00:00,65,2.725,8.61,,312.5,296.9
MHJ45,2026-02-12 04:22:30+00:00,60,2.975,7.68,,452.5,380.2
AL945,2026-02-12 04:30:00+00:00,70,2.725,8.38,,285.0,309.5
MHJ45,2026-02-12 04:30:00+00:00,50,2.825,7.90,,305.0,341.2
AL945,2026-02-12 04:37:30+00:00,70,2.375,7.94,,302.5,280.1
MHJ45,2026-02-12 04:37:30+00:00,70,2.825,8.24,,330.0,333.3
AL945,2026-02-12 04:45:00+00:00,70,2.325,7.17,,345.0,304.6
MHJ45,2026-02-12 04:45:00+00:00,70,3.000,8.71,,310.0,338.4
MHJ45,2026-02-12 04:52:30+00:00,70,3.100,9.09,,307.5,332.5
AL945,2026-02-12 04:52:30+00:00,70,2.250,6.81,,365.0,311.4
MHJ45,2026-02-12 05:00:00+00:00,70,3.075,9.12,,307.5,320.9
MHJ45,2026-02-12 05:07:30+00:00,70,2.825,8.92,,315.0,303.8
AL945,2026-02-12 05:07:30+00:00,40,2.300,6.21,,430.0,356.5
MHJ45,2026-02-12 05:15:00+00:00,70,3.050,9.24,,315.0,320.4
AL945,2026-02-12 05:15:00+00:00,70,2.350,6.36,,435.0,356.4
MHJ45,2026-02-12 05:22:30+00:00,60,2.425,8.15,,312.5,283.2
AL945,2026-02-12 05:22:30+00:00,60,2.475,6.11,,480.0,411.9
AL945,2026-02-12 05:30:00+00:00,65,2.225,5.86,,485.0,349.0
MHJ45,2026-02-12 05:30:00+00:00,70,2.975,8.27,,312.5,341.3
MHJ45,2026-02-12 05:37:30+00:00,70,3.125,9.06,,317.5,337.6
AL945,2026-02-12 05:37:30+00:00,60,2.400,5.95,,475.0,408.7
AL945,2026-02-12 05:52:30+00:00,45,2.400,5.66,,505.5,423.9
MHJ45,2026-02-12 05:52:30+00:00,70,3.150,8.80,,305.0,348.1
MHJ45,2026-02-12 06:00:00+00:00,70,3.025,9.19,,307.5,320.7
AL945,2026-02-12 06:00:00+00:00,45,2.150,5.47,,486.6,384.6
MHJ45,2026-02-12 06:07:30+00:00,70,3.100,8.95,,310.0,330.2
AL945,2026-02-12 06:07:30+00:00,45,2.300,6.08,,477.4,369.4
MHJ45,2026-02-12 06:15:00+00:00,70,3.125,8.87,,312.5,342.4
AL945,2026-02-12 06:15:00+00:00,45,2.075,5.58,,472.2,356.6
MHJ45,2026-02-12 06:22:30+00:00,70,3.275,9.45,,312.5,335.2
AL945,2026-02-12 06:22:30+00:00,65,2.225,5.55,,565.0,355.3
MHJ45,2026-02-12 06:30:00+00:00,70,3.325,9.66,,312.5,333.8
MHJ45,2026-02-12 06:37:30+00:00,70,3.200,9.60,,307.5,327.5
MHJ45,2026-02-12 06:45:00+00:00,70,3.050,9.48,,302.5,314.0
AL945,2026-02-12 06:45:00+00:00,60,2.525,6.36,,462.5,401.3
AL945,2026-02-12 06:52:30+00:00,65,2.275,5.63,,512.5,380.0
MHJ45,2026-02-12 06:52:30+00:00,60,3.375,9.89,,302.5,325.2
MHJ45,2026-02-12 07:00:00+00:00,70,2.950,9.56,,292.5,296.5
AL945,2026-02-12 07:00:00+00:00,70,2.150,5.62,,495.0,357.4
MHJ45,2026-02-12 07:07:30+00:00,70,3.200,10.14,,295.0,305.1
AL945,2026-02-12 07:07:30+00:00,65,2.500,6.71,,382.5,365.6
MHJ45,2026-02-12 07:15:00+00:00,70,3.150,9.67,,292.5,308.2
AL945,2026-02-12 07:15:00+00:00,70,2.575,6.78,,435.0,372.2
MHJ45,2026-02-12 07:22:30+00:00,70,3.250,9.89,,285.0,317.8
AL945,2026-02-12 07:22:30+00:00,70,2.275,6.14,,432.5,358.8
MHJ45,2026-02-12 07:30:00+00:00,70,3.425,9.97,,277.5,336.3
AL945,2026-02-12 07:30:00+00:00,60,2.600,6.69,,395.0,393.5
MHJ45,2026-02-12 07:37:30+00:00,70,3.150,9.72,,285.0,315.8
AL945,2026-02-12 07:37:30+00:00,70,2.375,5.96,,535.0,374.8
AL945,2026-02-12 07:45:00+00:00,60,2.225,6.84,,380.0,303.5
MHJ45,2026-02-12 07:45:00+00:00,70,3.250,9.97,,280.0,309.4
AL945,2026-02-12 07:52:30+00:00,40,2.525,6.87,,395.0,356.7
MHJ45,2026-02-12 07:52:30+00:00,70,3.225,10.22,,272.5,299.2
MHJ45,2026-02-12 08:00:00+00:00,60,3.250,9.89,,270.0,316.0
MHJ45,2026-02-12 08:07:30+00:00,70,2.950,9.84,,270.0,280.6
AL945,2026-02-12 08:07:30+00:00,40,2.300,6.61,,380.0,328.7
AL945,2026-02-12 08:15:00+00:00,70,2.775,7.63,,360.0,354.6
MHJ45,2026-02-12 08:15:00+00:00,40,3.100,9.34,,277.5,319.3
AL945,2026-02-12 08:22:30+00:00,70,2.575,7.18,,352.5,345.2
MHJ45,2026-02-12 08:22:30+00:00,70,3.000,9.15,,285.0,319.2
MHJ45,2026-02-12 08:30:00+00:00,70,2.975,9.32,,295.0,303.4
AL945,2026-02-12 08:30:00+00:00,60,2.300,7.12,,347.5,301.3
AL945,2026-02-12 08:37:30+00:00,60,2.725,7.37,,377.5,360.6
MHJ45,2026-02-12 08:37:30+00:00,70,3.175,9.05,,292.5,345.5
MHJ45,2026-02-12 08:45:00+00:00,70,3.050,9.81,,292.5,296.5
AL945,2026-02-12 08:45:00+00:00,70,2.625,7.30,,372.5,345.0
MHJ45,2026-02-12 08:52:30+00:00,70,3.575,10.69,,290.0,321.4
AL945,2026-02-12 08:52:30+00:00,60,2.850,7.62,,385.0,380.0
MHJ45,2026-02-12 09:00:00+00:00,60,3.575,10.73,,277.5,316.9
AL945,2026-02-12 09:00:00+00:00,40,2.450,7.44,,337.5,309.6
AL945,2026-02-12 09:07:30+00:00,70,2.550,8.03,,335.0,302.8
MHJ45,2026-02-12 09:07:30+00:00,60,3.650,11.09,,275.0,317.5
MHJ45,2026-02-12 09:15:00+00:00,60,3.025,9.07,,342.5,317.6
AL945,2026-02-12 09:15:00+00:00,70,2.425,7.64,,322.5,300.7
MHJ45,2026-02-12 09:22:30+00:00,70,3.075,9.53,,270.0,299.6
AL945,2026-02-12 09:30:00+00:00,60,2.275,6.25,,425.0,343.6
MHJ45,2026-02-12 09:30:00+00:00,60,3.175,10.19,,262.5,292.5
MHJ45,2026-02-12 09:37:30+00:00,70,3.125,10.61,,255.0,282.6
AL945,2026-02-12 09:37:30+00:00,70,2.575,7.16,,370.0,344.8
AL945,2026-02-12 09:45:00+00:00,70,2.200,6.48,,397.5,315.1
MHJ45,2026-02-12 09:45:00+00:00,60,3.125,9.93,,252.5,289.4
AL945,2026-02-12 09:52:30+00:00,60,2.225,6.25,,415.0,333.9
MHJ45,2026-02-12 09:52:30+00:00,70,2.825,9.34,,262.5,298.9
AL945,2026-02-12 10:00:00+00:00,45,2.150,6.32,,418.4,311.2
MHJ45,2026-02-12 10:00:00+00:00,70,2.825,8.86,,280.0,299.1
MHJ45,2026-02-12 10:07:30+00:00,40,2.600,8.87,,282.5,273.4
MHJ45,2026-02-12 10:15:00+00:00,70,2.875,9.05,,285.0,297.3
AL945,2026-02-12 10:15:00+00:00,45,2.075,5.99,,420.1,326.3
MHJ45,2026-02-12 10:22:30+00:00,60,3.000,9.65,,282.5,298.9
MHJ45,2026-02-12 10:30:00+00:00,70,2.950,9.22,,275.0,298.3
MHJ45,2026-02-12 10:37:30+00:00,70,3.050,9.30,,275.0,309.1
MHJ45,2026-02-12 10:45:00+00:00,70,3.025,9.80,,262.5,277.5
MHJ45,2026-02-12 10:52:30+00:00,60,3.050,9.76,,272.5,281.1
MHJ45,2026-02-12 11:00:00+00:00,70,2.913,9.76,,282.5,260.3
MHJ45,2026-02-12 11:07:30+00:00,70,3.188,10.14,,277.5,279.8
MHJ45,2026-02-12 11:15:00+00:00,70,3.250,10.21,,250.0,283.2
MHJ45,2026-02-12 11:22:30+00:00,40,3.525,11.51,,265.0,264.9
AL945,2026-02-12 11:22:30+00:00,70,2.150,4.71,,632.5,407.4
MHJ45,2026-02-12 11:30:00+00:00,70,3.913,13.21,,315.0,263.9
AL945,2026-02-12 11:30:00+00:00,90,2.325,5.07,,647.5,447.9
MHJ45,2026-02-12 11:37:30+00:00,20,4.200,14.91,,232.5,237.8
AL945,2026-02-12 11:45:00+00:00,90,2.225,4.73,,677.5,436.4
MHJ45,2026-02-12 11:45:00+00:00,45,4.738,16.70,,282.5,238.3
MHJ45,2026-02-12 11:52:30+00:00,20,5.350,17.98,,220.0,244.2
AL945,2026-02-12 11:52:30+00:00,65,2.375,6.02,,490.0,364.2
MHJ45,2026-02-12 12:00:00+00:00,70,5.525,19.92,,215.0,230.9
AL945,2026-02-12 12:00:00+00:00,60,2.525,7.28,,405.0,322.0
AL945,2026-02-12 12:07:30+00:00,70,2.600,7.84,,310.0,286.0
MHJ45,2026-02-12 12:07:30+00:00,60,6.154,20.45,,325.0,239.2
MHJ45,2026-02-12 12:15:00+00:00,90,6.106,21.29,2.05,215.0,232.0
AL945,2026-02-12 12:15:00+00:00,50,2.825,9.00,,285.0,269.1
MHJ45,2026-02-12 12:22:30+00:00,60,6.500,22.94,2.03,215.0,236.4
AL945,2026-02-12 12:22:30+00:00,70,3.425,10.78,,262.5,272.0
MHJ45,2026-02-12 12:30:00+00:00,70,6.550,23.73,,215.0,223.4
AL945,2026-02-12 12:30:00+00:00,70,3.875,12.39,,250.0,267.5
AL945,2026-02-12 12:37:30+00:00,70,4.375,14.01,,235.0,256.7
MHJ45,2026-02-12 12:37:30+00:00,70,6.750,23.79,2.17,215.0,226.6
AL945,2026-02-12 12:45:00+00:00,80,4.900,16.33,,230.0,254.1
MHJ45,2026-02-12 12:45:00+00:00,70,6.975,24.40,2.15,215.0,233.2
AL945,2026-02-12 12:52:30+00:00,60,4.800,18.89,,235.0,222.5
MHJ45,2026-02-12 12:52:30+00:00,70,7.175,25.30,2.25,215.0,229.1
AL945,2026-02-12 13:00:00+00:00,40,6.075,22.36,,225.0,225.5
MHJ45,2026-02-12 13:00:00+00:00,70,7.325,25.99,2.20,215.0,223.7
MHJ45,2026-02-12 13:07:30+00:00,70,7.550,26.31,2.50,217.5,230.9
AL945,2026-02-12 13:07:30+00:00,20,5.125,21.36,,217.5,202.5
MHJ45,2026-02-12 13:15:00+00:00,90,7.863,28.04,2.53,217.5,225.1
AL945,2026-02-12 13:15:00+00:00,40,6.550,24.29,,212.5,220.9
MHJ45,2026-02-12 13:22:30+00:00,70,8.050,29.13,2.53,222.5,221.5
AL945,2026-02-12 13:22:30+00:00,20,6.588,24.69,,255.0,219.4
AL945,2026-02-12 13:30:00+00:00,20,6.675,24.94,2.05,215.0,217.0
MHJ45,2026-02-12 13:30:00+00:00,50,8.025,28.85,2.47,220.0,218.2
AL945,2026-02-12 13:37:30+00:00,80,7.125,25.99,2.20,212.5,218.5
MHJ45,2026-02-12 13:37:30+00:00,60,7.700,28.60,2.53,217.5,213.1
MHJ45,2026-02-12 13:45:00+00:00,70,7.975,28.03,2.53,215.0,229.0
AL945,2026-02-12 13:45:00+00:00,90,7.238,26.97,2.20,272.5,210.7
MHJ45,2026-02-12 13:52:30+00:00,70,8.125,28.83,2.53,212.5,228.6
AL945,2026-02-12 13:52:30+00:00,70,7.407,26.64,2.25,210.0,226.0
AL945,2026-02-12 14:00:00+00:00,40,7.725,29.24,2.28,215.0,217.8
MHJ45,2026-02-12 14:00:00+00:00,70,8.125,28.98,2.53,217.5,229.7
MHJ45,2026-02-12 14:07:30+00:00,70,8.100,27.98,2.53,212.5,232.1
AL945,2026-02-12 14:07:30+00:00,40,7.425,29.89,2.20,215.0,202.5
AL945,2026-02-12 14:15:00+00:00,60,8.075,30.98,2.47,207.5,208.8
MHJ45,2026-02-12 14:15:00+00:00,70,8.225,28.31,2.78,207.5,240.4
MHJ45,2026-02-12 14:22:30+00:00,70,8.300,28.41,2.53,207.5,236.1
AL945,2026-02-12 14:22:30+00:00,40,8.213,30.05,2.45,272.5,211.9
MHJ45,2026-02-12 14:30:00+00:00,40,8.475,28.32,2.53,202.5,239.2
AL945,2026-02-12 14:30:00+00:00,70,8.313,31.01,2.58,215.0,214.6
MHJ45,2026-02-12 14:37:30+00:00,70,8.775,29.31,2.53,215.0,245.1
AL945,2026-02-12 14:37:30+00:00,80,8.150,30.69,2.63,212.5,208.7
MHJ45,2026-02-12 14:45:00+00:00,70,9.125,31.10,2.97,210.0,246.2
AL945,2026-02-12 14:45:00+00:00,90,7.975,29.09,2.65,210.0,218.9
MHJ45,2026-02-12 14:52:30+00:00,70,9.325,32.74,3.03,205.0,232.2
AL945,2026-02-12 14:52:30+00:00,90,8.200,28.09,2.65,202.5,230.2
AL945,2026-02-12 15:00:00+00:00,90,8.613,29.97,2.65,247.5,229.9
MHJ45,2026-02-12 15:00:00+00:00,75,9.350,33.27,3.05,200.0,232.4
MHJ45,2026-02-12 15:07:30+00:00,70,9.225,32.75,3.05,212.5,231.5
AL945,2026-02-12 15:07:30+00:00,90,8.475,30.18,2.65,167.5,221.4
AL945,2026-02-12 15:15:00+00:00,80,8.200,29.30,2.75,200.0,215.9
MHJ45,2026-02-12 15:15:00+00:00,70,8.825,30.92,3.03,220.0,224.4
AL945,2026-02-12 15:22:30+00:00,80,8.875,28.90,2.58,155.0,246.1
MHJ45,2026-02-12 15:22:30+00:00,60,9.000,29.58,2.97,225.0,234.1
AL945,2026-02-12 15:30:00+00:00,85,9.125,31.64,2.47,192.5,231.4
MHJ45,2026-02-12 15:30:00+00:00,70,9.225,31.41,3.00,220.0,240.0
AL945,2026-02-12 15:37:30+00:00,65,9.338,32.55,2.75,137.5,230.2
MHJ45,2026-02-12 15:37:30+00:00,70,9.225,31.37,2.88,207.5,231.9
AL945,2026-02-12 15:45:00+00:00,85,9.238,32.35,2.70,225.0,226.0
MHJ45,2026-02-12 15:45:00+00:00,70,9.575,32.40,3.15,217.5,239.2
MHJ45,2026-02-12 15:52:30+00:00,70,9.575,33.49,3.15,222.5,229.8
AL945,2026-02-12 15:52:30+00:00,65,8.513,31.30,2.83,145.0,214.4
MHJ45,2026-02-12 16:00:00+00:00,60,9.375,32.65,3.20,230.0,224.9
AL945,2026-02-12 16:00:00+00:00,85,9.100,29.54,2.80,195.0,246.8
AL945,2026-02-12 16:07:30+00:00,85,9.200,30.34,2.85,192.5,243.1
MHJ45,2026-02-12 16:07:30+00:00,70,9.275,30.39,3.17,222.5,244.5
AL945,2026-02-12 16:15:00+00:00,80,9.200,30.00,2.83,197.5,242.6
MHJ45,2026-02-12 16:15:00+00:00,70,9.250,29.53,3.08,207.5,251.7
AL945,2026-02-12 16:22:30+00:00,80,9.525,32.69,2.85,190.0,239.5
MHJ45,2026-02-12 16:22:30+00:00,65,9.075,29.71,3.10,202.5,248.9
MHJ45,2026-02-12 16:30:00+00:00,60,9.300,29.93,3.22,207.5,263.0
AL945,2026-02-12 16:30:00+00:00,60,9.713,32.13,2.83,227.5,243.9
MHJ45,2026-02-12 16:37:30+00:00,70,9.275,29.01,3.17,220.0,259.1
AL945,2026-02-12 16:37:30+00:00,0,10.050,33.14,2.85,335.0,
MHJ45,2026-02-12 16:45:00+00:00,90,9.850,30.97,3.17,212.5,266.8
AL945,2026-02-12 16:45:00+00:00,80,10.075,33.63,2.83,212.5,244.7
MHJ45,2026-02-12 16:52:30+00:00,70,9.975,32.90,2.80,195.0,257.0
AL945,2026-02-12 16:52:30+00:00,90,9.875,33.20,3.03,212.5,239.2
AL945,2026-02-12 17:00:00+00:00,70,9.950,33.43,3.13,205.0,243.0
MHJ45,2026-02-12 17:00:00+00:00,70,9.950,33.46,2.67,197.5,243.6
AL945,2026-02-12 17:07:30+00:00,60,10.050,33.13,2.95,160.0,247.7
MHJ45,2026-02-12 17:07:30+00:00,90,9.950,32.08,,202.5,262.9
AL945,2026-02-12 17:15:00+00:00,80,10.100,33.29,2.90,200.0,246.9
MHJ45,2026-02-12 17:15:00+00:00,60,9.975,33.73,3.13,192.5,241.3
AL945,2026-02-12 17:22:30+00:00,25,10.075,32.61,2.85,220.0,246.4
MHJ45,2026-02-12 17:22:30+00:00,70,10.325,34.51,3.00,195.0,250.1
MHJ45,2026-02-12 17:30:00+00:00,60,10.275,33.76,3.15,197.5,246.6
AL945,2026-02-12 17:30:00+00:00,70,9.813,32.58,2.85,210.0,249.8
AL945,2026-02-12 17:37:30+00:00,40,9.350,32.00,2.85,212.5,234.2
MHJ45,2026-02-12 17:37:30+00:00,90,10.250,32.70,3.17,222.5,252.4
MHJ45,2026-02-12 17:45:00+00:00,70,10.275,34.17,3.13,207.5,248.9
AL945,2026-02-12 17:45:00+00:00,95,9.950,32.05,2.80,200.0,255.1
MHJ45,2026-02-12 17:52:30+00:00,65,9.988,33.56,3.08,237.5,240.9
AL945,2026-02-12 17:52:30+00:00,95,10.025,32.69,2.85,225.0,251.2
AL945,2026-02-12 18:00:00+00:00,70,10.213,33.52,2.85,237.5,249.4
MHJ45,2026-02-12 18:00:00+00:00,60,10.100,32.93,3.08,192.5,249.9
AL945,2026-02-12 18:07:30+00:00,70,10.150,33.65,3.03,202.5,249.5
MHJ45,2026-02-12 18:07:30+00:00,70,9.875,31.44,3.20,212.5,254.9
AL945,2026-02-12 18:15:00+00:00,95,10.325,33.42,3.10,197.5,257.4
MHJ45,2026-02-12 18:15:00+00:00,60,10.075,32.10,3.08,220.0,264.7
AL945,2026-02-12 18:22:30+00:00,95,10.175,33.99,3.17,195.0,242.3
MHJ45,2026-02-12 18:22:30+00:00,60,9.950,32.46,3.03,207.5,249.2
MHJ45,2026-02-12 18:30:00+00:00,60,10.125,32.38,3.08,217.5,254.4
AL945,2026-02-12 18:30:00+00:00,70,10.238,33.55,2.80,225.0,247.7
MHJ45,2026-02-12 18:37:30+00:00,70,10.025,32.12,3.10,225.0,259.0
AL945,2026-02-12 18:37:30+00:00,85,10.363,33.81,3.13,230.0,248.5
MHJ45,2026-02-12 18:45:00+00:00,60,10.300,35.40,2.85,207.5,248.7
AL945,2026-02-12 18:45:00+00:00,45,10.413,33.12,2.97,235.0,252.0
AL945,2026-02-12 18:52:30+00:00,70,10.325,33.71,3.00,192.5,252.0
MHJ45,2026-02-12 18:52:30+00:00,70,10.450,33.66,2.90,202.5,263.4
MHJ45,2026-02-12 19:00:00+00:00,70,10.500,34.14,3.08,197.5,262.5
AL945,2026-02-12 19:00:00+00:00,65,10.413,33.94,3.00,225.0,248.9
MHJ45,2026-02-12 19:07:30+00:00,70,10.400,33.69,3.03,225.0,261.6
AL945,2026-02-12 19:07:30+00:00,85,10.425,33.68,2.90,205.0,255.4
MHJ45,2026-02-12 19:15:00+00:00,70,10.400,33.49,2.83,210.0,264.1
AL945,2026-02-12 19:15:00+00:00,75,10.400,33.64,2.95,207.5,257.2
MHJ45,2026-02-12 19:22:30+00:00,70,10.425,33.52,2.95,217.5,264.9
AL945,2026-02-12 19:22:30+00:00,60,10.363,34.21,2.95,230.0,254.8
MHJ45,2026-02-12 19:30:00+00:00,70,10.425,33.97,2.78,222.5,259.2
AL945,2026-02-12 19:30:00+00:00,40,9.988,34.41,3.05,218.8,236.5
AL945,2026-02-12 19:37:30+00:00,95,10.438,33.88,3.03,220.0,256.4
MHJ45,2026-02-12 19:37:30+00:00,60,10.450,33.76,2.88,220.0,259.4
MHJ45,2026-02-12 19:45:00+00:00,60,10.425,33.92,2.80,220.0,258.7
AL945,2026-02-12 19:45:00+00:00,95,10.213,34.33,3.00,215.0,241.9
AL945,2026-02-12 19:52:30+00:00,85,10.175,34.19,2.95,212.5,242.2
MHJ45,2026-02-12 19:52:30+00:00,70,10.325,34.10,2.72,217.5,259.1
MHJ45,2026-02-12 20:00:00+00:00,70,10.075,33.17,2.63,217.5,255.7
AL945,2026-02-12 20:00:00+00:00,45,8.788,32.32,3.00,212.5,219.0
MHJ45,2026-02-12 20:07:30+00:00,70,10.225,33.28,2.63,217.5,261.9
AL945,2026-02-12 20:07:30+00:00,85,10.238,33.19,2.97,212.5,254.6
MHJ45,2026-02-12 20:15:00+00:00,70,10.275,33.79,2.55,222.5,259.3
AL945,2026-02-12 20:15:00+00:00,70,10.100,32.99,2.85,202.5,256.9
AL945,2026-02-12 20:22:30+00:00,75,10.000,33.09,2.85,202.5,249.3
MHJ45,2026-02-12 20:22:30+00:00,0,10.275,34.57,2.53,227.5,
MHJ45,2026-02-12 20:30:00+00:00,70,10.050,34.22,2.60,225.0,248.0
AL945,2026-02-12 20:30:00+00:00,90,10.013,32.93,2.85,205.0,253.0
MHJ45,2026-02-12 20:37:30+00:00,70,9.850,32.75,2.53,217.5,246.8
AL945,2026-02-12 20:37:30+00:00,75,9.963,32.76,2.85,210.0,251.0
MHJ45,2026-02-12 20:45:00+00:00,80,9.975,33.83,2.53,217.5,249.7
AL945,2026-02-12 20:45:00+00:00,75,9.938,33.04,2.80,217.5,252.0
AL945,2026-02-12 20:52:30+00:00,95,9.825,33.09,2.72,210.0,245.9
MHJ45,2026-02-12 20:52:30+00:00,70,9.825,33.34,2.53,222.5,244.1
AL945,2026-02-12 21:00:00+00:00,95,9.813,32.61,2.70,165.0,246.7
MHJ45,2026-02-12 21:00:00+00:00,70,9.700,33.24,,217.5,246.4
AL945,2026-02-12 21:07:30+00:00,90,9.863,32.81,2.67,210.0,252.8
MHJ45,2026-02-12 21:07:30+00:00,70,9.425,32.58,2.25,217.5,238.4
AL945,2026-02-12 21:15:00+00:00,60,9.863,33.44,2.60,217.5,240.2
MHJ45,2026-02-12 21:15:00+00:00,70,9.300,31.50,2.25,212.5,241.1
MHJ45,2026-02-12 21:22:30+00:00,70,9.275,31.46,2.08,215.0,253.2
AL945,2026-02-12 21:22:30+00:00,90,9.725,32.99,2.45,222.5,245.8
MHJ45,2026-02-12 21:30:00+00:00,70,9.150,30.50,2.05,210.0,259.1
AL945,2026-02-12 21:30:00+00:00,80,9.675,32.56,2.42,217.5,242.1
AL945,2026-02-12 21:37:30+00:00,90,9.400,32.25,2.33,217.5,239.4
MHJ45,2026-02-12 21:37:30+00:00,60,9.125,31.09,,212.5,247.3
MHJ45,2026-02-12 21:45:00+00:00,70,9.175,30.70,,212.5,260.3
AL945,2026-02-12 21:45:00+00:00,0,9.350,32.61,2.25,217.5,
AL945,2026-02-12 21:52:30+00:00,80,9.588,32.64,2.25,217.5,244.7
MHJ45,2026-02-12 21:52:30+00:00,60,9.050,30.96,,212.5,251.1
MHJ45,2026-02-12 22:00:00+00:00,70,8.850,30.59,,210.0,247.7
AL945,2026-02-12 22:00:00+00:00,60,9.225,32.49,2.15,215.0,236.4
AL945,2026-02-12 22:07:30+00:00,80,9.438,32.50,2.03,215.0,244.7
MHJ45,2026-02-12 22:07:30+00:00,70,8.775,30.28,,207.5,241.3
AL945,2026-02-12 22:15:00+00:00,80,9.275,31.78,,210.0,242.0
MHJ45,2026-02-12 22:15:00+00:00,60,8.525,29.51,,205.0,245.6
MHJ45,2026-02-12 22:22:30+00:00,70,8.325,27.85,,205.0,263.6
AL945,2026-02-12 22:22:30+00:00,90,8.800,30.83,,207.5,237.0
MHJ45,2026-02-12 22:30:00+00:00,70,8.225,26.38,,200.0,274.7
AL945,2026-02-12 22:30:00+00:00,40,8.500,29.62,,205.0,235.1
MHJ45,2026-02-12 22:37:30+00:00,70,8.075,26.10,,200.0,273.3
AL945,2026-02-12 22:37:30+00:00,60,6.850,27.19,,202.5,211.4
AL945,2026-02-12 22:45:00+00:00,90,8.525,29.60,,205.0,243.7
MHJ45,2026-02-12 22:45:00+00:00,70,7.875,25.66,,207.5,274.2
MHJ45,2026-02-12 22:52:30+00:00,70,7.775,25.33,,205.0,274.5
AL945,2026-02-12 22:52:30+00:00,90,8.400,28.73,,207.5,244.8
MHJ45,2026-02-12 23:00:00+00:00,70,7.650,24.80,,207.5,268.0
AL945,2026-02-12 23:00:00+00:00,90,8.275,27.81,,202.5,251.8
MHJ45,2026-02-12 23:07:30+00:00,70,7.375,23.76,,207.5,270.0
AL945,2026-02-12 23:07:30+00:00,60,8.200,27.56,,205.0,250.8
MHJ45,2026-02-12 23:15:00+00:00,60,7.350,23.35,,210.0,276.5
AL945,2026-02-12 23:15:00+00:00,70,8.125,27.01,,207.5,259.8
MHJ45,2026-02-12 23:22:30+00:00,60,7.375,23.92,,212.5,281.3
AL945,2026-02-12 23:22:30+00:00,75,8.075,26.76,,207.5,263.3
MHJ45,2026-02-12 23:30:00+00:00,70,7.200,24.15,,215.0,266.9
AL945,2026-02-12 23:30:00+00:00,60,7.775,25.84,,207.5,255.8
MHJ45,2026-02-12 23:37:30+00:00,70,7.000,23.40,,212.5,268.6
AL945,2026-02-12 23:37:30+00:00,70,7.600,24.98,,207.5,267.5
AL945,2026-02-12 23:45:00+00:00,40,7.025,25.20,,210.0,249.0
MHJ45,2026-02-12 23:45:00+00:00,70,6.725,22.25,,212.5,270.8
MHJ45,2026-02-12 23:52:30+00:00,70,6.325,20.97,,212.5,273.7
AL945,2026-02-12 23:52:30+00:00,90,7.150,23.59,,212.5,267.4
AL945,2026-02-13 00:00:00+00:00,70,6.975,22.40,,237.5,280.6
MHJ45,2026-02-13 00:00:00+00:00,70,6.075,19.96,,217.5,271.6
AL945,2026-02-13 00:07:30+00:00,90,6.975,22.08,,217.5,297.4
MHJ45,2026-02-13 00:07:30+00:00,80,6.025,19.69,,220.0,282.5
AL945,2026-02-13 00:15:00+00:00,90,6.950,22.01,,220.0,292.8
MHJ45,2026-02-13 00:15:00+00:00,70,5.850,18.57,,222.5,286.3
AL945,2026-02-13 00:22:30+00:00,20,6.875,23.07,,225.0,274.4
MHJ45,2026-02-13 00:22:30+00:00,40,5.750,18.09,,222.5,283.8
AL945,2026-02-13 00:30:00+00:00,70,6.875,22.45,,222.5,280.3
MHJ45,2026-02-13 00:30:00+00:00,70,5.600,18.02,,225.0,279.9
MHJ45,2026-02-13 00:37:30+00:00,70,5.525,17.98,,227.5,282.0
AL945,2026-02-13 00:37:30+00:00,60,6.775,22.22,,230.0,275.9
AL945,2026-02-13 00:45:00+00:00,40,6.375,21.84,,222.5,267.6
MHJ45,2026-02-13 00:45:00+00:00,70,5.450,17.64,,230.0,275.1
AL945,2026-02-13 00:52:30+00:00,90,6.275,20.71,,222.5,277.2
MHJ45,2026-02-13 00:52:30+00:00,70,5.275,16.84,,232.5,280.6
AL945,2026-02-13 01:00:00+00:00,90,6.100,19.51,,222.5,282.8
MHJ45,2026-02-13 01:00:00+00:00,70,4.800,15.48,,242.5,283.0
AL945,2026-02-13 01:07:30+00:00,90,5.650,18.90,,222.5,268.7
MHJ45,2026-02-13 01:07:30+00:00,90,4.700,15.41,,235.0,284.3
MHJ45,2026-02-13 01:15:00+00:00,90,4.625,14.29,,240.0,295.9
AL945,2026-02-13 01:15:00+00:00,90,5.550,18.55,,235.0,272.9
AL945,2026-02-13 01:22:30+00:00,90,5.375,17.39,,222.5,276.6
MHJ45,2026-02-13 01:22:30+00:00,60,4.600,14.10,,277.5,311.6
MHJ45,2026-02-13 01:30:00+00:00,40,4.550,13.66,,265.0,315.3
AL945,2026-02-13 01:30:00+00:00,80,5.225,16.91,,225.0,269.8
MHJ45,2026-02-13 01:37:30+00:00,60,4.625,14.68,,255.0,298.8
AL945,2026-02-13 01:37:30+00:00,70,4.950,16.13,,237.5,272.9
AL945,2026-02-13 01:45:00+00:00,0,4.675,15.00,,227.5,
MHJ45,2026-02-13 01:45:00+00:00,60,3.550,12.86,,252.5,261.7
MHJ45,2026-02-13 01:52:30+00:00,70,4.625,14.13,,257.5,312.9
AL945,2026-02-13 01:52:30+00:00,60,4.100,14.57,,232.5,256.5
AL945,2026-02-13 02:00:00+00:00,0,4.600,14.30,,242.5,
MHJ45,2026-02-13 02:00:00+00:00,80,4.750,14.62,,257.5,305.4
MHJ45,2026-02-13 02:07:30+00:00,70,4.775,14.05,,257.5,332.4
AL945,2026-02-13 02:07:30+00:00,80,4.425,14.18,,235.0,288.3
AL945,2026-02-13 02:15:00+00:00,80,4.275,12.94,,237.5,293.9
MHJ45,2026-02-13 02:15:00+00:00,70,4.600,13.54,,252.5,321.3
MHJ45,2026-02-13 02:22:30+00:00,60,4.550,13.37,,255.0,321.1
AL945,2026-02-13 02:22:30+00:00,0,4.150,11.85,,245.0,
MHJ45,2026-02-13 02:30:00+00:00,0,4.275,12.43,,272.5,
AL945,2026-02-13 02:30:00+00:00,80,4.100,12.23,,260.0,311.8
AL945,2026-02-13 02:37:30+00:00,80,4.125,12.34,,275.0,308.5
MHJ45,2026-02-13 02:37:30+00:00,70,4.350,11.65,,357.5,390.0
MHJ45,2026-02-13 02:45:00+00:00,70,4.350,11.56,,362.5,391.4
AL945,2026-02-13 02:45:00+00:00,70,4.075,11.91,,272.5,317.3
MHJ45,2026-02-13 02:52:30+00:00,70,4.175,12.21,,285.0,329.0
AL945,2026-02-13 02:52:30+00:00,40,3.025,10.14,,280.0,284.1
MHJ45,2026-02-13 03:00:00+00:00,70,4.175,11.73,,285.0,346.9
AL945,2026-02-13 03:00:00+00:00,80,3.850,11.10,,312.5,334.6
MHJ45,2026-02-13 03:07:30+00:00,40,3.775,11.53,,315.0,336.7
AL945,2026-02-13 03:07:30+00:00,80,3.750,11.19,,285.0,318.9
AL945,2026-02-13 03:15:00+00:00,80,3.800,10.60,,290.0,335.9
MHJ45,2026-02-13 03:15:00+00:00,70,3.975,11.88,,295.0,330.6
AL945,2026-02-13 03:22:30+00:00,80,3.850,11.03,,292.5,339.9
MHJ45,2026-02-13 03:22:30+00:00,70,4.150,11.14,,295.0,359.5
AL945,2026-02-13 03:30:00+00:00,80,4.000,11.30,,297.5,343.2
MHJ45,2026-02-13 03:30:00+00:00,70,4.000,11.33,,297.5,340.0
MHJ45,2026-02-13 03:37:30+00:00,65,4.100,11.66,,300.0,338.7
AL945,2026-02-13 03:37:30+00:00,80,4.075,11.99,,280.0,323.2
MHJ45,2026-02-13 03:45:00+00:00,70,4.200,11.89,,287.5,341.7
AL945,2026-02-13 03:45:00+00:00,70,4.025,12.23,,277.5,321.2
MHJ45,2026-02-13 03:52:30+00:00,70,4.175,12.42,,280.0,338.5
AL945,2026-02-13 03:52:30+00:00,80,4.150,12.31,,272.5,316.4
AL945,2026-02-13 04:00:00+00:00,40,3.425,11.71,,285.0,282.9
MHJ45,2026-02-13 04:00:00+00:00,70,4.575,12.80,,280.0,350.5
AL945,2026-02-13 04:07:30+00:00,80,4.150,12.40,,272.5,326.7
MHJ45,2026-02-13 04:07:30+00:00,70,4.575,12.48,,282.5,366.1
AL945,2026-02-13 04:15:00+00:00,80,4.175,12.13,,272.5,328.7
MHJ45,2026-02-13 04:15:00+00:00,70,4.550,12.78,,280.0,347.6
AL945,2026-02-13 04:22:30+00:00,70,4.175,12.47,,272.5,311.7
MHJ45,2026-02-13 04:22:30+00:00,70,4.575,13.12,,282.5,341.8
MHJ45,2026-02-13 04:30:00+00:00,60,4.150,13.54,,275.0,296.8
AL945,2026-02-13 04:30:00+00:00,70,4.225,12.68,,270.0,322.8
MHJ45,2026-02-13 04:37:30+00:00,70,4.550,13.28,,270.0,322.2
AL945,2026-02-13 04:37:30+00:00,80,4.175,12.67,,270.0,318.1
AL945,2026-02-13 04:45:00+00:00,0,4.200,12.43,,265.0,
MHJ45,2026-02-13 04:45:00+00:00,60,4.075,13.43,,270.0,292.8
AL945,2026-02-13 04:52:30+00:00,80,4.225,12.80,,300.0,326.7
MHJ45,2026-02-13 04:52:30+00:00,60,4.425,13.46,,265.0,318.5
AL945,2026-02-13 05:00:00+00:00,80,4.175,12.60,,267.5,325.8
MHJ45,2026-02-13 05:00:00+00:00,70,4.400,13.46,,262.5,314.8
AL945,2026-02-13 05:07:30+00:00,60,4.025,13.15,,265.0,294.3
MHJ45,2026-02-13 05:07:30+00:00,70,4.750,14.02,,267.5,321.7
AL945,2026-02-13 05:15:00+00:00,0,4.175,11.97,,267.5,
MHJ45,2026-02-13 05:15:00+00:00,40,4.975,14.74,,267.5,340.8
AL945,2026-02-13 05:22:30+00:00,40,4.050,13.52,,267.5,292.9
MHJ45,2026-02-13 05:22:30+00:00,50,4.350,12.86,,280.0,318.1
AL945,2026-02-13 05:30:00+00:00,60,4.150,12.09,,270.0,328.9
MHJ45,2026-02-13 05:30:00+00:00,50,3.075,10.98,,277.5,271.4
AL945,2026-02-13 05:37:30+00:00,70,3.875,12.31,,267.5,297.8
MHJ45,2026-02-13 05:37:30+00:00,0,5.075,14.06,,267.5,
MHJ45,2026-02-13 05:45:00+00:00,70,4.200,12.65,,267.5,320.4
AL945,2026-02-13 05:45:00+00:00,70,3.850,12.02,,270.0,303.0
AL945,2026-02-13 05:52:30+00:00,70,3.650,11.19,,265.0,307.5
MHJ45,2026-02-13 05:52:30+00:00,50,4.175,12.52,,275.0,315.8
AL945,2026-02-13 06:00:00+00:00,70,3.575,11.48,,282.5,294.9
MHJ45,2026-02-13 06:00:00+00:00,40,3.550,12.23,,262.5,276.6
AL945,2026-02-13 06:07:30+00:00,70,3.550,11.51,,270.0,289.6
MHJ45,2026-02-13 06:07:30+00:00,0,4.175,12.29,,265.0,
AL945,2026-02-13 06:15:00+00:00,70,3.825,11.65,,282.5,315.2
MHJ45,2026-02-13 06:15:00+00:00,50,3.850,12.24,,262.5,294.2
MHJ45,2026-02-13 06:22:30+00:00,0,4.100,11.99,,267.5,
AL945,2026-02-13 06:22:30+00:00,70,3.775,11.51,,267.5,306.9
AL945,2026-02-13 06:30:00+00:00,60,3.350,10.54,,270.0,296.7
MHJ45,2026-02-13 06:30:00+00:00,40,3.400,11.59,,272.5,280.1
MHJ45,2026-02-13 06:37:30+00:00,70,3.625,12.25,,262.5,279.5
AL945,2026-02-13 06:37:30+00:00,70,3.625,10.47,,272.5,328.0
AL945,2026-02-13 06:45:00+00:00,70,3.525,10.77,,272.5,306.7
MHJ45,2026-02-13 06:45:00+00:00,70,4.050,12.86,,252.5,293.4
AL945,2026-02-13 06:52:30+00:00,70,3.275,9.89,,275.0,317.3
MHJ45,2026-02-13 06:52:30+00:00,60,4.075,12.74,,242.5,289.9
AL945,2026-02-13 07:00:00+00:00,70,3.100,9.52,,275.0,309.2
MHJ45,2026-02-13 07:00:00+00:00,0,3.800,11.79,,242.5,
AL945,2026-02-13 07:07:30+00:00,70,3.100,9.65,,280.0,304.2
MHJ45,2026-02-13 07:07:30+00:00,0,3.725,11.62,,242.5,
AL945,2026-02-13 07:15:00+00:00,70,3.025,9.45,,292.5,301.1
MHJ45,2026-02-13 07:15:00+00:00,70,3.725,11.37,,275.0,311.4
MHJ45,2026-02-13 07:22:30+00:00,50,2.900,9.85,,257.5,274.0
AL945,2026-02-13 07:22:30+00:00,70,2.975,9.19,,287.5,307.1
AL945,2026-02-13 07:30:00+00:00,70,2.550,8.60,,297.5,276.6
MHJ45,2026-02-13 07:30:00+00:00,70,2.575,9.13,,260.0,261.7
AL945,2026-02-13 07:37:30+00:00,60,2.325,7.77,,292.5,275.4
MHJ45,2026-02-13 07:37:30+00:00,40,2.825,8.78,,350.0,308.3
AL945,2026-02-13 07:45:00+00:00,60,2.300,6.57,,410.0,333.1
MHJ45,2026-02-13 07:45:00+00:00,70,3.050,8.90,,332.5,329.0
AL945,2026-02-13 07:52:30+00:00,70,2.150,6.65,,380.0,299.7
MHJ45,2026-02-13 07:52:30+00:00,70,2.575,8.03,,300.0,303.2
AL945,2026-02-13 08:00:00+00:00,45,2.075,5.87,,443.6,316.2
MHJ45,2026-02-13 08:00:00+00:00,70,2.600,8.16,,317.5,306.1
MHJ45,2026-02-13 08:07:30+00:00,60,2.400,7.36,,340.0,310.9
AL945,2026-02-13 08:15:00+00:00,45,2.600,7.30,,374.8,343.3
MHJ45,2026-02-13 08:15:00+00:00,40,2.450,7.00,,360.0,355.8
AL945,2026-02-13 08:22:30+00:00,45,2.500,7.26,,429.5,321.5
MHJ45,2026-02-13 08:22:30+00:00,60,2.950,7.88,,375.0,385.2
MHJ45,2026-02-13 08:30:00+00:00,60,2.300,6.74,,390.0,331.2
MHJ45,2026-02-13 08:37:30+00:00,70,2.550,6.83,,397.5,370.7
MHJ45,2026-02-13 08:45:00+00:00,70,2.250,6.27,,440.0,353.3
MHJ45,2026-02-13 08:52:30+00:00,40,2.175,5.93,,467.5,342.7
MHJ45,2026-02-13 09:00:00+00:00,80,2.250,5.81,,492.5,369.4
MHJ45,2026-02-13 09:07:30+00:00,90,2.225,5.60,,500.0,378.2
AL945,2026-02-13 09:30:00+00:00,45,2.125,5.53,,517.5,352.4
MHJ45,2026-02-13 09:30:00+00:00,0,15.175,29.90,,652.5,
MHJ45,2026-02-13 09:37:30+00:00,45,15.425,41.79,,492.5,352.3
MHJ45,2026-02-13 09:45:00+00:00,0,15.650,60.82,,200.0,
AL945,2026-02-13 09:45:00+00:00,45,2.225,5.07,,630.0,404.2
AL945,2026-02-13 09:52:30+00:00,80,2.275,5.25,,622.5,433.2
MHJ45,2026-02-13 10:00:00+00:00,45,13.875,31.73,,637.5,417.5
AL945,2026-02-13 10:00:00+00:00,80,2.300,5.70,,505.0,387.5
MHJ45,2026-02-13 10:07:30+00:00,45,14.600,67.00,,197.5,185.6
MHJ45,2026-02-13 10:15:00+00:00,45,2.825,6.31,,595.0,504.8
AL945,2026-02-13 10:22:30+00:00,65,2.750,7.03,,490.0,392.6
MHJ45,2026-02-13 10:22:30+00:00,70,2.275,5.77,,480.0,371.2
AL945,2026-02-13 10:37:30+00:00,70,2.775,7.82,,367.5,345.6
MHJ45,2026-02-13 10:37:30+00:00,80,2.100,5.06,,562.5,378.2
AL945,2026-02-13 10:45:00+00:00,40,2.800,7.32,,352.5,373.4
MHJ45,2026-02-13 10:45:00+00:00,90,2.200,5.89,,457.5,337.2
AL945,2026-02-13 10:52:30+00:00,60,2.475,7.48,,357.5,314.7
MHJ45,2026-02-13 10:52:30+00:00,60,2.400,6.21,,445.0,357.8
MHJ45,2026-02-13 11:00:00+00:00,40,2.225,6.09,,445.0,323.5
AL945,2026-02-13 11:00:00+00:00,70,3.000,8.01,,332.5,376.8
AL945,2026-02-13 11:07:30+00:00,70,3.000,8.24,,325.0,362.0
MHJ45,2026-02-13 11:07:30+00:00,70,2.375,7.20,,345.0,290.5
AL945,2026-02-13 11:15:00+00:00,70,3.050,8.71,,317.5,333.0
MHJ45,2026-02-13 11:15:00+00:00,70,2.600,8.39,,305.0,270.6
AL945,2026-02-13 11:22:30+00:00,70,2.775,8.45,,310.0,304.4
MHJ45,2026-02-13 11:22:30+00:00,40,2.925,9.72,,275.0,261.0
AL945,2026-02-13 11:30:00+00:00,70,2.800,8.76,,305.0,294.6
MHJ45,2026-02-13 11:30:00+00:00,60,3.450,11.29,,255.0,270.4
AL945,2026-02-13 11:37:30+00:00,70,2.825,8.68,,307.5,297.5
MHJ45,2026-02-13 11:37:30+00:00,40,3.504,12.19,,295.0,240.7
AL945,2026-02-13 11:45:00+00:00,70,3.000,9.28,,292.5,295.1
MHJ45,2026-02-13 11:45:00+00:00,65,4.031,13.22,,242.5,251.2
MHJ45,2026-02-13 11:52:30+00:00,80,4.525,15.15,,237.5,251.6
AL945,2026-02-13 11:52:30+00:00,60,3.350,10.02,,275.0,296.4
MHJ45,2026-02-13 12:00:00+00:00,60,4.775,16.59,,230.0,242.8
AL945,2026-02-13 12:00:00+00:00,70,3.625,11.22,,277.5,293.6
AL945,2026-02-13 12:07:30+00:00,60,3.800,11.25,,257.5,304.4
MHJ45,2026-02-13 12:07:30+00:00,70,5.163,18.51,,285.0,237.8
AL945,2026-02-13 12:15:00+00:00,70,3.750,12.16,,260.0,266.5
MHJ45,2026-02-13 12:15:00+00:00,90,5.625,20.12,,235.0,239.8
MHJ45,2026-02-13 12:22:30+00:00,40,5.588,21.30,2.03,225.0,212.5
AL945,2026-02-13 12:22:30+00:00,70,4.031,13.29,,280.0,257.0
MHJ45,2026-02-13 12:30:00+00:00,40,6.013,21.49,2.05,255.0,229.4
AL945,2026-02-13 12:30:00+00:00,60,4.425,14.27,,240.0,261.6
MHJ45,2026-02-13 12:37:30+00:00,50,5.988,22.79,2.17,230.0,212.3
AL945,2026-02-13 12:37:30+00:00,80,4.350,15.29,,230.0,235.3
MHJ45,2026-02-13 12:45:00+00:00,70,5.875,22.25,2.22,217.5,205.0
AL945,2026-02-13 12:45:00+00:00,80,4.750,15.77,,232.5,246.7
AL945,2026-02-13 12:52:30+00:00,70,5.050,17.67,,230.0,244.3
MHJ45,2026-02-13 12:52:30+00:00,90,6.250,22.46,2.25,217.5,221.6
AL945,2026-02-13 13:00:00+00:00,70,5.425,18.78,,217.5,236.2
MHJ45,2026-02-13 13:00:00+00:00,50,6.450,24.60,2.20,215.0,221.8
AL945,2026-02-13 13:07:30+00:00,70,5.513,19.73,2.03,222.5,227.7
MHJ45,2026-02-13 13:07:30+00:00,70,6.425,23.93,2.30,212.5,212.0
AL945,2026-02-13 13:15:00+00:00,90,5.651,20.23,2.03,222.5,221.9
MHJ45,2026-02-13 13:15:00+00:00,70,6.250,21.71,2.53,207.5,232.1
MHJ45,2026-02-13 13:22:30+00:00,70,6.225,22.22,2.55,210.0,221.5
AL945,2026-02-13 13:22:30+00:00,60,5.863,20.40,2.15,222.5,229.6
MHJ45,2026-02-13 13:30:00+00:00,70,6.425,23.04,2.53,202.5,217.3
AL945,2026-02-13 13:30:00+00:00,50,6.013,21.80,2.17,222.5,215.9
MHJ45,2026-02-13 13:37:30+00:00,50,6.579,24.15,2.53,222.5,209.9
AL945,2026-02-13 13:37:30+00:00,70,6.050,22.35,2.15,217.5,213.4
AL945,2026-02-13 13:45:00+00:00,90,6.025,21.65,2.22,212.5,211.2
MHJ45,2026-02-13 13:45:00+00:00,70,6.613,23.33,2.65,217.5,227.8
MHJ45,2026-02-13 13:52:30+00:00,90,6.700,23.17,2.65,195.0,224.4
AL945,2026-02-13 13:52:30+00:00,80,5.925,21.23,2.25,197.5,217.4
MHJ45,2026-02-13 14:00:00+00:00,70,6.925,24.72,2.80,225.0,220.4
MHJ45,2026-02-13 14:07:30+00:00,90,6.950,24.11,2.80,187.5,224.9
AL945,2026-02-13 14:07:30+00:00,40,6.575,23.50,2.35,195.0,226.7
AL945,2026-02-13 14:15:00+00:00,40,6.288,22.73,2.40,220.0,215.7
MHJ45,2026-02-13 14:15:00+00:00,70,7.007,24.32,2.63,220.0,225.4
AL945,2026-02-13 14:22:30+00:00,60,6.463,21.78,2.40,220.0,235.3
MHJ45,2026-02-13 14:22:30+00:00,70,7.207,24.85,2.88,225.0,230.9
AL945,2026-02-13 14:30:00+00:00,90,6.963,24.54,2.38,242.5,230.3
MHJ45,2026-02-13 14:30:00+00:00,70,7.356,25.55,2.58,235.0,230.0
AL945,2026-02-13 14:37:30+00:00,90,7.138,25.04,2.58,155.0,228.3
MHJ45,2026-02-13 14:37:30+00:00,70,7.375,25.26,2.97,230.0,232.3
MHJ45,2026-02-13 14:45:00+00:00,70,7.750,26.11,3.00,217.5,237.7
AL945,2026-02-13 14:45:00+00:00,90,7.075,25.00,2.60,212.5,217.1
MHJ45,2026-02-13 14:52:30+00:00,70,7.975,27.00,2.78,235.0,235.0
AL945,2026-02-13 14:52:30+00:00,90,7.313,26.37,2.63,245.0,226.2
AL945,2026-02-13 15:00:00+00:00,90,7.425,26.16,2.67,205.0,228.6
MHJ45,2026-02-13 15:00:00+00:00,70,8.375,28.82,3.03,212.5,234.8
AL945,2026-02-13 15:07:30+00:00,90,7.225,25.75,2.72,202.5,222.4
MHJ45,2026-02-13 15:07:30+00:00,70,8.532,30.12,2.88,242.5,229.9
MHJ45,2026-02-13 15:15:00+00:00,70,8.488,30.10,,232.5,230.2
AL945,2026-02-13 15:15:00+00:00,80,7.288,25.27,2.72,147.5,221.0
AL945,2026-02-13 15:22:30+00:00,90,7.513,25.54,2.78,222.5,236.8
MHJ45,2026-02-13 15:22:30+00:00,70,8.450,29.13,3.00,235.0,223.7
AL945,2026-02-13 15:30:00+00:00,50,7.488,26.44,2.83,230.0,222.3
MHJ45,2026-02-13 15:30:00+00:00,70,8.688,30.48,3.10,240.0,233.2
MHJ45,2026-02-13 15:37:30+00:00,70,8.775,30.70,3.05,225.0,229.6
AL945,2026-02-13 15:37:30+00:00,90,7.738,26.50,2.97,217.5,233.1
MHJ45,2026-02-13 15:45:00+00:00,70,8.457,29.94,3.08,225.0,216.8
AL945,2026-02-13 15:45:00+00:00,90,7.938,26.35,3.00,185.0,242.2
AL945,2026-02-13 15:52:30+00:00,90,8.013,26.28,3.05,217.5,245.9
MHJ45,2026-02-13 15:52:30+00:00,70,8.382,29.03,3.13,235.0,227.6
MHJ45,2026-02-13 16:00:00+00:00,50,8.279,28.82,2.92,252.5,226.8
AL945,2026-02-13 16:00:00+00:00,90,8.275,27.46,3.05,252.5,233.1
AL945,2026-02-13 16:07:30+00:00,90,8.388,27.83,3.08,207.5,239.5
MHJ45,2026-02-13 16:07:30+00:00,90,8.325,27.76,2.78,227.5,230.8
MHJ45,2026-02-13 16:15:00+00:00,70,8.125,27.64,3.15,217.5,223.0
AL945,2026-02-13 16:15:00+00:00,90,8.463,28.15,3.10,195.0,236.9
AL945,2026-02-13 16:22:30+00:00,90,8.563,28.78,3.13,197.5,238.8
MHJ45,2026-02-13 16:22:30+00:00,70,8.138,26.47,2.75,222.5,245.9
AL945,2026-02-13 16:30:00+00:00,70,8.863,28.70,3.15,192.5,253.4
MHJ45,2026-02-13 16:30:00+00:00,50,6.779,25.23,3.15,255.0,196.9
AL945,2026-02-13 16:37:30+00:00,80,9.088,29.40,3.10,225.0,250.9
MHJ45,2026-02-13 16:37:30+00:00,70,8.400,27.63,3.08,197.5,237.6
MHJ45,2026-02-13 16:45:00+00:00,70,8.675,27.81,2.95,212.5,259.4
AL945,2026-02-13 16:45:00+00:00,90,9.088,29.80,3.17,217.5,246.4
MHJ45,2026-02-13 16:52:30+00:00,70,8.800,28.48,3.25,202.5,246.4
AL945,2026-02-13 16:52:30+00:00,75,9.475,30.63,3.15,217.5,259.4
AL945,2026-02-13 17:00:00+00:00,95,9.650,31.66,3.13,185.0,251.5
MHJ45,2026-02-13 17:00:00+00:00,70,9.138,29.40,3.03,242.5,260.5
AL945,2026-02-13 17:07:30+00:00,70,9.650,32.31,3.08,192.5,242.6
MHJ45,2026-02-13 17:07:30+00:00,60,9.425,30.71,3.25,225.0,257.9
MHJ45,2026-02-13 17:15:00+00:00,70,9.600,31.74,3.25,225.0,254.2
AL945,2026-02-13 17:15:00+00:00,70,9.813,32.47,3.22,187.5,246.6
AL945,2026-02-13 17:22:30+00:00,80,10.163,33.31,3.20,227.5,248.1
MHJ45,2026-02-13 17:22:30+00:00,70,9.600,32.10,2.60,215.0,240.5
AL945,2026-02-13 17:30:00+00:00,90,9.888,33.02,3.20,240.0,243.1
MHJ45,2026-02-13 17:30:00+00:00,70,9.600,32.01,2.80,225.0,242.7
AL945,2026-02-13 17:37:30+00:00,45,8.888,32.66,3.22,211.0,218.2
MHJ45,2026-02-13 17:37:30+00:00,70,9.450,31.53,3.08,220.0,235.4
MHJ45,2026-02-13 17:45:00+00:00,70,9.300,30.56,2.92,235.0,244.8
AL945,2026-02-13 17:45:00+00:00,90,9.663,32.05,3.05,235.0,241.3
MHJ45,2026-02-13 17:52:30+00:00,70,9.250,29.72,3.15,212.5,254.3
AL945,2026-02-13 17:52:30+00:00,70,9.725,31.79,3.05,202.5,251.9
MHJ45,2026-02-13 18:00:00+00:00,70,9.275,30.05,3.20,220.0,255.5
AL945,2026-02-13 18:00:00+00:00,90,9.613,32.04,3.05,195.0,244.4
AL945,2026-02-13 18:07:30+00:00,80,9.775,31.46,3.00,207.5,251.7
MHJ45,2026-02-13 18:07:30+00:00,70,9.350,29.53,3.20,227.5,255.7
AL945,2026-02-13 18:15:00+00:00,80,10.125,32.49,3.00,205.0,262.1
MHJ45,2026-02-13 18:15:00+00:00,70,9.525,30.46,3.17,220.0,258.5
AL945,2026-02-13 18:22:30+00:00,95,9.800,32.96,3.05,200.0,241.6
MHJ45,2026-02-13 18:22:30+00:00,60,9.775,30.72,3.13,222.5,267.0
AL945,2026-02-13 18:30:00+00:00,90,9.725,32.10,3.00,200.0,245.0
MHJ45,2026-02-13 18:30:00+00:00,60,9.875,31.37,3.08,232.5,257.8
AL945,2026-02-13 18:37:30+00:00,90,9.738,31.58,3.03,147.5,248.8
MHJ45,2026-02-13 18:37:30+00:00,20,9.175,32.68,3.05,222.5,231.4
AL945,2026-02-13 18:45:00+00:00,70,9.863,31.25,3.03,220.0,260.3
MHJ45,2026-02-13 18:45:00+00:00,70,9.975,33.13,3.00,207.5,251.1
MHJ45,2026-02-13 18:52:30+00:00,50,9.925,32.63,2.97,215.0,255.2
AL945,2026-02-13 18:52:30+00:00,75,9.913,31.23,2.97,212.5,262.3
AL945,2026-02-13 19:00:00+00:00,70,10.088,31.69,2.95,207.5,264.0
MHJ45,2026-02-13 19:00:00+00:00,70,9.875,32.37,2.92,222.5,253.1
AL945,2026-02-13 19:07:30+00:00,95,10.225,32.87,2.97,200.0,257.2
MHJ45,2026-02-13 19:07:30+00:00,90,9.938,31.96,2.92,332.5,236.0
MHJ45,2026-02-13 19:15:00+00:00,70,10.000,32.38,3.00,217.5,258.3
AL945,2026-02-13 19:15:00+00:00,85,10.625,33.92,3.00,200.0,261.4
MHJ45,2026-02-13 19:22:30+00:00,60,9.225,33.06,2.95,225.0,231.1
AL945,2026-02-13 19:22:30+00:00,65,10.675,34.28,2.85,197.5,261.1
AL945,2026-02-13 19:30:00+00:00,0,10.475,34.51,2.92,207.5,
MHJ45,2026-02-13 19:30:00+00:00,0,10.300,33.79,3.03,332.5,
AL945,2026-02-13 19:37:30+00:00,90,10.600,34.25,2.88,207.5,259.2
MHJ45,2026-02-13 19:37:30+00:00,50,10.250,33.74,2.97,217.5,257.1
AL945,2026-02-13 19:45:00+00:00,0,10.625,34.47,2.90,210.0,
MHJ45,2026-02-13 19:45:00+00:00,60,10.325,36.27,2.90,220.0,244.7
AL945,2026-02-13 19:52:30+00:00,90,10.438,34.30,2.88,142.5,254.5
MHJ45,2026-02-13 19:52:30+00:00,60,10.275,33.90,2.92,222.5,260.0
MHJ45,2026-02-13 20:00:00+00:00,60,10.150,33.88,2.88,222.5,246.4
AL945,2026-02-13 20:00:00+00:00,95,10.538,34.34,2.85,212.5,256.2
MHJ45,2026-02-13 20:07:30+00:00,70,9.882,33.26,2.85,222.5,245.8
AL945,2026-02-13 20:07:30+00:00,40,10.225,33.92,2.83,210.0,250.4
MHJ45,2026-02-13 20:15:00+00:00,70,9.663,32.63,2.72,215.0,250.7
AL945,2026-02-13 20:15:00+00:00,0,10.300,33.55,2.78,207.5,
AL945,2026-02-13 20:22:30+00:00,70,9.975,33.23,2.70,142.5,246.6
MHJ45,2026-02-13 20:22:30+00:00,60,9.700,31.83,2.65,220.0,247.0
MHJ45,2026-02-13 20:30:00+00:00,60,9.550,32.67,2.58,212.5,244.1
AL945,2026-02-13 20:30:00+00:00,90,9.988,32.72,2.67,212.5,253.2
MHJ45,2026-02-13 20:37:30+00:00,70,9.525,31.85,2.58,222.5,252.3
AL945,2026-02-13 20:37:30+00:00,0,9.800,32.12,2.83,330.0,
AL945,2026-02-13 20:45:00+00:00,90,9.875,32.23,2.85,217.5,255.9
MHJ45,2026-02-13 20:45:00+00:00,70,9.425,32.11,2.53,222.5,248.8
AL945,2026-02-13 20:52:30+00:00,95,9.950,32.75,2.60,217.5,255.6
MHJ45,2026-02-13 20:52:30+00:00,70,9.188,31.25,2.53,220.0,249.5
MHJ45,2026-02-13 21:00:00+00:00,40,8.850,30.75,2.47,220.0,236.4
AL945,2026-02-13 21:00:00+00:00,80,9.913,32.13,2.78,222.5,250.0
AL945,2026-02-13 21:07:30+00:00,90,9.863,32.06,2.72,222.5,255.8
MHJ45,2026-02-13 21:07:30+00:00,70,8.688,29.56,2.42,215.0,239.7
AL945,2026-02-13 21:15:00+00:00,85,9.913,32.79,2.45,142.5,249.5
MHJ45,2026-02-13 21:15:00+00:00,70,8.625,29.10,2.25,212.5,249.2
AL945,2026-02-13 21:22:30+00:00,80,9.725,32.43,2.42,225.0,246.2
MHJ45,2026-02-13 21:22:30+00:00,70,8.600,28.41,,212.5,258.7
MHJ45,2026-02-13 21:30:00+00:00,70,8.425,28.09,2.05,212.5,259.8
AL945,2026-02-13 21:30:00+00:00,70,9.438,31.47,2.55,222.5,244.5
AL945,2026-02-13 21:37:30+00:00,85,9.463,31.25,2.45,220.0,251.5
MHJ45,2026-02-13 21:37:30+00:00,70,8.275,27.54,,212.5,261.7
MHJ45,2026-02-13 21:45:00+00:00,70,8.175,27.00,,212.5,265.0
AL945,2026-02-13 21:45:00+00:00,70,9.313,30.70,2.35,220.0,255.3
MHJ45,2026-02-13 21:52:30+00:00,70,8.075,26.38,,210.0,261.6
AL945,2026-02-13 21:52:30+00:00,60,9.225,30.75,2.28,220.0,247.6
MHJ45,2026-02-13 22:00:00+00:00,40,8.000,25.87,,210.0,269.5
AL945,2026-02-13 22:00:00+00:00,80,9.050,29.49,2.05,220.0,258.1
AL945,2026-02-13 22:07:30+00:00,45,8.563,28.87,2.05,222.5,247.4
MHJ45,2026-02-13 22:07:30+00:00,70,8.025,25.52,,210.0,276.9
MHJ45,2026-02-13 22:15:00+00:00,70,8.050,25.95,,212.5,272.4
AL945,2026-02-13 22:15:00+00:00,65,8.975,28.73,,217.5,268.6
MHJ45,2026-02-13 22:22:30+00:00,70,7.950,25.37,,217.5,278.1
AL945,2026-02-13 22:22:30+00:00,45,8.650,29.50,,212.5,248.3
MHJ45,2026-02-13 22:30:00+00:00,70,7.875,24.48,,220.0,298.6
AL945,2026-02-13 22:30:00+00:00,70,8.813,29.05,,215.0,257.0
MHJ45,2026-02-13 22:37:30+00:00,70,7.800,24.23,,227.5,293.0
AL945,2026-02-13 22:37:30+00:00,60,8.725,28.16,,217.5,262.7
MHJ45,2026-02-13 22:45:00+00:00,70,7.900,24.17,,230.0,301.6
AL945,2026-02-13 22:45:00+00:00,45,8.450,27.23,,222.5,264.9
MHJ45,2026-02-13 22:52:30+00:00,70,8.100,24.78,,230.0,303.2
AL945,2026-02-13 22:52:30+00:00,20,8.250,27.35,,225.0,259.8
MHJ45,2026-02-13 23:00:00+00:00,70,8.150,25.57,,227.5,296.0
AL945,2026-02-13 23:00:00+00:00,60,8.250,27.80,,230.0,255.8
AL945,2026-02-13 23:07:30+00:00,20,8.700,27.78,,222.5,272.3
MHJ45,2026-02-13 23:07:30+00:00,70,8.150,25.56,,222.5,295.6
AL945,2026-02-13 23:15:00+00:00,20,7.150,26.84,,225.0,241.4
MHJ45,2026-02-13 23:15:00+00:00,70,8.000,25.70,,222.5,285.0
AL945,2026-02-13 23:22:30+00:00,40,8.625,29.18,,220.0,261.9
MHJ45,2026-02-13 23:22:30+00:00,75,7.825,25.58,,220.0,278.0
MHJ45,2026-02-13 23:30:00+00:00,75,7.700,24.86,,220.0,285.2
AL945,2026-02-13 23:30:00+00:00,90,8.650,28.78,,222.5,264.8
MHJ45,2026-02-13 23:37:30+00:00,40,7.375,24.08,,220.0,274.4
AL945,2026-02-13 23:37:30+00:00,40,8.000,28.37,,215.0,250.0
MHJ45,2026-02-13 23:45:00+00:00,65,7.175,23.41,,220.0,276.6
AL945,2026-02-13 23:45:00+00:00,80,8.475,27.51,,227.5,271.0
MHJ45,2026-02-13 23:52:30+00:00,75,6.950,22.26,,217.5,281.2
AL945,2026-02-13 23:52:30+00:00,40,7.550,27.23,,212.5,246.4
AL945,2026-02-14 00:00:00+00:00,70,8.175,27.97,,215.0,257.9
MHJ45,2026-02-14 00:00:00+00:00,60,6.900,21.98,,220.0,283.1
MHJ45,2026-02-14 00:07:30+00:00,40,6.750,21.84,,222.5,287.0
AL945,2026-02-14 00:07:30+00:00,65,8.025,27.49,,215.0,257.0
AL945,2026-02-14 00:15:00+00:00,50,7.625,25.96,,210.0,254.3
MHJ45,2026-02-14 00:15:00+00:00,70,6.450,21.15,,220.0,277.6
AL945,2026-02-14 00:22:30+00:00,40,7.025,25.11,,207.5,244.1
MHJ45,2026-02-14 00:22:30+00:00,70,6.200,20.52,,230.0,275.4
MHJ45,2026-02-14 00:30:00+00:00,60,5.900,20.40,,212.5,251.4
AL945,2026-02-14 00:30:00+00:00,40,6.575,23.96,,205.0,239.0
AL945,2026-02-14 00:37:30+00:00,0,6.700,22.45,,230.0,
MHJ45,2026-02-14 00:37:30+00:00,60,4.825,18.49,,212.5,233.5
MHJ45,2026-02-14 00:45:00+00:00,60,5.375,18.02,,212.5,266.7
AL945,2026-02-14 00:45:00+00:00,0,6.275,20.92,,205.0,
MHJ45,2026-02-14 00:52:30+00:00,0,5.300,15.99,,220.0,
AL945,2026-02-14 00:52:30+00:00,0,5.750,18.88,,205.0,
MHJ45,2026-02-14 01:00:00+00:00,70,5.075,15.08,,235.0,297.1
AL945,2026-02-14 01:00:00+00:00,0,5.225,17.08,,210.0,
MHJ45,2026-02-14 01:07:30+00:00,60,5.050,15.56,,257.5,304.1
AL945,2026-02-14 01:07:30+00:00,0,5.200,15.41,,220.0,
MHJ45,2026-02-14 01:15:00+00:00,60,4.225,14.95,,245.0,263.6
AL945,2026-02-14 01:15:00+00:00,0,5.125,15.79,,237.5,
MHJ45,2026-02-14 01:22:30+00:00,70,4.725,14.90,,252.5,294.2
AL945,2026-02-14 01:22:30+00:00,90,5.000,15.66,,242.5,288.2
MHJ45,2026-02-14 01:30:00+00:00,60,5.150,15.09,,257.5,319.7
AL945,2026-02-14 01:30:00+00:00,90,4.775,14.96,,240.0,283.5
MHJ45,2026-02-14 01:37:30+00:00,40,4.025,14.06,,260.0,274.2
AL945,2026-02-14 01:37:30+00:00,90,4.750,14.64,,237.5,291.9
MHJ45,2026-02-14 01:45:00+00:00,80,5.300,15.36,,262.5,326.4
AL945,2026-02-14 01:45:00+00:00,0,4.625,13.92,,240.0,
MHJ45,2026-02-14 01:52:30+00:00,0,5.300,14.64,,262.5,
AL945,2026-02-14 01:52:30+00:00,90,4.425,13.68,,245.0,301.4
AL945,2026-02-14 02:00:00+00:00,90,4.300,13.32,,247.5,303.6
MHJ45,2026-02-14 02:00:00+00:00,80,5.200,14.35,,262.5,341.2
MHJ45,2026-02-14 02:07:30+00:00,80,5.175,14.57,,270.0,353.6
AL945,2026-02-14 02:07:30+00:00,80,4.225,12.75,,247.5,300.5
AL945,2026-02-14 02:15:00+00:00,0,4.175,12.83,,257.5,
MHJ45,2026-02-14 02:15:00+00:00,70,5.200,14.32,,272.5,352.4
MHJ45,2026-02-14 02:22:30+00:00,80,5.200,14.64,,285.0,340.1
AL945,2026-02-14 02:22:30+00:00,0,4.200,12.52,,250.0,
AL945,2026-02-14 02:30:00+00:00,60,4.175,13.52,,250.0,287.4
MHJ45,2026-02-14 02:30:00+00:00,90,5.325,15.03,,270.0,334.8
MHJ45,2026-02-14 02:37:30+00:00,90,5.375,15.58,,267.5,332.8
AL945,2026-02-14 02:37:30+00:00,80,4.350,13.22,,257.5,306.6
AL945,2026-02-14 02:45:00+00:00,80,4.250,12.89,,247.5,307.4
MHJ45,2026-02-14 02:45:00+00:00,60,5.325,15.50,,267.5,323.5
MHJ45,2026-02-14 02:52:30+00:00,80,5.475,15.47,,262.5,333.8
AL945,2026-02-14 02:52:30+00:00,90,4.250,13.06,,255.0,306.6
MHJ45,2026-02-14 03:00:00+00:00,80,5.500,15.99,,260.0,333.2
AL945,2026-02-14 03:00:00+00:00,0,4.275,12.87,,252.5,
AL945,2026-02-14 03:07:30+00:00,70,3.975,12.58,,250.0,297.4
MHJ45,2026-02-14 03:07:30+00:00,80,5.425,16.00,,257.5,322.3
MHJ45,2026-02-14 03:15:00+00:00,90,5.425,15.86,,255.0,328.6
AL945,2026-02-14 03:15:00+00:00,70,4.025,12.10,,250.0,307.3
MHJ45,2026-02-14 03:22:30+00:00,90,5.400,15.74,,255.0,335.8
AL945,2026-02-14 03:22:30+00:00,0,3.900,11.80,,250.0,
MHJ45,2026-02-14 03:30:00+00:00,70,5.300,15.62,,252.5,317.7
AL945,2026-02-14 03:30:00+00:00,70,3.800,11.81,,250.0,296.0
MHJ45,2026-02-14 03:37:30+00:00,90,5.275,15.60,,247.5,322.8
AL945,2026-02-14 03:37:30+00:00,0,3.950,11.60,,255.0,
MHJ45,2026-02-14 03:45:00+00:00,90,4.975,14.99,,245.0,301.0
AL945,2026-02-14 03:45:00+00:00,80,3.975,11.81,,262.5,321.5
MHJ45,2026-02-14 03:52:30+00:00,90,4.950,14.63,,245.0,311.6
AL945,2026-02-14 03:52:30+00:00,90,3.800,11.68,,277.5,301.4
MHJ45,2026-02-14 04:00:00+00:00,0,5.000,13.80,,252.5,
AL945,2026-02-14 04:00:00+00:00,70,3.950,11.85,,265.0,315.9
AL945,2026-02-14 04:07:30+00:00,0,4.150,12.11,,265.0,
MHJ45,2026-02-14 04:07:30+00:00,0,4.950,13.47,,260.0,
AL945,2026-02-14 04:15:00+00:00,0,4.200,12.00,,265.0,
MHJ45,2026-02-14 04:15:00+00:00,90,4.725,13.65,,270.0,334.6
AL945,2026-02-14 04:22:30+00:00,90,4.225,12.32,,262.5,324.6
MHJ45,2026-02-14 04:22:30+00:00,90,4.750,13.70,,270.0,332.2
AL945,2026-02-14 04:30:00+00:00,0,4.150,12.29,,257.5,
MHJ45,2026-02-14 04:30:00+00:00,90,4.675,14.00,,270.0,324.0
AL945,2026-02-14 04:37:30+00:00,90,4.100,12.05,,257.5,318.8
MHJ45,2026-02-14 04:37:30+00:00,90,4.650,13.63,,265.0,329.4
AL945,2026-02-14 04:45:00+00:00,0,4.075,11.86,,260.0,
MHJ45,2026-02-14 04:45:00+00:00,90,4.475,13.46,,265.0,312.4
MHJ45,2026-02-14 04:52:30+00:00,90,4.575,13.30,,267.5,334.4
AL945,2026-02-14 04:52:30+00:00,90,4.200,11.80,,267.5,334.5
AL945,2026-02-14 05:00:00+00:00,90,4.300,12.15,,270.0,334.5
MHJ45,2026-02-14 05:00:00+00:00,90,4.450,13.11,,265.0,325.3
MHJ45,2026-02-14 05:07:30+00:00,90,4.425,13.24,,275.0,327.7
AL945,2026-02-14 05:07:30+00:00,0,4.375,12.45,,265.0,
AL945,2026-02-14 05:15:00+00:00,0,4.325,12.34,,260.0,
MHJ45,2026-02-14 05:15:00+00:00,80,4.525,13.15,,262.5,327.9
MHJ45,2026-02-14 05:22:30+00:00,0,4.525,13.18,,262.5,
AL945,2026-02-14 05:22:30+00:00,90,4.150,12.24,,260.0,312.6
MHJ45,2026-02-14 05:30:00+00:00,90,4.400,13.36,,275.0,314.8
AL945,2026-02-14 05:30:00+00:00,0,4.225,12.29,,262.5,
AL945,2026-02-14 05:37:30+00:00,70,4.100,11.74,,277.5,325.7
MHJ45,2026-02-14 05:37:30+00:00,90,4.425,13.19,,257.5,318.6
MHJ45,2026-02-14 05:45:00+00:00,90,4.375,12.94,,255.0,326.4
AL945,2026-02-14 05:45:00+00:00,70,4.125,11.57,,275.0,327.5
AL945,2026-02-14 05:52:30+00:00,60,3.475,11.44,,260.0,281.4
MHJ45,2026-02-14 05:52:30+00:00,80,4.325,13.26,,272.5,310.1
AL945,2026-02-14 06:00:00+00:00,0,4.075,11.60,,265.0,
MHJ45,2026-02-14 06:00:00+00:00,90,4.025,12.14,,252.5,303.5
MHJ45,2026-02-14 06:07:30+00:00,90,4.050,12.15,,287.5,315.7
AL945,2026-02-14 06:07:30+00:00,80,4.050,11.77,,260.0,315.8
MHJ45,2026-02-14 06:15:00+00:00,80,4.125,12.56,,267.5,309.7
AL945,2026-02-14 06:15:00+00:00,0,4.100,11.75,,257.5,
MHJ45,2026-02-14 06:22:30+00:00,0,4.100,11.90,,270.0,
AL945,2026-02-14 06:22:30+00:00,0,3.925,11.81,,255.0,
AL945,2026-02-14 06:30:00+00:00,80,3.950,11.92,,255.0,309.2
MHJ45,2026-02-14 06:30:00+00:00,90,3.900,11.90,,267.5,316.8
MHJ45,2026-02-14 06:37:30+00:00,60,4.000,11.42,,292.5,335.0
AL945,2026-02-14 06:37:30+00:00,60,3.775,11.36,,255.0,307.4
AL945,2026-02-14 06:45:00+00:00,40,3.525,10.94,,260.0,296.6
MHJ45,2026-02-14 06:45:00+00:00,90,3.800,11.54,,255.0,309.4
MHJ45,2026-02-14 06:52:30+00:00,90,3.750,11.14,,257.5,311.1
AL945,2026-02-14 06:52:30+00:00,80,3.625,10.61,,262.5,314.2
MHJ45,2026-02-14 07:00:00+00:00,90,3.650,10.45,,265.0,319.0
AL945,2026-02-14 07:00:00+00:00,80,3.525,11.98,,265.0,287.9
MHJ45,2026-02-14 07:07:30+00:00,90,3.500,10.26,,270.0,315.2
AL945,2026-02-14 07:07:30+00:00,80,3.425,10.11,,275.0,315.0
AL945,2026-02-14 07:15:00+00:00,70,3.400,10.38,,277.5,308.3
MHJ45,2026-02-14 07:15:00+00:00,80,3.550,10.65,,277.5,317.3
AL945,2026-02-14 07:22:30+00:00,70,3.200,10.14,,275.0,295.6
MHJ45,2026-02-14 07:22:30+00:00,90,3.450,10.22,,277.5,317.0
AL945,2026-02-14 07:30:00+00:00,70,3.225,9.80,,270.0,313.9
MHJ45,2026-02-14 07:30:00+00:00,90,3.400,10.07,,280.0,311.9
MHJ45,2026-02-14 07:37:30+00:00,40,3.250,10.01,,280.0,311.5
AL945,2026-02-14 07:37:30+00:00,0,3.425,9.85,,272.5,
MHJ45,2026-02-14 07:45:00+00:00,90,3.300,9.65,,285.0,329.4
AL945,2026-02-14 07:45:00+00:00,70,3.425,9.78,,277.5,329.1
AL945,2026-02-14 07:52:30+00:00,70,3.300,9.58,,302.5,328.0
MHJ45,2026-02-14 07:52:30+00:00,90,3.325,9.61,,290.0,335.8
AL945,2026-02-14 08:00:00+00:00,70,3.375,9.45,,292.5,336.1
MHJ45,2026-02-14 08:00:00+00:00,90,3.275,9.79,,297.5,319.1
AL945,2026-02-14 08:07:30+00:00,70,3.300,9.61,,287.5,322.1
MHJ45,2026-02-14 08:07:30+00:00,80,3.450,10.07,,315.0,330.2
MHJ45,2026-02-14 08:15:00+00:00,80,3.375,9.73,,297.5,329.6
AL945,2026-02-14 08:15:00+00:00,70,3.375,9.13,,285.0,343.8
MHJ45,2026-02-14 08:22:30+00:00,90,3.400,9.70,,295.0,334.4
AL945,2026-02-14 08:22:30+00:00,70,2.925,9.19,,285.0,298.5
AL945,2026-02-14 08:30:00+00:00,60,2.825,8.90,,280.0,295.2
MHJ45,2026-02-14 08:30:00+00:00,80,3.400,10.06,,295.0,319.7
MHJ45,2026-02-14 08:37:30+00:00,90,3.450,10.10,,287.5,331.4
AL945,2026-02-14 08:37:30+00:00,60,2.800,9.04,,275.0,287.7
MHJ45,2026-02-14 08:45:00+00:00,80,3.225,10.14,,305.0,301.1
AL945,2026-02-14 08:45:00+00:00,70,2.850,9.04,,277.5,291.9
MHJ45,2026-02-14 08:52:30+00:00,80,3.425,10.38,,287.5,312.6
AL945,2026-02-14 08:52:30+00:00,70,2.875,8.88,,305.0,305.1
MHJ45,2026-02-14 09:00:00+00:00,80,3.425,10.38,,282.5,316.5
AL945,2026-02-14 09:00:00+00:00,70,2.550,8.11,,295.0,291.2
MHJ45,2026-02-14 09:07:30+00:00,90,3.425,10.83,,282.5,301.9
AL945,2026-02-14 09:07:30+00:00,70,2.550,8.03,,295.0,293.2
MHJ45,2026-02-14 09:15:00+00:00,45,3.550,10.76,,252.5,303.3
AL945,2026-02-14 09:15:00+00:00,80,2.500,8.08,,340.0,294.1
AL945,2026-02-14 09:22:30+00:00,70,2.475,7.48,,320.0,311.6
MHJ45,2026-02-14 09:22:30+00:00,80,3.550,10.99,,272.5,300.9
AL945,2026-02-14 09:30:00+00:00,70,2.675,8.20,,317.5,308.2
MHJ45,2026-02-14 09:30:00+00:00,90,3.600,11.05,,265.0,305.7
AL945,2026-02-14 09:37:30+00:00,70,2.425,7.75,,315.0,294.5
MHJ45,2026-02-14 09:37:30+00:00,65,3.575,11.24,,260.0,290.4
AL945,2026-02-14 09:45:00+00:00,70,2.450,7.73,,312.5,297.5
MHJ45,2026-02-14 09:45:00+00:00,90,3.625,11.56,,260.0,289.3
AL945,2026-02-14 09:52:30+00:00,40,2.675,7.75,,340.0,331.6
MHJ45,2026-02-14 09:52:30+00:00,80,3.500,11.19,,255.0,284.0
AL945,2026-02-14 10:00:00+00:00,90,2.525,7.61,,332.5,312.5
MHJ45,2026-02-14 10:00:00+00:00,90,3.525,11.53,,252.5,285.9
MHJ45,2026-02-14 10:07:30+00:00,90,3.450,11.01,,252.5,291.5
AL945,2026-02-14 10:07:30+00:00,90,2.700,7.86,,312.5,324.4
AL945,2026-02-14 10:15:00+00:00,80,2.650,7.80,,325.0,323.1
MHJ45,2026-02-14 10:15:00+00:00,90,3.425,10.97,,255.0,289.2
AL945,2026-02-14 10:22:30+00:00,80,2.700,8.02,,320.0,334.7
MHJ45,2026-02-14 10:22:30+00:00,90,3.400,10.73,,252.5,291.2
MHJ45,2026-02-14 10:30:00+00:00,90,3.300,10.63,,250.0,291.7
AL945,2026-02-14 10:30:00+00:00,40,2.650,7.33,,412.5,351.8
AL945,2026-02-14 10:37:30+00:00,90,2.625,7.70,,330.0,323.8
MHJ45,2026-02-14 10:37:30+00:00,90,3.300,10.19,,252.5,305.1
MHJ45,2026-02-14 10:45:00+00:00,90,3.275,10.14,,267.5,295.0
AL945,2026-02-14 10:45:00+00:00,80,2.625,8.05,,297.5,298.4
MHJ45,2026-02-14 10:52:30+00:00,90,3.275,10.36,,257.5,291.8
AL945,2026-02-14 10:52:30+00:00,40,2.475,7.46,,307.5,312.0
MHJ45,2026-02-14 11:00:00+00:00,90,3.275,10.11,,252.5,290.2
AL945,2026-02-14 11:00:00+00:00,60,2.700,7.95,,325.0,322.9
MHJ45,2026-02-14 11:07:30+00:00,70,3.400,10.48,,252.5,294.4
AL945,2026-02-14 11:07:30+00:00,70,2.475,7.74,,312.5,294.6
AL945,2026-02-14 11:15:00+00:00,50,2.600,7.93,,290.0,297.8
MHJ45,2026-02-14 11:15:00+00:00,90,3.525,10.96,,247.5,287.1
MHJ45,2026-02-14 11:22:30+00:00,70,3.750,12.17,,245.0,270.5
AL945,2026-02-14 11:22:30+00:00,80,2.775,8.22,,310.0,322.7
MHJ45,2026-02-14 11:30:00+00:00,90,4.250,13.67,,235.0,275.6
AL945,2026-02-14 11:30:00+00:00,90,2.700,8.06,,285.0,306.2
MHJ45,2026-02-14 11:37:30+00:00,75,4.500,14.96,,222.5,249.1
AL945,2026-02-14 11:37:30+00:00,50,2.913,8.13,,379.2,318.6
AL945,2026-02-14 11:45:00+00:00,20,2.425,7.62,,330.0,280.6
MHJ45,2026-02-14 11:45:00+00:00,70,4.950,16.29,,220.0,258.2
MHJ45,2026-02-14 11:52:30+00:00,90,5.400,18.60,,222.5,247.6
AL945,2026-02-14 11:52:30+00:00,90,2.600,8.03,,300.0,284.0
MHJ45,2026-02-14 12:00:00+00:00,70,5.875,21.40,,222.5,230.6
AL945,2026-02-14 12:00:00+00:00,40,3.000,8.68,,272.5,298.9
MHJ45,2026-02-14 12:07:30+00:00,95,6.250,23.04,,215.0,230.5
AL945,2026-02-14 12:15:00+00:00,80,3.775,11.44,,242.5,282.4
MHJ45,2026-02-14 12:15:00+00:00,70,6.350,23.05,,205.0,228.3
AL945,2026-02-14 12:22:30+00:00,60,3.425,11.73,,227.5,240.9
MHJ45,2026-02-14 12:22:30+00:00,70,6.400,22.21,,200.0,231.7
AL945,2026-02-14 12:30:00+00:00,60,3.700,13.33,,217.5,227.2
MHJ45,2026-02-14 12:30:00+00:00,40,6.356,21.45,2.05,180.0,248.7
MHJ45,2026-02-14 12:37:30+00:00,70,6.975,24.66,,212.5,231.9
AL945,2026-02-14 12:37:30+00:00,90,4.525,15.32,,220.0,245.8
MHJ45,2026-02-14 12:45:00+00:00,70,7.325,25.48,2.42,215.0,232.8
AL945,2026-02-14 12:45:00+00:00,90,5.025,17.31,,230.0,247.6
AL945,2026-02-14 12:52:30+00:00,90,5.450,19.44,,220.0,234.5
MHJ45,2026-02-14 12:52:30+00:00,70,7.663,26.13,2.17,217.5,238.7
AL945,2026-02-14 13:00:00+00:00,70,5.750,20.53,,217.5,227.2
MHJ45,2026-02-14 13:00:00+00:00,0,7.900,28.26,2.47,220.0,
MHJ45,2026-02-14 13:07:30+00:00,0,8.100,29.35,2.53,222.5,
AL945,2026-02-14 13:07:30+00:00,80,6.100,21.67,,210.0,231.3
AL945,2026-02-14 13:15:00+00:00,80,6.100,21.22,,202.5,238.5
MHJ45,2026-02-14 13:15:00+00:00,0,8.175,28.60,2.55,215.0,
AL945,2026-02-14 13:22:30+00:00,40,6.375,22.50,2.03,210.0,231.6
MHJ45,2026-02-14 13:22:30+00:00,0,8.325,28.79,2.60,217.5,
AL945,2026-02-14 13:30:00+00:00,95,6.850,24.69,2.08,215.0,227.3
MHJ45,2026-02-14 13:30:00+00:00,70,8.863,32.56,2.58,235.0,227.7
MHJ45,2026-02-14 13:37:30+00:00,70,8.925,32.85,2.65,220.0,221.3
AL945,2026-02-14 13:37:30+00:00,90,7.000,24.72,2.33,212.5,225.2
AL945,2026-02-14 13:45:00+00:00,90,7.075,24.45,2.25,210.0,231.2
MHJ45,2026-02-14 13:45:00+00:00,70,8.900,32.73,2.65,217.5,222.7
AL945,2026-02-14 13:52:30+00:00,70,7.300,24.02,2.35,210.0,245.7
MHJ45,2026-02-14 13:52:30+00:00,70,8.913,32.51,2.83,150.0,226.4
MHJ45,2026-02-14 14:00:00+00:00,60,8.450,31.26,2.83,202.5,212.2
AL945,2026-02-14 14:00:00+00:00,80,7.638,26.36,2.40,215.0,236.4
MHJ45,2026-02-14 14:07:30+00:00,70,7.950,29.43,2.85,205.0,211.4
AL945,2026-02-14 14:07:30+00:00,95,8.063,28.17,2.55,222.5,235.9
AL945,2026-02-14 14:15:00+00:00,80,8.338,29.71,2.55,215.0,225.9
MHJ45,2026-02-14 14:15:00+00:00,0,,,2.90,,
MHJ45,2026-02-14 14:22:30+00:00,45,12.113,30.07,3.00,442.5,376.9
AL945,2026-02-14 14:22:30+00:00,90,8.438,29.95,2.63,217.5,223.5
AL945,2026-02-14 14:30:00+00:00,90,8.163,29.25,2.72,215.0,218.5
MHJ45,2026-02-14 14:30:00+00:00,65,8.775,28.22,,187.5,255.6
AL945,2026-02-14 14:37:30+00:00,90,8.338,29.26,2.72,212.5,229.0
MHJ45,2026-02-14 14:37:30+00:00,70,9.050,32.98,3.03,182.5,228.5
AL945,2026-02-14 14:45:00+00:00,90,8.288,28.74,2.80,202.5,224.7
MHJ45,2026-02-14 14:45:00+00:00,70,9.225,33.81,2.83,230.0,212.0
MHJ45,2026-02-14 14:52:30+00:00,60,9.400,32.99,2.80,210.0,220.4
AL945,2026-02-14 14:52:30+00:00,70,8.488,29.38,2.83,207.5,230.1
AL945,2026-02-14 15:00:00+00:00,95,8.638,29.78,2.80,202.5,231.7
MHJ45,2026-02-14 15:00:00+00:00,75,7.925,32.00,2.88,202.5,190.3
MHJ45,2026-02-14 15:07:30+00:00,70,8.300,22.41,2.88,200.0,375.6
AL945,2026-02-14 15:07:30+00:00,80,8.988,31.26,2.85,200.0,228.7
AL945,2026-02-14 15:15:00+00:00,95,8.850,30.96,2.85,207.5,232.9
MHJ45,2026-02-14 15:15:00+00:00,40,8.375,27.23,2.92,245.0,243.2
AL945,2026-02-14 15:22:30+00:00,75,9.025,31.40,2.83,205.0,231.6
MHJ45,2026-02-14 15:22:30+00:00,50,8.563,26.42,3.15,225.0,259.4
MHJ45,2026-02-14 15:30:00+00:00,70,9.425,30.66,3.15,195.0,254.8
AL945,2026-02-14 15:30:00+00:00,95,9.175,32.34,2.88,205.0,228.9
MHJ45,2026-02-14 15:37:30+00:00,60,9.688,32.19,3.17,240.0,248.7
AL945,2026-02-14 15:37:30+00:00,65,9.425,32.92,2.88,205.0,231.1
MHJ45,2026-02-14 15:45:00+00:00,70,10.050,33.84,3.10,192.5,246.9
AL945,2026-02-14 15:45:00+00:00,65,8.750,32.15,2.88,197.5,218.9
AL945,2026-02-14 15:52:30+00:00,75,8.900,30.73,2.90,207.5,229.8
MHJ45,2026-02-14 15:52:30+00:00,70,10.250,34.99,3.03,227.5,244.6
MHJ45,2026-02-14 16:00:00+00:00,70,10.425,34.93,3.05,187.5,254.2
AL945,2026-02-14 16:00:00+00:00,65,8.700,30.79,2.90,207.5,223.9
MHJ45,2026-02-14 16:07:30+00:00,70,10.556,36.12,3.03,245.0,247.8
AL945,2026-02-14 16:07:30+00:00,65,9.050,30.55,3.05,200.0,232.5
MHJ45,2026-02-14 16:15:00+00:00,70,10.413,35.88,3.03,237.5,243.6
AL945,2026-02-14 16:15:00+00:00,65,8.763,30.15,3.10,205.0,228.9
MHJ45,2026-02-14 16:22:30+00:00,70,10.375,35.61,3.05,232.5,246.0
AL945,2026-02-14 16:22:30+00:00,75,8.763,30.75,3.10,200.0,225.5
MHJ45,2026-02-14 16:30:00+00:00,70,10.025,35.28,3.10,227.5,233.7
AL945,2026-02-14 16:30:00+00:00,65,8.700,31.58,2.65,140.0,221.3
MHJ45,2026-02-14 16:37:30+00:00,60,9.900,33.75,3.25,225.0,240.2
AL945,2026-02-14 16:37:30+00:00,65,8.575,30.57,3.10,202.5,218.9
MHJ45,2026-02-14 16:45:00+00:00,60,9.450,31.08,3.25,217.5,240.6
AL945,2026-02-14 16:45:00+00:00,85,9.050,29.63,3.08,200.0,245.5
AL945,2026-02-14 16:52:30+00:00,75,9.000,30.28,3.10,197.5,236.9
MHJ45,2026-02-14 16:52:30+00:00,60,9.100,29.53,3.10,205.0,246.7
MHJ45,2026-02-14 17:00:00+00:00,75,9.125,29.89,3.22,200.0,254.6
AL945,2026-02-14 17:00:00+00:00,65,9.163,30.73,3.13,195.0,237.3
MHJ45,2026-02-14 17:07:30+00:00,70,9.113,30.02,3.10,232.5,248.0
AL945,2026-02-14 17:07:30+00:00,95,9.025,30.63,3.05,197.5,235.9
MHJ45,2026-02-14 17:15:00+00:00,70,9.300,30.86,3.25,205.0,249.0
AL945,2026-02-14 17:15:00+00:00,85,9.225,31.34,3.13,205.0,233.7
MHJ45,2026-02-14 17:22:30+00:00,70,9.438,31.77,3.05,250.0,245.6
AL945,2026-02-14 17:22:30+00:00,65,9.338,31.36,3.17,187.5,236.9
MHJ45,2026-02-14 17:30:00+00:00,70,9.513,32.23,3.25,240.0,242.9
AL945,2026-02-14 17:30:00+00:00,65,8.663,30.70,3.17,207.5,223.2
MHJ45,2026-02-14 17:37:30+00:00,70,9.400,31.92,3.03,197.5,243.4
AL945,2026-02-14 17:37:30+00:00,85,9.200,29.98,3.17,200.0,240.5
MHJ45,2026-02-14 17:45:00+00:00,70,9.200,30.81,,207.5,243.2
AL945,2026-02-14 17:45:00+00:00,70,9.325,30.36,3.05,140.0,248.3
AL945,2026-02-14 17:52:30+00:00,75,9.438,31.40,3.20,200.0,240.4
MHJ45,2026-02-14 17:52:30+00:00,70,9.300,30.41,2.97,227.5,253.2
AL945,2026-02-14 18:00:00+00:00,75,9.500,31.77,3.22,192.5,241.4
MHJ45,2026-02-14 18:00:00+00:00,60,9.525,30.50,3.03,217.5,255.0
MHJ45,2026-02-14 18:07:30+00:00,70,9.575,31.67,2.97,212.5,250.3
AL945,2026-02-14 18:07:30+00:00,75,9.475,31.42,3.20,197.5,244.2
AL945,2026-02-14 18:15:00+00:00,75,9.438,31.89,3.20,242.5,236.4
MHJ45,2026-02-14 18:15:00+00:00,70,9.500,31.92,2.92,197.5,245.0
MHJ45,2026-02-14 18:22:30+00:00,70,9.463,30.72,3.03,235.0,253.8
AL945,2026-02-14 18:22:30+00:00,85,9.863,32.35,3.22,242.5,243.8
AL945,2026-02-14 18:30:00+00:00,90,9.638,32.16,3.20,235.0,243.4
MHJ45,2026-02-14 18:30:00+00:00,70,9.425,30.81,3.08,237.5,246.1
MHJ45,2026-02-14 18:37:30+00:00,70,9.475,31.04,3.10,225.0,251.0
AL945,2026-02-14 18:37:30+00:00,90,9.738,31.98,3.17,182.5,248.5
MHJ45,2026-02-14 18:45:00+00:00,70,9.575,31.53,3.13,235.0,248.4
AL945,2026-02-14 18:45:00+00:00,70,9.738,31.98,3.03,227.5,252.9
AL945,2026-02-14 18:52:30+00:00,90,9.913,32.26,3.03,230.0,267.7
MHJ45,2026-02-14 18:52:30+00:00,70,9.550,31.77,3.13,242.5,241.6
AL945,2026-02-14 19:00:00+00:00,95,9.625,31.92,3.00,215.0,244.8
MHJ45,2026-02-14 19:00:00+00:00,70,9.550,31.92,3.10,242.5,237.7
AL945,2026-02-14 19:07:30+00:00,95,9.538,31.68,3.00,230.0,243.0
MHJ45,2026-02-14 19:07:30+00:00,70,9.500,31.68,3.10,237.5,240.7
AL945,2026-02-14 19:15:00+00:00,45,9.650,31.02,2.88,201.6,250.6
MHJ45,2026-02-14 19:15:00+00:00,70,9.400,31.53,3.00,235.0,238.8
MHJ45,2026-02-14 19:22:30+00:00,70,9.250,30.84,3.03,230.0,241.6
AL945,2026-02-14 19:22:30+00:00,85,9.788,31.79,2.95,227.5,254.3
AL945,2026-02-14 19:30:00+00:00,65,9.788,32.01,2.95,227.5,252.2
MHJ45,2026-02-14 19:30:00+00:00,70,8.975,30.04,3.00,230.0,242.3
MHJ45,2026-02-14 19:37:30+00:00,70,8.900,28.86,2.95,225.0,252.3
AL945,2026-02-14 19:37:30+00:00,90,9.700,31.73,2.80,200.0,251.1
MHJ45,2026-02-14 19:45:00+00:00,70,8.825,28.69,2.97,225.0,247.0
AL945,2026-02-14 19:45:00+00:00,95,9.775,32.13,2.85,205.0,251.9
AL945,2026-02-14 19:52:30+00:00,0,9.825,32.25,2.88,342.5,
MHJ45,2026-02-14 19:52:30+00:00,70,8.900,29.09,2.72,232.5,246.1
MHJ45,2026-02-14 20:00:00+00:00,70,8.875,29.58,2.65,230.0,242.1
AL945,2026-02-14 20:00:00+00:00,80,9.813,31.83,2.85,205.0,254.1
MHJ45,2026-02-14 20:07:30+00:00,70,8.875,29.35,2.85,225.0,247.1
AL945,2026-02-14 20:07:30+00:00,90,9.525,31.47,2.83,210.0,246.2
AL945,2026-02-14 20:15:00+00:00,50,9.475,31.02,2.47,217.5,248.5
MHJ45,2026-02-14 20:15:00+00:00,70,8.900,29.00,2.80,217.5,254.8
MHJ45,2026-02-14 20:22:30+00:00,70,8.825,28.70,2.72,225.0,254.5
AL945,2026-02-14 20:22:30+00:00,75,9.450,30.37,2.45,215.0,257.6
MHJ45,2026-02-14 20:30:00+00:00,70,8.888,29.09,2.65,225.0,254.0
AL945,2026-02-14 20:30:00+00:00,95,9.450,30.55,2.72,220.0,260.1
AL945,2026-02-14 20:37:30+00:00,75,9.288,30.34,2.70,150.0,250.0
MHJ45,2026-02-14 20:37:30+00:00,75,8.863,29.40,2.65,215.0,252.6
AL945,2026-02-14 20:45:00+00:00,65,8.329,30.59,2.63,160.0,225.0
MHJ45,2026-02-14 20:45:00+00:00,70,8.825,29.09,2.53,225.0,262.0
AL945,2026-02-14 20:52:30+00:00,40,8.400,29.22,2.60,217.5,231.9
MHJ45,2026-02-14 20:52:30+00:00,70,8.725,28.46,2.53,227.5,260.6
AL945,2026-02-14 21:00:00+00:00,65,9.288,28.83,2.53,160.0,272.3
MHJ45,2026-02-14 21:00:00+00:00,70,8.650,28.47,2.47,222.5,258.8
MHJ45,2026-02-14 21:07:30+00:00,70,8.550,28.19,2.28,225.0,256.9
AL945,2026-02-14 21:07:30+00:00,45,8.738,29.79,2.47,165.0,241.6
AL945,2026-02-14 21:15:00+00:00,65,9.138,29.53,2.47,160.0,253.1
MHJ45,2026-02-14 21:15:00+00:00,70,8.375,27.30,2.15,222.5,263.0
MHJ45,2026-02-14 21:22:30+00:00,70,8.350,26.82,2.05,230.0,281.7
AL945,2026-02-14 21:22:30+00:00,65,9.050,29.22,2.47,222.5,252.6
MHJ45,2026-02-14 21:30:00+00:00,70,8.075,26.01,2.05,232.5,265.5
AL945,2026-02-14 21:30:00+00:00,65,8.975,28.11,2.40,230.0,268.2
MHJ45,2026-02-14 21:37:30+00:00,70,8.125,25.30,2.03,230.0,286.5
AL945,2026-02-14 21:37:30+00:00,70,8.850,27.70,2.30,225.0,271.9
AL945,2026-02-14 21:45:00+00:00,65,9.050,28.64,2.22,232.5,264.7
MHJ45,2026-02-14 21:45:00+00:00,70,8.175,24.93,,232.5,295.1
AL945,2026-02-14 21:52:30+00:00,75,9.213,28.39,2.17,237.5,281.3
MHJ45,2026-02-14 21:52:30+00:00,70,8.375,25.65,,237.5,294.2
MHJ45,2026-02-14 22:00:00+00:00,70,8.375,26.25,,237.5,285.8
AL945,2026-02-14 22:00:00+00:00,65,9.163,29.06,2.05,227.5,268.8
AL945,2026-02-14 22:07:30+00:00,70,8.550,27.85,,232.5,259.2
MHJ45,2026-02-14 22:07:30+00:00,40,8.275,25.58,,232.5,295.2
MHJ45,2026-02-14 22:15:00+00:00,70,8.150,25.10,,237.5,290.2
AL945,2026-02-14 22:15:00+00:00,65,8.775,26.45,,232.5,291.0
MHJ45,2026-02-14 22:22:30+00:00,70,8.400,25.91,,237.5,290.5
AL945,2026-02-14 22:22:30+00:00,60,8.750,27.44,,240.0,278.6
MHJ45,2026-02-14 22:30:00+00:00,70,8.350,25.96,,232.5,302.7
AL945,2026-02-14 22:30:00+00:00,65,8.725,28.29,,245.0,268.7
AL945,2026-02-14 22:37:30+00:00,60,8.800,26.59,,247.5,289.3
MHJ45,2026-02-14 22:37:30+00:00,70,7.625,23.84,,232.5,282.0
MHJ45,2026-02-14 22:45:00+00:00,70,7.950,24.27,,232.5,296.5
AL945,2026-02-14 22:45:00+00:00,70,9.175,26.95,,245.0,296.7
MHJ45,2026-02-14 22:52:30+00:00,40,8.225,25.88,,227.5,294.8
AL945,2026-02-14 23:00:00+00:00,70,10.425,32.58,,230.0,288.8
MHJ45,2026-02-14 23:00:00+00:00,70,7.875,25.78,,222.5,266.6
AL945,2026-02-14 23:07:30+00:00,70,10.250,33.76,,225.0,264.7
MHJ45,2026-02-14 23:07:30+00:00,70,7.600,25.15,,215.0,274.6
AL945,2026-02-14 23:15:00+00:00,45,10.400,34.26,,220.0,262.6
MHJ45,2026-02-14 23:15:00+00:00,70,6.300,21.76,,212.5,260.9
AL945,2026-02-14 23:22:30+00:00,65,9.975,34.03,,207.5,248.6
MHJ45,2026-02-14 23:22:30+00:00,60,5.275,18.71,,232.5,256.5
MHJ45,2026-02-14 23:30:00+00:00,0,12.075,29.00,,242.5,
AL945,2026-02-14 23:30:00+00:00,65,9.325,31.11,,200.0,252.6
AL945,2026-02-14 23:37:30+00:00,45,8.975,29.27,,200.0,262.5
MHJ45,2026-02-14 23:37:30+00:00,40,5.100,16.36,,227.5,281.3
AL945,2026-02-14 23:45:00+00:00,70,8.300,27.66,,202.5,255.8
MHJ45,2026-02-14 23:45:00+00:00,0,4.950,14.43,,237.5,
AL945,2026-02-14 23:52:30+00:00,60,6.775,24.43,,207.5,241.7
MHJ45,2026-02-14 23:52:30+00:00,40,4.675,14.86,,265.0,302.1
AL945,2026-02-15 00:00:00+00:00,70,6.075,20.82,,217.5,258.0
MHJ45,2026-02-15 00:00:00+00:00,70,5.200,15.65,,270.0,313.1
AL945,2026-02-15 00:07:30+00:00,20,6.225,21.06,,240.0,278.7
MHJ45,2026-02-15 00:07:30+00:00,70,5.400,15.39,,292.5,337.6
MHJ45,2026-02-15 00:15:00+00:00,70,5.250,15.09,,267.5,323.4
AL945,2026-02-15 00:15:00+00:00,40,5.250,18.88,,252.5,263.0
MHJ45,2026-02-15 00:22:30+00:00,70,5.425,15.22,,267.5,338.2
AL945,2026-02-15 00:22:30+00:00,60,5.900,17.89,,247.5,315.4
MHJ45,2026-02-15 00:30:00+00:00,90,5.725,16.70,,262.5,333.9
AL945,2026-02-15 00:30:00+00:00,40,4.925,16.10,,250.0,290.7
AL945,2026-02-15 00:37:30+00:00,70,4.650,14.35,,250.0,302.0
MHJ45,2026-02-15 00:37:30+00:00,70,5.875,17.54,,252.5,319.3
AL945,2026-02-15 00:45:00+00:00,70,4.150,13.24,,247.5,280.5
MHJ45,2026-02-15 00:45:00+00:00,60,5.850,17.30,,247.5,320.5
AL945,2026-02-15 00:52:30+00:00,70,4.300,12.51,,255.0,324.7
MHJ45,2026-02-15 00:52:30+00:00,70,5.625,16.26,,260.0,335.9
AL945,2026-02-15 01:00:00+00:00,70,3.950,12.55,,262.5,294.7
MHJ45,2026-02-15 01:00:00+00:00,70,5.600,16.55,,282.5,322.4
MHJ45,2026-02-15 01:07:30+00:00,70,5.625,16.65,,262.5,325.1
AL945,2026-02-15 01:07:30+00:00,90,4.425,12.96,,257.5,317.6
MHJ45,2026-02-15 01:15:00+00:00,80,5.600,16.55,,252.5,325.5
AL945,2026-02-15 01:15:00+00:00,90,4.350,12.37,,257.5,326.1
MHJ45,2026-02-15 01:22:30+00:00,0,5.925,16.96,,247.5,
AL945,2026-02-15 01:22:30+00:00,60,3.475,12.40,,262.5,265.3
AL945,2026-02-15 01:30:00+00:00,70,5.250,15.48,,250.0,319.8
MHJ45,2026-02-15 01:30:00+00:00,100,6.050,17.68,,250.0,327.9
MHJ45,2026-02-15 01:37:30+00:00,95,6.125,18.48,,237.5,312.3
AL945,2026-02-15 01:37:30+00:00,0,5.350,15.88,,247.5,
AL945,2026-02-15 01:45:00+00:00,60,5.300,16.22,,235.0,296.2
MHJ45,2026-02-15 01:45:00+00:00,90,5.925,18.56,,222.5,292.7
AL945,2026-02-15 01:52:30+00:00,90,5.025,16.28,,227.5,271.1
MHJ45,2026-02-15 01:52:30+00:00,0,5.725,17.23,,215.0,
MHJ45,2026-02-15 02:00:00+00:00,0,5.350,16.13,,215.0,
AL945,2026-02-15 02:00:00+00:00,0,4.900,15.44,,225.0,
MHJ45,2026-02-15 02:07:30+00:00,0,5.100,14.72,,220.0,
AL945,2026-02-15 02:07:30+00:00,0,4.650,14.27,,230.0,
MHJ45,2026-02-15 02:15:00+00:00,0,4.825,13.04,,215.0,
AL945,2026-02-15 02:15:00+00:00,0,4.025,12.10,,245.0,
MHJ45,2026-02-15 02:22:30+00:00,0,4.650,11.86,,220.0,
AL945,2026-02-15 02:22:30+00:00,45,3.475,9.53,,398.5,384.9
MHJ45,2026-02-15 02:30:00+00:00,0,4.525,11.41,,262.5,
AL945,2026-02-15 02:30:00+00:00,45,2.150,5.85,,436.3,352.4
AL945,2026-02-15 02:37:30+00:00,45,2.825,7.64,,441.3,343.6
MHJ45,2026-02-15 02:37:30+00:00,0,4.375,11.16,,282.5,
MHJ45,2026-02-15 02:45:00+00:00,90,4.125,11.58,,297.5,341.8
AL945,2026-02-15 02:45:00+00:00,70,2.225,5.48,,555.0,382.6
MHJ45,2026-02-15 02:52:30+00:00,90,4.375,11.90,,287.5,351.7
AL945,2026-02-15 02:52:30+00:00,50,2.725,8.44,,337.5,311.3
MHJ45,2026-02-15 03:00:00+00:00,80,4.600,12.67,,277.5,348.0
AL945,2026-02-15 03:00:00+00:00,70,3.075,8.54,,320.0,351.8
MHJ45,2026-02-15 03:07:30+00:00,0,4.525,12.34,,267.5,
AL945,2026-02-15 03:07:30+00:00,70,2.750,8.90,,312.5,293.1
AL945,2026-02-15 03:15:00+00:00,70,3.800,10.07,,397.5,374.8
MHJ45,2026-02-15 03:15:00+00:00,0,4.700,12.43,,267.5,
MHJ45,2026-02-15 03:22:30+00:00,0,4.625,12.97,,267.5,
AL945,2026-02-15 03:22:30+00:00,70,3.900,11.04,,325.0,344.7
AL945,2026-02-15 03:30:00+00:00,60,3.750,11.89,,285.0,301.1
MHJ45,2026-02-15 03:30:00+00:00,0,4.750,13.09,,262.5,
AL945,2026-02-15 03:37:30+00:00,70,4.050,12.15,,265.0,311.2
MHJ45,2026-02-15 03:37:30+00:00,95,4.475,13.19,,255.0,316.9
MHJ45,2026-02-15 03:45:00+00:00,0,4.625,13.10,,247.5,
AL945,2026-02-15 03:45:00+00:00,70,4.050,12.34,,252.5,302.3
MHJ45,2026-02-15 03:52:30+00:00,90,4.175,12.87,,242.5,294.8
AL945,2026-02-15 03:52:30+00:00,0,4.000,12.01,,247.5,
MHJ45,2026-02-15 04:00:00+00:00,0,4.100,12.64,,237.5,
AL945,2026-02-15 04:00:00+00:00,65,3.475,11.57,,237.5,266.8
MHJ45,2026-02-15 04:07:30+00:00,0,4.000,12.51,,232.5,
AL945,2026-02-15 04:07:30+00:00,45,2.325,8.85,,242.5,231.8
MHJ45,2026-02-15 04:15:00+00:00,90,3.725,12.48,,230.0,263.0
AL945,2026-02-15 04:15:00+00:00,30,2.100,6.29,,387.5,305.6
MHJ45,2026-02-15 04:22:30+00:00,90,3.475,11.51,,227.5,264.4
MHJ45,2026-02-15 04:30:00+00:00,90,3.075,10.10,,245.0,274.1
AL945,2026-02-15 04:30:00+00:00,45,2.050,5.10,,548.5,352.1
MHJ45,2026-02-15 04:37:30+00:00,70,2.600,8.56,,265.0,281.7
AL945,2026-02-15 04:37:30+00:00,60,2.350,7.73,,317.5,289.6
MHJ45,2026-02-15 04:45:00+00:00,80,2.500,5.16,,637.5,497.3
MHJ45,2026-02-15 04:52:30+00:00,60,2.425,6.76,,377.5,357.5
MHJ45,2026-02-15 05:00:00+00:00,80,2.625,6.51,,405.0,418.3
MHJ45,2026-02-15 05:07:30+00:00,80,2.450,6.56,,387.5,366.9
AL945,2026-02-15 05:07:30+00:00,65,3.450,12.31,,247.5,257.3
MHJ45,2026-02-15 05:15:00+00:00,80,2.500,6.39,,390.0,388.8
MHJ45,2026-02-15 05:22:30+00:00,80,2.250,6.31,,412.5,339.5
AL945,2026-02-15 05:22:30+00:00,65,3.475,11.29,,342.5,291.8
MHJ45,2026-02-15 05:30:00+00:00,90,2.300,6.38,,415.0,346.0
AL945,2026-02-15 05:30:00+00:00,65,3.400,10.45,,320.0,325.9
AL945,2026-02-15 05:37:30+00:00,70,3.075,8.77,,357.5,345.0
MHJ45,2026-02-15 05:37:30+00:00,75,2.175,6.14,,432.5,337.8
AL945,2026-02-15 05:45:00+00:00,45,2.800,7.74,,465.5,342.8
MHJ45,2026-02-15 05:45:00+00:00,25,2.150,5.35,,508.0,376.0
AL945,2026-02-15 05:52:30+00:00,45,3.725,10.42,,347.5,362.2
AL945,2026-02-15 06:00:00+00:00,45,3.525,9.66,,350.0,361.5
AL945,2026-02-15 06:07:30+00:00,65,2.425,6.79,,397.5,340.8
MHJ45,2026-02-15 06:07:30+00:00,25,2.175,5.00,,598.2,407.3
AL945,2026-02-15 06:15:00+00:00,70,2.625,7.11,,400.0,365.0
MHJ45,2026-02-15 06:15:00+00:00,70,2.325,4.58,,715.0,501.0
MHJ45,2026-02-15 06:22:30+00:00,70,2.175,4.74,,673.8,449.7
AL945,2026-02-15 06:22:30+00:00,60,2.725,7.76,,397.5,347.9
MHJ45,2026-02-15 06:30:00+00:00,45,2.150,4.83,,652.5,406.6
AL945,2026-02-15 06:30:00+00:00,65,2.475,6.23,,440.0,388.7
AL945,2026-02-15 06:37:30+00:00,45,3.500,10.07,,330.0,336.7
MHJ45,2026-02-15 06:37:30+00:00,70,2.400,5.61,,497.5,428.5
AL945,2026-02-15 06:45:00+00:00,65,2.825,8.47,,337.5,321.0
MHJ45,2026-02-15 06:45:00+00:00,75,2.300,5.41,,595.8,428.6
MHJ45,2026-02-15 06:52:30+00:00,60,2.925,5.84,,467.5,532.3
AL945,2026-02-15 06:52:30+00:00,70,2.875,8.55,,337.5,320.9
AL945,2026-02-15 07:00:00+00:00,60,2.675,8.69,,335.0,297.6
MHJ45,2026-02-15 07:00:00+00:00,45,2.950,6.09,,447.5,499.9
MHJ45,2026-02-15 07:07:30+00:00,60,2.450,6.36,,422.5,375.0
AL945,2026-02-15 07:07:30+00:00,65,2.650,8.49,,335.0,293.8
MHJ45,2026-02-15 07:15:00+00:00,70,2.425,4.86,,650.0,513.2
MHJ45,2026-02-15 07:22:30+00:00,70,2.400,6.57,,377.5,353.6
MHJ45,2026-02-15 07:30:00+00:00,90,2.400,6.74,,367.5,343.8
MHJ45,2026-02-15 07:45:00+00:00,75,2.425,6.76,,357.5,350.1
MHJ45,2026-02-15 07:52:30+00:00,70,2.450,6.71,,362.5,359.2
MHJ45,2026-02-15 08:00:00+00:00,90,2.650,6.86,,360.0,416.7
MHJ45,2026-02-15 08:07:30+00:00,65,2.550,4.75,,695.0,581.9
MHJ45,2026-02-15 08:15:00+00:00,70,2.500,7.20,,332.5,336.6
MHJ45,2026-02-15 08:22:30+00:00,90,2.450,7.25,,337.5,317.2
MHJ45,2026-02-15 08:30:00+00:00,95,2.400,7.20,,322.5,310.4
MHJ45,2026-02-15 08:37:30+00:00,70,2.375,7.19,,330.0,310.0
MHJ45,2026-02-15 08:45:00+00:00,90,2.350,6.73,,360.0,328.6
MHJ45,2026-02-15 08:52:30+00:00,90,2.425,6.92,,380.0,334.5
MHJ45,2026-02-15 09:00:00+00:00,90,2.175,6.31,,410.0,314.6
MHJ45,2026-02-15 09:07:30+00:00,45,2.425,5.26,,667.5,421.8
MHJ45,2026-02-15 09:15:00+00:00,25,2.225,6.37,,382.8,331.6
MHJ45,2026-02-15 09:22:30+00:00,0,13.050,22.67,,577.5,
MHJ45,2026-02-15 09:37:30+00:00,75,2.300,5.76,,495.0,445.2
MHJ45,2026-02-15 09:45:00+00:00,25,2.075,5.91,,429.4,329.4
MHJ45,2026-02-15 09:52:30+00:00,40,2.275,5.19,,582.5,423.0
MHJ45,2026-02-15 10:00:00+00:00,45,3.925,,,130.0,127.4
MHJ45,2026-02-15 10:22:30+00:00,50,13.000,20.71,,1060.0,636.7
MHJ45,2026-02-15 10:37:30+00:00,45,13.200,20.75,,1065.0,603.1
AL945,2026-02-15 10:52:30+00:00,65,2.125,5.48,,505.0,344.6
MHJ45,2026-02-15 10:52:30+00:00,25,2.050,4.86,,587.9,360.4
MHJ45,2026-02-15 11:00:00+00:00,95,2.200,5.39,,530.0,375.1
AL945,2026-02-15 11:00:00+00:00,65,2.200,5.37,,510.0,376.0
MHJ45,2026-02-15 11:07:30+00:00,90,2.550,6.33,,402.5,426.8
MHJ45,2026-02-15 11:15:00+00:00,90,2.750,7.16,,345.0,372.9
MHJ45,2026-02-15 11:22:30+00:00,90,3.000,8.24,,302.5,354.5
MHJ45,2026-02-15 11:30:00+00:00,90,3.150,9.26,,282.5,296.4
AL945,2026-02-15 11:30:00+00:00,40,2.100,4.67,,657.5,371.9
AL945,2026-02-15 11:37:30+00:00,45,2.150,6.01,,440.0,315.4
MHJ45,2026-02-15 11:37:30+00:00,90,3.450,10.18,,270.0,297.8
MHJ45,2026-02-15 11:45:00+00:00,90,3.650,10.99,,257.5,285.4
AL945,2026-02-15 11:52:30+00:00,90,2.200,4.56,,695.0,428.5
MHJ45,2026-02-15 11:52:30+00:00,70,3.925,11.88,,257.5,285.0
MHJ45,2026-02-15 12:00:00+00:00,75,4.150,12.84,,255.0,274.9
MHJ45,2026-02-15 12:07:30+00:00,75,4.400,13.55,,255.0,272.4
AL945,2026-02-15 12:07:30+00:00,90,2.425,6.99,,367.5,300.8
AL945,2026-02-15 12:15:00+00:00,80,2.850,8.25,,315.0,302.4
MHJ45,2026-02-15 12:15:00+00:00,70,4.700,14.64,,252.5,273.7
AL945,2026-02-15 12:22:30+00:00,90,3.050,9.09,,285.0,289.8
MHJ45,2026-02-15 12:22:30+00:00,70,4.875,15.33,,242.5,268.8
AL945,2026-02-15 12:30:00+00:00,70,3.300,10.10,,272.5,271.0
MHJ45,2026-02-15 12:30:00+00:00,75,5.075,16.19,,255.0,266.6
MHJ45,2026-02-15 12:37:30+00:00,70,5.213,16.74,2.05,237.5,262.0
AL945,2026-02-15 12:37:30+00:00,70,3.600,10.93,,267.5,278.8
AL945,2026-02-15 12:45:00+00:00,75,3.850,12.14,,255.0,263.7
MHJ45,2026-02-15 12:45:00+00:00,70,5.475,17.69,2.17,232.5,260.0
MHJ45,2026-02-15 12:52:30+00:00,55,5.563,18.16,2.25,232.5,250.4
AL945,2026-02-15 12:52:30+00:00,70,4.150,12.98,,247.5,268.7
AL945,2026-02-15 13:00:00+00:00,75,4.325,13.75,,242.5,263.1
MHJ45,2026-02-15 13:00:00+00:00,70,5.625,18.43,2.28,232.5,252.5
AL945,2026-02-15 13:07:30+00:00,80,4.575,14.81,,237.5,259.2
MHJ45,2026-02-15 13:07:30+00:00,95,5.663,18.10,2.53,220.0,254.8
AL945,2026-02-15 13:15:00+00:00,70,4.575,14.83,,240.0,253.9
MHJ45,2026-02-15 13:15:00+00:00,70,5.750,17.93,2.53,217.5,271.5
AL945,2026-02-15 13:22:30+00:00,100,4.788,15.34,2.05,237.5,255.3
MHJ45,2026-02-15 13:22:30+00:00,75,5.913,18.57,2.53,232.5,258.5
MHJ45,2026-02-15 13:30:00+00:00,75,6.000,19.42,2.55,202.5,254.4
AL945,2026-02-15 13:30:00+00:00,0,4.950,15.82,2.05,240.0,
AL945,2026-02-15 13:37:30+00:00,80,5.113,16.03,2.25,235.0,257.3
MHJ45,2026-02-15 13:37:30+00:00,75,6.075,19.51,2.53,202.5,253.9
MHJ45,2026-02-15 13:45:00+00:00,70,6.100,19.87,2.63,227.5,247.1
AL945,2026-02-15 13:45:00+00:00,75,5.238,16.38,2.25,195.0,261.7
MHJ45,2026-02-15 13:52:30+00:00,70,6.300,19.69,2.65,227.5,263.8
AL945,2026-02-15 13:52:30+00:00,70,5.413,17.38,2.35,230.0,253.1
MHJ45,2026-02-15 14:00:00+00:00,70,6.575,20.22,2.65,277.5,267.3
AL945,2026-02-15 14:00:00+00:00,100,5.463,17.72,2.50,230.0,245.7
MHJ45,2026-02-15 14:07:30+00:00,70,6.563,21.05,2.80,275.0,262.0
AL945,2026-02-15 14:07:30+00:00,95,5.563,17.56,2.35,170.0,252.6
MHJ45,2026-02-15 14:15:00+00:00,70,6.413,20.70,2.72,270.0,248.3
AL945,2026-02-15 14:15:00+00:00,95,5.725,17.83,2.50,212.5,260.9
MHJ45,2026-02-15 14:22:30+00:00,70,6.413,20.31,2.78,267.5,252.6
AL945,2026-02-15 14:22:30+00:00,80,5.863,18.74,2.40,175.0,249.4
AL945,2026-02-15 14:30:00+00:00,75,5.913,19.42,2.55,167.5,243.7
MHJ45,2026-02-15 14:30:00+00:00,70,6.475,20.31,2.85,210.0,258.6
AL945,2026-02-15 14:37:30+00:00,70,5.969,19.16,2.58,162.5,249.7
MHJ45,2026-02-15 14:37:30+00:00,75,6.563,20.66,2.88,285.0,260.3
AL945,2026-02-15 14:45:00+00:00,75,5.938,19.08,2.63,237.5,241.9
MHJ45,2026-02-15 14:45:00+00:00,75,6.663,20.66,2.90,282.5,264.0
AL945,2026-02-15 14:52:30+00:00,75,6.038,18.99,2.65,202.5,257.4
MHJ45,2026-02-15 14:52:30+00:00,75,6.738,21.01,2.92,285.0,263.2
MHJ45,2026-02-15 15:00:00+00:00,70,6.713,21.26,2.92,287.5,255.4
AL945,2026-02-15 15:00:00+00:00,75,6.125,19.18,2.65,217.5,258.5
AL945,2026-02-15 15:07:30+00:00,70,6.188,19.77,2.65,287.5,250.2
MHJ45,2026-02-15 15:07:30+00:00,75,6.763,21.44,2.97,282.5,256.6
MHJ45,2026-02-15 15:15:00+00:00,75,6.763,21.54,2.97,280.0,256.6
AL945,2026-02-15 15:15:00+00:00,70,6.363,20.40,2.67,280.0,249.5
MHJ45,2026-02-15 15:22:30+00:00,80,11.563,27.70,3.00,277.5,423.0
AL945,2026-02-15 15:22:30+00:00,60,6.525,20.24,2.70,220.0,257.8
AL945,2026-02-15 15:30:00+00:00,70,6.375,19.95,2.65,215.0,254.7
MHJ45,2026-02-15 15:30:00+00:00,90,11.676,28.11,3.03,275.0,461.3
MHJ45,2026-02-15 15:37:30+00:00,90,11.738,28.29,3.05,547.5,430.9
AL945,2026-02-15 15:37:30+00:00,70,6.475,20.65,2.67,147.5,249.2
MHJ45,2026-02-15 15:45:00+00:00,90,11.888,28.50,3.10,282.5,431.0
AL945,2026-02-15 15:45:00+00:00,75,6.600,20.56,2.70,205.0,249.6
AL945,2026-02-15 15:52:30+00:00,70,6.763,20.91,2.70,280.0,258.3
MHJ45,2026-02-15 15:52:30+00:00,90,12.050,28.96,3.08,207.5,433.3
MHJ45,2026-02-15 16:00:00+00:00,80,11.963,28.92,3.10,290.0,429.0
AL945,2026-02-15 16:00:00+00:00,70,6.863,21.82,2.88,277.5,249.6
AL945,2026-02-15 16:07:30+00:00,75,7.013,22.44,2.90,272.5,248.5
MHJ45,2026-02-15 16:07:30+00:00,90,11.913,28.74,3.20,290.0,427.9
AL945,2026-02-15 16:15:00+00:00,70,7.300,22.62,2.85,212.5,265.5
MHJ45,2026-02-15 16:15:00+00:00,80,11.863,28.67,3.17,285.0,424.2
AL945,2026-02-15 16:22:30+00:00,75,7.388,23.54,2.88,277.5,255.1
MHJ45,2026-02-15 16:22:30+00:00,80,12.138,29.26,3.20,290.0,425.7
AL945,2026-02-15 16:30:00+00:00,75,7.488,24.50,2.97,270.0,247.1
MHJ45,2026-02-15 16:30:00+00:00,80,12.100,28.98,3.17,550.0,413.5
AL945,2026-02-15 16:37:30+00:00,75,7.588,24.93,3.00,260.0,241.4
MHJ45,2026-02-15 16:37:30+00:00,80,12.363,29.70,3.17,285.0,433.0
AL945,2026-02-15 16:45:00+00:00,75,7.563,24.97,3.03,257.5,237.7
MHJ45,2026-02-15 16:45:00+00:00,75,6.988,22.81,3.17,282.5,247.5
MHJ45,2026-02-15 16:52:30+00:00,80,13.063,31.44,2.97,267.5,442.2
AL945,2026-02-15 16:52:30+00:00,70,7.638,25.09,2.97,262.5,241.6
MHJ45,2026-02-15 17:00:00+00:00,40,12.363,30.06,3.20,275.0,427.7
AL945,2026-02-15 17:00:00+00:00,95,7.863,25.28,3.05,257.5,252.4
AL945,2026-02-15 17:07:30+00:00,75,7.938,26.10,3.05,262.5,244.5
MHJ45,2026-02-15 17:07:30+00:00,80,12.863,31.08,3.17,277.5,431.5
MHJ45,2026-02-15 17:15:00+00:00,60,12.829,30.87,3.08,275.0,444.4
AL945,2026-02-15 17:15:00+00:00,75,8.038,26.38,3.05,260.0,244.8
AL945,2026-02-15 17:22:30+00:00,75,8.038,26.53,3.08,257.5,241.8
MHJ45,2026-02-15 17:22:30+00:00,95,12.888,30.99,3.20,272.5,440.1
MHJ45,2026-02-15 17:30:00+00:00,90,12.888,31.02,3.20,550.0,448.2
AL945,2026-02-15 17:30:00+00:00,70,8.213,26.33,3.08,257.5,251.8
MHJ45,2026-02-15 17:37:30+00:00,80,12.626,30.39,2.75,287.5,473.2
AL945,2026-02-15 17:37:30+00:00,65,8.313,27.08,3.05,260.0,247.6
MHJ45,2026-02-15 17:45:00+00:00,95,12.738,30.61,3.08,282.5,438.8
AL945,2026-02-15 17:45:00+00:00,65,8.363,27.49,3.05,257.5,244.6
AL945,2026-02-15 17:52:30+00:00,75,8.463,28.02,3.03,255.0,242.5
MHJ45,2026-02-15 17:52:30+00:00,0,13.050,31.33,3.08,572.5,
AL945,2026-02-15 18:00:00+00:00,75,8.500,28.11,3.05,210.0,243.0
MHJ45,2026-02-15 18:00:00+00:00,90,12.888,31.14,2.95,275.0,439.6
AL945,2026-02-15 18:07:30+00:00,75,8.463,28.19,3.08,252.5,239.4
MHJ45,2026-02-15 18:07:30+00:00,80,12.113,29.20,2.95,240.0,429.9
AL945,2026-02-15 18:15:00+00:00,60,8.363,27.69,3.03,250.0,241.6
MHJ45,2026-02-15 18:15:00+00:00,85,12.688,30.12,2.97,287.5,450.1
AL945,2026-02-15 18:22:30+00:00,65,8.300,26.68,3.00,210.0,251.2
MHJ45,2026-02-15 18:22:30+00:00,80,12.663,30.20,2.95,570.0,449.6
AL945,2026-02-15 18:30:00+00:00,75,8.175,26.43,2.90,210.0,250.9
MHJ45,2026-02-15 18:30:00+00:00,90,12.463,29.64,3.00,305.0,441.3
AL945,2026-02-15 18:37:30+00:00,65,8.275,26.33,3.05,215.0,255.8
MHJ45,2026-02-15 18:37:30+00:00,80,12.088,28.92,2.97,297.5,431.7
AL945,2026-02-15 18:45:00+00:00,70,8.350,26.54,2.88,210.0,255.9
MHJ45,2026-02-15 18:45:00+00:00,80,12.638,30.12,2.97,292.5,444.8
AL945,2026-02-15 18:52:30+00:00,65,8.488,27.28,2.95,257.5,251.2
MHJ45,2026-02-15 18:52:30+00:00,95,12.913,30.89,3.13,217.5,445.8
AL945,2026-02-15 19:00:00+00:00,70,8.575,28.05,3.00,210.0,247.0
MHJ45,2026-02-15 19:00:00+00:00,60,12.551,30.19,3.08,570.0,441.8
AL945,2026-02-15 19:07:30+00:00,75,8.600,28.47,3.08,212.5,242.7
MHJ45,2026-02-15 19:07:30+00:00,80,13.288,31.87,2.97,555.0,447.5
MHJ45,2026-02-15 19:15:00+00:00,0,13.475,32.24,2.92,562.5,
AL945,2026-02-15 19:15:00+00:00,75,8.513,28.28,3.00,247.5,239.2
MHJ45,2026-02-15 19:22:30+00:00,90,13.650,32.90,2.78,215.0,445.6
AL945,2026-02-15 19:22:30+00:00,70,8.500,27.67,2.80,212.5,246.7
MHJ45,2026-02-15 19:30:00+00:00,0,12.600,30.72,2.70,555.0,
AL945,2026-02-15 19:30:00+00:00,60,8.413,27.23,2.90,245.0,246.1
MHJ45,2026-02-15 19:37:30+00:00,95,12.802,30.84,2.92,552.5,432.4
AL945,2026-02-15 19:37:30+00:00,65,8.450,27.07,2.92,210.0,254.0
MHJ45,2026-02-15 19:45:00+00:00,0,12.525,30.01,2.92,555.0,
AL945,2026-02-15 19:45:00+00:00,60,7.650,26.94,2.85,207.5,226.8
MHJ45,2026-02-15 19:52:30+00:00,85,13.113,31.20,2.95,552.5,432.7
AL945,2026-02-15 19:52:30+00:00,75,8.575,27.58,2.90,215.0,252.5
AL945,2026-02-15 20:00:00+00:00,65,8.650,28.52,2.88,210.0,246.3
MHJ45,2026-02-15 20:00:00+00:00,70,11.850,28.91,2.85,552.5,407.8
AL945,2026-02-15 20:07:30+00:00,75,8.800,28.91,2.85,210.0,248.6
MHJ45,2026-02-15 20:07:30+00:00,75,7.550,23.82,2.80,227.5,274.2
AL945,2026-02-15 20:15:00+00:00,75,8.800,28.78,2.78,217.5,249.8
MHJ45,2026-02-15 20:15:00+00:00,75,7.575,24.03,2.65,220.0,269.4
AL945,2026-02-15 20:22:30+00:00,65,8.900,29.09,2.72,215.0,249.1
MHJ45,2026-02-15 20:22:30+00:00,75,7.475,24.28,2.53,222.5,263.8
AL945,2026-02-15 20:30:00+00:00,65,8.875,29.01,2.65,222.5,248.7
MHJ45,2026-02-15 20:30:00+00:00,75,7.450,24.03,2.53,230.0,259.8
AL945,2026-02-15 20:37:30+00:00,75,8.950,28.96,2.60,215.0,260.1
MHJ45,2026-02-15 20:37:30+00:00,70,7.400,23.99,2.53,237.5,255.9
AL945,2026-02-15 20:45:00+00:00,45,8.575,28.83,2.55,222.5,240.6
MHJ45,2026-02-15 20:45:00+00:00,75,7.300,24.26,2.35,237.5,248.7
MHJ45,2026-02-15 20:52:30+00:00,75,7.250,24.01,2.53,237.5,252.3
AL945,2026-02-15 20:52:30+00:00,45,8.750,29.05,2.47,217.5,246.0
MHJ45,2026-02-15 21:00:00+00:00,75,7.300,23.22,2.50,230.0,256.5
AL945,2026-02-15 21:00:00+00:00,65,8.975,29.84,2.40,222.5,246.8
MHJ45,2026-02-15 21:07:30+00:00,75,7.250,23.36,2.28,230.0,265.4
AL945,2026-02-15 21:07:30+00:00,75,8.788,29.86,2.65,217.5,241.5
MHJ45,2026-02-15 21:15:00+00:00,75,7.200,23.73,2.28,232.5,254.1
AL945,2026-02-15 21:15:00+00:00,75,8.738,29.27,2.60,215.0,243.8
MHJ45,2026-02-15 21:22:30+00:00,70,7.125,23.64,2.28,225.0,250.0
AL945,2026-02-15 21:22:30+00:00,95,8.613,29.23,2.63,220.0,241.1
MHJ45,2026-02-15 21:30:00+00:00,70,7.075,23.08,2.20,220.0,253.2
AL945,2026-02-15 21:30:00+00:00,95,8.500,28.68,2.47,220.0,239.2
AL945,2026-02-15 21:37:30+00:00,65,8.388,27.90,2.47,217.5,244.2
MHJ45,2026-02-15 21:37:30+00:00,70,6.900,22.36,2.13,217.5,272.6
MHJ45,2026-02-15 21:45:00+00:00,70,6.888,22.30,2.05,220.0,274.3
AL945,2026-02-15 21:45:00+00:00,75,8.225,27.71,2.28,217.5,240.6
MHJ45,2026-02-15 21:52:30+00:00,70,6.725,22.01,,217.5,258.4
AL945,2026-02-15 21:52:30+00:00,95,8.050,27.24,2.30,215.0,243.0
MHJ45,2026-02-15 22:00:00+00:00,70,6.625,21.36,,217.5,270.1
AL945,2026-02-15 22:00:00+00:00,75,7.650,26.55,2.17,210.0,229.4
MHJ45,2026-02-15 22:07:30+00:00,75,6.550,20.94,,215.0,278.2
AL945,2026-02-15 22:07:30+00:00,75,7.700,25.60,2.13,212.5,247.0
MHJ45,2026-02-15 22:15:00+00:00,70,6.525,21.25,,222.5,268.0
AL945,2026-02-15 22:15:00+00:00,75,7.738,26.05,2.03,217.5,248.3
AL945,2026-02-15 22:22:30+00:00,75,7.625,25.94,,210.0,249.9
MHJ45,2026-02-15 22:22:30+00:00,70,6.400,20.69,,220.0,269.8
MHJ45,2026-02-15 22:30:00+00:00,70,6.300,19.86,,217.5,280.0
AL945,2026-02-15 22:30:00+00:00,70,7.575,24.93,,212.5,258.7
MHJ45,2026-02-15 22:37:30+00:00,0,6.050,19.08,,225.0,
AL945,2026-02-15 22:37:30+00:00,75,7.375,24.77,,212.5,254.4
MHJ45,2026-02-15 22:45:00+00:00,75,5.875,18.15,,230.0,292.2
AL945,2026-02-15 22:45:00+00:00,75,7.100,24.27,,210.0,244.0
AL945,2026-02-15 22:52:30+00:00,75,7.000,22.82,,207.5,261.7
MHJ45,2026-02-15 22:52:30+00:00,75,5.750,17.65,,235.0,299.2
AL945,2026-02-15 23:00:00+00:00,70,6.775,22.12,,207.5,260.6
MHJ45,2026-02-15 23:00:00+00:00,0,5.450,17.62,,245.0,
AL945,2026-02-15 23:07:30+00:00,90,6.700,21.50,,207.5,269.3
MHJ45,2026-02-15 23:07:30+00:00,0,5.525,21.57,,212.5,
AL945,2026-02-15 23:15:00+00:00,70,6.575,21.01,,210.0,277.2
MHJ45,2026-02-15 23:15:00+00:00,45,5.325,15.45,,355.0,348.9
AL945,2026-02-15 23:22:30+00:00,90,6.425,20.32,,220.0,281.1
MHJ45,2026-02-15 23:22:30+00:00,75,5.175,15.08,,257.5,336.9
AL945,2026-02-15 23:30:00+00:00,90,6.350,19.44,,220.0,297.5
MHJ45,2026-02-15 23:30:00+00:00,90,5.150,15.41,,270.0,320.5
AL945,2026-02-15 23:37:30+00:00,90,6.275,18.71,,232.5,310.5
MHJ45,2026-02-15 23:37:30+00:00,100,5.000,15.33,,260.0,306.7
AL945,2026-02-15 23:45:00+00:00,70,6.375,18.92,,240.0,300.0
MHJ45,2026-02-15 23:45:00+00:00,75,4.925,14.75,,250.0,312.4
MHJ45,2026-02-15 23:52:30+00:00,70,4.950,14.30,,265.0,334.0
AL945,2026-02-15 23:52:30+00:00,90,6.675,19.87,,245.0,315.4
MHJ45,2026-02-16 00:00:00+00:00,90,4.750,13.96,,255.0,318.9
AL945,2026-02-16 00:00:00+00:00,90,6.700,20.36,,247.5,309.2
MHJ45,2026-02-16 00:07:30+00:00,80,4.750,13.96,,255.0,323.0
AL945,2026-02-16 00:07:30+00:00,90,6.525,19.94,,245.0,297.3
MHJ45,2026-02-16 00:15:00+00:00,90,4.525,13.82,,252.5,303.9
AL945,2026-02-16 00:15:00+00:00,70,6.375,19.86,,240.0,298.7
AL945,2026-02-16 00:22:30+00:00,90,6.275,19.96,,230.0,287.5
MHJ45,2026-02-16 00:22:30+00:00,90,4.450,13.90,,250.0,297.9
AL945,2026-02-16 00:30:00+00:00,90,6.125,19.96,,227.5,280.9
MHJ45,2026-02-16 00:30:00+00:00,90,4.375,13.30,,257.5,318.6
AL945,2026-02-16 00:37:30+00:00,0,5.975,19.70,,245.0,
MHJ45,2026-02-16 00:37:30+00:00,20,3.875,13.42,,257.5,273.0
AL945,2026-02-16 00:45:00+00:00,40,4.750,17.48,,215.0,237.9
MHJ45,2026-02-16 00:45:00+00:00,60,4.325,12.74,,272.5,325.0
AL945,2026-02-16 00:52:30+00:00,0,4.850,15.30,,227.5,
MHJ45,2026-02-16 00:52:30+00:00,80,4.025,12.31,,265.0,307.4
AL945,2026-02-16 01:00:00+00:00,70,5.050,15.43,,252.5,309.7
MHJ45,2026-02-16 01:00:00+00:00,60,4.025,11.55,,290.0,335.5
MHJ45,2026-02-16 01:07:30+00:00,50,3.825,11.02,,320.0,338.1
AL945,2026-02-16 01:07:30+00:00,90,4.950,15.29,,255.0,299.1
MHJ45,2026-02-16 01:15:00+00:00,80,3.650,11.03,,297.5,315.2
AL945,2026-02-16 01:15:00+00:00,90,4.925,15.20,,255.0,304.6
MHJ45,2026-02-16 01:22:30+00:00,80,3.725,11.31,,312.5,317.3
AL945,2026-02-16 01:22:30+00:00,80,4.525,14.57,,255.0,292.2
AL945,2026-02-16 01:30:00+00:00,70,4.275,13.88,,252.5,284.0
MHJ45,2026-02-16 01:30:00+00:00,70,3.500,10.46,,297.5,326.1
MHJ45,2026-02-16 01:37:30+00:00,80,3.900,10.60,,305.0,369.4
AL945,2026-02-16 01:37:30+00:00,0,4.125,12.54,,255.0,
MHJ45,2026-02-16 01:45:00+00:00,60,3.850,10.45,,327.5,372.8
AL945,2026-02-16 01:45:00+00:00,50,4.025,11.99,,267.5,313.4
MHJ45,2026-02-16 01:52:30+00:00,80,3.500,10.26,,325.0,335.6
AL945,2026-02-16 01:52:30+00:00,80,3.950,11.48,,290.0,329.8
MHJ45,2026-02-16 02:00:00+00:00,80,3.975,10.14,,317.5,395.7
AL945,2026-02-16 02:00:00+00:00,60,4.050,11.31,,285.0,340.1
MHJ45,2026-02-16 02:07:30+00:00,80,3.975,10.60,,315.0,378.7
AL945,2026-02-16 02:07:30+00:00,80,3.975,10.96,,287.5,346.2
AL945,2026-02-16 02:15:00+00:00,70,3.350,10.75,,287.5,297.1
MHJ45,2026-02-16 02:15:00+00:00,80,4.075,10.89,,312.5,379.3
MHJ45,2026-02-16 02:22:30+00:00,80,4.025,11.25,,302.5,356.8
AL945,2026-02-16 02:22:30+00:00,70,3.825,11.71,,282.5,314.5
AL945,2026-02-16 02:30:00+00:00,70,3.475,10.98,,282.5,305.2
MHJ45,2026-02-16 02:30:00+00:00,80,4.050,11.11,,290.0,358.9
AL945,2026-02-16 02:37:30+00:00,40,3.175,9.89,,295.0,300.2
MHJ45,2026-02-16 02:37:30+00:00,90,3.900,10.91,,287.5,347.6
AL945,2026-02-16 02:45:00+00:00,70,3.275,9.74,,282.5,318.5
MHJ45,2026-02-16 02:45:00+00:00,90,3.800,10.60,,290.0,351.5
MHJ45,2026-02-16 02:52:30+00:00,90,3.750,10.30,,302.5,349.8
AL945,2026-02-16 02:52:30+00:00,70,3.150,8.64,,305.0,361.5
AL945,2026-02-16 03:00:00+00:00,70,3.025,8.63,,312.5,341.5
MHJ45,2026-02-16 03:00:00+00:00,90,3.750,10.07,,310.0,369.2
MHJ45,2026-02-16 03:07:30+00:00,90,3.675,10.04,,315.0,356.7
AL945,2026-02-16 03:07:30+00:00,70,3.225,8.97,,322.5,345.6
AL945,2026-02-16 03:15:00+00:00,80,3.175,9.35,,302.5,319.8
MHJ45,2026-02-16 03:15:00+00:00,90,3.575,10.41,,317.5,338.9
MHJ45,2026-02-16 03:22:30+00:00,80,3.700,10.49,,317.5,347.3
AL945,2026-02-16 03:22:30+00:00,70,3.250,8.71,,305.0,364.3
MHJ45,2026-02-16 03:30:00+00:00,40,3.275,9.95,,322.5,324.7
AL945,2026-02-16 03:30:00+00:00,70,3.250,8.65,,317.5,377.2
MHJ45,2026-02-16 03:37:30+00:00,80,3.750,10.35,,317.5,350.3
AL945,2026-02-16 03:37:30+00:00,70,3.275,8.55,,320.0,391.0
MHJ45,2026-02-16 03:45:00+00:00,60,3.900,10.96,,312.5,350.8
AL945,2026-02-16 03:45:00+00:00,70,3.375,8.95,,327.5,372.9
MHJ45,2026-02-16 03:52:30+00:00,80,3.875,10.76,,315.0,360.8
AL945,2026-02-16 03:52:30+00:00,70,3.000,8.63,,307.5,326.6
AL945,2026-02-16 04:00:00+00:00,70,2.900,8.78,,305.0,314.8
MHJ45,2026-02-16 04:00:00+00:00,40,3.800,11.29,,307.5,328.2
MHJ45,2026-02-16 04:07:30+00:00,20,3.700,10.63,,302.5,335.1
AL945,2026-02-16 04:07:30+00:00,70,2.850,8.17,,310.0,341.7
AL945,2026-02-16 04:15:00+00:00,70,2.575,7.92,,342.5,308.8
MHJ45,2026-02-16 04:15:00+00:00,70,3.900,11.29,,302.5,333.3
MHJ45,2026-02-16 04:22:30+00:00,80,3.850,11.32,,300.0,329.9
AL945,2026-02-16 04:22:30+00:00,70,3.050,8.37,,337.5,354.4
AL945,2026-02-16 04:30:00+00:00,70,2.825,8.16,,322.5,334.2
MHJ45,2026-02-16 04:30:00+00:00,60,3.900,10.53,,340.0,371.4
MHJ45,2026-02-16 04:37:30+00:00,70,3.800,10.82,,297.5,342.4
AL945,2026-02-16 04:37:30+00:00,70,2.650,7.93,,325.0,317.8
AL945,2026-02-16 04:45:00+00:00,70,2.750,7.41,,352.5,355.1
MHJ45,2026-02-16 04:45:00+00:00,70,3.350,10.06,,310.0,328.0
AL945,2026-02-16 04:52:30+00:00,70,2.650,7.43,,385.0,348.1
MHJ45,2026-02-16 04:52:30+00:00,60,3.375,9.64,,322.5,339.7
AL945,2026-02-16 05:00:00+00:00,70,2.625,7.11,,377.5,360.3
MHJ45,2026-02-16 05:00:00+00:00,80,3.425,9.51,,322.5,363.0
AL945,2026-02-16 05:07:30+00:00,70,2.450,6.65,,380.0,355.8
MHJ45,2026-02-16 05:07:30+00:00,80,3.675,9.35,,355.0,388.2
AL945,2026-02-16 05:15:00+00:00,70,2.450,6.60,,385.0,361.4
MHJ45,2026-02-16 05:15:00+00:00,70,3.250,8.94,,340.0,360.6
AL945,2026-02-16 05:22:30+00:00,45,2.375,6.57,,433.1,353.7
MHJ45,2026-02-16 05:22:30+00:00,80,3.550,9.49,,340.0,371.7
MHJ45,2026-02-16 05:30:00+00:00,80,3.075,8.70,,330.0,343.9
AL945,2026-02-16 05:30:00+00:00,70,2.250,6.05,,455.0,348.6
MHJ45,2026-02-16 05:37:30+00:00,80,2.900,8.46,,340.0,331.0
AL945,2026-02-16 05:37:30+00:00,45,2.125,5.88,,436.6,340.1
MHJ45,2026-02-16 05:45:00+00:00,80,2.875,7.99,,340.0,349.7
AL945,2026-02-16 05:45:00+00:00,45,2.075,5.56,,478.8,334.9
MHJ45,2026-02-16 05:52:30+00:00,80,2.800,7.83,,342.5,350.0
MHJ45,2026-02-16 06:00:00+00:00,70,2.850,7.54,,365.0,374.5
MHJ45,2026-02-16 06:07:30+00:00,70,2.575,7.31,,370.0,343.3
MHJ45,2026-02-16 06:15:00+00:00,70,2.550,6.73,,382.5,374.5
MHJ45,2026-02-16 06:22:30+00:00,70,2.625,6.57,,480.0,400.4
MHJ45,2026-02-16 06:30:00+00:00,70,2.350,6.29,,412.5,366.5
AL945,2026-02-16 06:37:30+00:00,70,2.825,7.99,,320.0,340.0
MHJ45,2026-02-16 06:37:30+00:00,70,2.325,6.04,,425.0,374.7
AL945,2026-02-16 06:45:00+00:00,70,2.800,7.62,,370.0,359.8
MHJ45,2026-02-16 06:45:00+00:00,70,2.400,6.08,,470.0,396.0
AL945,2026-02-16 06:52:30+00:00,70,2.575,6.85,,387.5,370.2
MHJ45,2026-02-16 06:52:30+00:00,70,2.125,5.19,,555.0,374.2
AL945,2026-02-16 07:00:00+00:00,70,2.775,7.31,,385.0,376.7
MHJ45,2026-02-16 07:00:00+00:00,45,2.425,6.81,,467.5,392.4
AL945,2026-02-16 07:07:30+00:00,70,2.775,7.44,,382.5,360.7
AL945,2026-02-16 07:15:00+00:00,70,2.800,7.51,,375.0,366.3
MHJ45,2026-02-16 07:15:00+00:00,45,2.400,6.65,,477.5,389.5
AL945,2026-02-16 07:22:30+00:00,60,2.600,7.59,,380.0,339.5
MHJ45,2026-02-16 07:22:30+00:00,45,13.075,21.23,,1025.0,594.1
AL945,2026-02-16 07:30:00+00:00,60,2.825,8.00,,375.0,349.6
MHJ45,2026-02-16 07:30:00+00:00,45,2.225,5.14,,587.5,415.9
MHJ45,2026-02-16 07:37:30+00:00,90,2.175,5.10,,570.0,400.2
AL945,2026-02-16 07:37:30+00:00,70,2.750,7.37,,380.0,361.0
MHJ45,2026-02-16 07:45:00+00:00,90,2.175,5.34,,532.5,382.1
AL945,2026-02-16 07:45:00+00:00,60,2.275,6.92,,372.5,307.8
AL945,2026-02-16 07:52:30+00:00,70,2.600,7.11,,402.5,352.6
MHJ45,2026-02-16 07:52:30+00:00,40,2.275,5.14,,590.0,437.0
AL945,2026-02-16 08:00:00+00:00,60,2.575,7.33,,425.8,349.3
MHJ45,2026-02-16 08:00:00+00:00,90,2.425,5.24,,642.5,470.9
MHJ45,2026-02-16 08:07:30+00:00,80,2.250,5.26,,572.5,425.5
AL945,2026-02-16 08:07:30+00:00,70,2.475,6.82,,412.5,352.0
MHJ45,2026-02-16 08:15:00+00:00,60,2.250,5.66,,520.0,383.8
AL945,2026-02-16 08:15:00+00:00,70,2.575,7.33,,417.5,342.5
AL945,2026-02-16 08:22:30+00:00,45,2.550,7.23,,432.5,341.9
MHJ45,2026-02-16 08:22:30+00:00,80,2.425,5.57,,595.0,430.8
MHJ45,2026-02-16 08:30:00+00:00,60,2.425,5.88,,477.5,406.7
AL945,2026-02-16 08:30:00+00:00,60,2.850,7.64,,396.3,368.7
AL945,2026-02-16 08:37:30+00:00,70,2.600,7.11,,402.5,350.0
MHJ45,2026-02-16 08:37:30+00:00,80,2.425,5.97,,500.0,404.3
AL945,2026-02-16 08:45:00+00:00,70,2.425,7.24,,385.0,321.5
MHJ45,2026-02-16 08:45:00+00:00,90,2.400,6.14,,460.0,388.1
AL945,2026-02-16 08:52:30+00:00,70,2.225,6.92,,377.5,294.1
MHJ45,2026-02-16 08:52:30+00:00,90,2.350,6.03,,475.0,378.4
AL945,2026-02-16 09:00:00+00:00,70,2.250,6.63,,375.0,313.4
MHJ45,2026-02-16 09:00:00+00:00,80,2.225,6.23,,437.5,335.1
AL945,2026-02-16 09:07:30+00:00,65,2.650,7.93,,377.5,316.6
MHJ45,2026-02-16 09:07:30+00:00,90,2.375,6.10,,477.5,378.5
MHJ45,2026-02-16 09:15:00+00:00,90,2.425,6.46,,402.5,365.6
AL945,2026-02-16 09:15:00+00:00,60,2.600,7.63,,362.5,324.5
AL945,2026-02-16 09:22:30+00:00,70,2.625,7.78,,340.0,318.1
MHJ45,2026-02-16 09:22:30+00:00,80,2.525,6.90,,397.5,353.0
AL945,2026-02-16 09:30:00+00:00,60,2.750,8.50,,327.5,306.8
MHJ45,2026-02-16 09:30:00+00:00,80,2.275,6.99,,375.0,310.5
MHJ45,2026-02-16 09:37:30+00:00,80,2.400,6.92,,390.0,330.1
AL945,2026-02-16 09:37:30+00:00,60,2.800,8.80,,320.0,305.4
AL945,2026-02-16 09:45:00+00:00,70,2.850,8.86,,342.5,308.5
MHJ45,2026-02-16 09:45:00+00:00,60,2.525,7.16,,432.5,340.1
AL945,2026-02-16 09:52:30+00:00,70,2.875,8.70,,310.0,321.0
MHJ45,2026-02-16 09:52:30+00:00,80,2.550,7.62,,332.5,314.3
AL945,2026-02-16 10:00:00+00:00,70,2.825,8.79,,300.0,302.4
MHJ45,2026-02-16 10:00:00+00:00,80,2.400,7.12,,387.5,314.3
AL945,2026-02-16 10:07:30+00:00,70,2.875,8.27,,290.0,326.3
MHJ45,2026-02-16 10:07:30+00:00,80,2.425,7.34,,330.0,307.7
AL945,2026-02-16 10:15:00+00:00,70,2.700,7.96,,310.0,322.2
MHJ45,2026-02-16 10:15:00+00:00,80,2.600,7.63,,332.5,319.5
AL945,2026-02-16 10:22:30+00:00,70,2.550,7.78,,330.0,307.1
MHJ45,2026-02-16 10:22:30+00:00,80,2.425,7.37,,327.5,304.9
MHJ45,2026-02-16 10:30:00+00:00,80,2.350,7.55,,350.0,288.4
AL945,2026-02-16 10:30:00+00:00,40,2.550,7.45,,340.0,321.7
MHJ45,2026-02-16 10:37:30+00:00,80,2.400,7.64,,307.5,284.8
AL945,2026-02-16 10:37:30+00:00,40,2.550,8.52,,292.5,275.2
MHJ45,2026-02-16 10:45:00+00:00,90,2.475,7.80,,300.0,287.4
AL945,2026-02-16 10:45:00+00:00,60,2.725,8.27,,297.5,315.2
MHJ45,2026-02-16 10:52:30+00:00,90,2.475,8.01,,292.5,275.5
AL945,2026-02-16 10:52:30+00:00,70,3.175,9.40,,302.5,323.2
AL945,2026-02-16 11:00:00+00:00,70,3.125,9.24,,285.0,318.6
MHJ45,2026-02-16 11:00:00+00:00,70,2.625,7.96,,290.0,293.3
MHJ45,2026-02-16 11:07:30+00:00,60,2.875,5.78,,555.0,493.0
AL945,2026-02-16 11:07:30+00:00,70,3.025,9.06,,287.5,305.8
MHJ45,2026-02-16 11:15:00+00:00,90,2.950,9.33,,277.5,277.3
AL945,2026-02-16 11:15:00+00:00,70,2.875,8.90,,300.0,298.7
AL945,2026-02-16 11:22:30+00:00,70,2.825,8.70,,295.0,299.5
MHJ45,2026-02-16 11:22:30+00:00,70,3.300,10.74,,255.0,263.6
AL945,2026-02-16 11:30:00+00:00,70,2.825,8.11,,292.5,331.9
MHJ45,2026-02-16 11:30:00+00:00,70,3.875,12.03,,245.0,289.0
MHJ45,2026-02-16 11:37:30+00:00,90,4.200,13.90,,237.5,258.2
AL945,2026-02-16 11:37:30+00:00,70,2.800,8.36,,312.5,311.5
MHJ45,2026-02-16 11:45:00+00:00,60,4.750,16.32,,230.0,242.3
AL945,2026-02-16 11:45:00+00:00,70,2.800,8.32,,330.0,310.4
MHJ45,2026-02-16 11:52:30+00:00,70,4.950,17.21,,225.0,239.7
AL945,2026-02-16 11:52:30+00:00,70,2.875,8.79,,292.5,294.5
MHJ45,2026-02-16 12:00:00+00:00,90,5.250,18.21,,225.0,237.8
AL945,2026-02-16 12:00:00+00:00,70,3.150,9.02,,287.5,323.0
MHJ45,2026-02-16 12:07:30+00:00,75,5.563,19.67,2.05,222.5,226.5
AL945,2026-02-16 12:07:30+00:00,50,3.250,9.77,,272.5,300.9
AL945,2026-02-16 12:15:00+00:00,90,3.450,10.87,,265.0,282.4
MHJ45,2026-02-16 12:15:00+00:00,75,5.725,20.67,2.05,217.5,220.2
MHJ45,2026-02-16 12:22:30+00:00,60,6.038,20.16,2.20,215.0,232.2
AL945,2026-02-16 12:22:30+00:00,40,3.625,12.19,,257.5,253.9
MHJ45,2026-02-16 12:30:00+00:00,70,5.807,20.13,2.17,220.0,233.2
AL945,2026-02-16 12:30:00+00:00,20,3.375,12.58,,252.5,228.6
MHJ45,2026-02-16 12:37:30+00:00,90,6.025,20.49,2.33,217.5,239.2
AL945,2026-02-16 12:37:30+00:00,70,4.500,14.21,,245.0,272.5
MHJ45,2026-02-16 12:45:00+00:00,70,6.350,21.89,2.38,215.0,240.2
AL945,2026-02-16 12:45:00+00:00,70,4.675,15.78,,240.0,251.3
MHJ45,2026-02-16 12:52:30+00:00,0,6.550,22.67,2.25,217.5,
AL945,2026-02-16 12:52:30+00:00,90,5.125,17.06,,232.5,258.2
MHJ45,2026-02-16 13:00:00+00:00,70,6.513,22.73,2.50,215.0,224.7
AL945,2026-02-16 13:00:00+00:00,70,5.375,17.76,,235.0,256.9
MHJ45,2026-02-16 13:07:30+00:00,70,6.700,22.50,2.55,212.5,239.1
AL945,2026-02-16 13:07:30+00:00,90,5.675,19.06,,232.5,257.2
MHJ45,2026-02-16 13:15:00+00:00,70,7.050,23.20,2.63,207.5,237.6
AL945,2026-02-16 13:15:00+00:00,70,5.925,19.91,2.03,230.0,246.6
AL945,2026-02-16 13:22:30+00:00,90,6.025,20.82,2.10,230.0,236.7
MHJ45,2026-02-16 13:22:30+00:00,70,7.250,25.01,2.67,212.5,234.7
MHJ45,2026-02-16 13:30:00+00:00,75,7.450,25.11,2.60,207.5,243.8
AL945,2026-02-16 13:30:00+00:00,95,6.238,21.33,2.22,232.5,240.9
AL945,2026-02-16 13:37:30+00:00,70,6.350,22.10,2.28,230.0,234.4
MHJ45,2026-02-16 13:37:30+00:00,75,7.600,26.00,2.53,205.0,241.0
MHJ45,2026-02-16 13:45:00+00:00,70,7.650,26.18,2.65,217.5,238.2
AL945,2026-02-16 13:45:00+00:00,90,6.550,22.65,2.33,220.0,235.2
MHJ45,2026-02-16 13:52:30+00:00,75,7.856,26.45,2.88,212.5,245.5
AL945,2026-02-16 13:52:30+00:00,90,6.388,22.44,2.42,215.0,218.5
MHJ45,2026-02-16 14:00:00+00:00,70,7.963,27.44,2.90,212.5,237.3
AL945,2026-02-16 14:00:00+00:00,90,6.438,22.22,2.53,212.5,223.9
MHJ45,2026-02-16 14:07:30+00:00,70,8.032,27.56,2.92,150.0,243.9
AL945,2026-02-16 14:07:30+00:00,90,6.788,22.88,2.55,210.0,247.3
AL945,2026-02-16 14:15:00+00:00,90,6.882,23.45,2.60,210.0,237.2
MHJ45,2026-02-16 14:15:00+00:00,70,8.087,27.24,2.95,212.5,248.4
MHJ45,2026-02-16 14:22:30+00:00,70,8.075,27.14,2.80,212.5,249.0
AL945,2026-02-16 14:22:30+00:00,90,6.963,23.76,2.65,212.5,235.0
MHJ45,2026-02-16 14:30:00+00:00,70,8.188,27.45,2.85,160.0,247.9
AL945,2026-02-16 14:30:00+00:00,90,7.032,24.01,2.70,215.0,236.9
MHJ45,2026-02-16 14:37:30+00:00,70,8.125,27.59,2.85,210.0,239.0
AL945,2026-02-16 14:37:30+00:00,90,7.113,24.41,2.75,207.5,231.9
AL945,2026-02-16 14:45:00+00:00,90,7.213,24.69,2.78,202.5,230.5
MHJ45,2026-02-16 14:45:00+00:00,70,8.150,28.08,2.83,205.0,236.1
MHJ45,2026-02-16 14:52:30+00:00,70,8.025,27.24,2.97,202.5,239.2
AL945,2026-02-16 14:52:30+00:00,90,7.213,24.63,2.83,235.0,233.9
AL945,2026-02-16 15:00:00+00:00,90,7.263,24.10,2.85,235.0,241.3
MHJ45,2026-02-16 15:00:00+00:00,70,7.950,26.85,3.00,200.0,235.7
AL945,2026-02-16 15:07:30+00:00,90,7.513,24.55,2.88,240.0,251.4
MHJ45,2026-02-16 15:07:30+00:00,75,8.000,26.90,3.00,165.0,243.0
MHJ45,2026-02-16 15:15:00+00:00,70,8.125,26.55,3.08,192.5,250.6
AL945,2026-02-16 15:15:00+00:00,95,7.588,25.51,2.88,197.5,240.6
AL945,2026-02-16 15:22:30+00:00,95,7.638,26.08,2.95,215.0,234.8
MHJ45,2026-02-16 15:22:30+00:00,75,8.350,27.40,3.05,190.0,254.3
AL945,2026-02-16 15:30:00+00:00,90,7.613,26.06,2.95,245.0,230.0
MHJ45,2026-02-16 15:30:00+00:00,70,8.625,28.38,3.10,192.5,247.9
AL945,2026-02-16 15:37:30+00:00,90,7.588,25.69,2.85,242.5,235.7
MHJ45,2026-02-16 15:37:30+00:00,70,8.775,29.85,3.13,205.0,241.9
AL945,2026-02-16 15:45:00+00:00,75,7.638,25.60,3.05,240.0,241.0
MHJ45,2026-02-16 15:45:00+00:00,75,8.750,29.79,3.17,197.5,244.0
AL945,2026-02-16 15:52:30+00:00,90,7.638,25.45,2.92,242.5,235.1
MHJ45,2026-02-16 15:52:30+00:00,70,8.600,29.00,3.05,202.5,246.6
AL945,2026-02-16 16:00:00+00:00,90,7.788,25.81,3.00,247.5,240.2
MHJ45,2026-02-16 16:00:00+00:00,70,8.588,28.46,3.20,245.0,247.4
MHJ45,2026-02-16 16:07:30+00:00,75,8.625,28.60,3.05,205.0,250.4
AL945,2026-02-16 16:07:30+00:00,70,7.888,26.02,3.05,255.0,246.0
AL945,2026-02-16 16:15:00+00:00,70,7.938,26.44,2.97,255.0,242.9
MHJ45,2026-02-16 16:15:00+00:00,70,8.713,28.82,3.22,250.0,248.0
AL945,2026-02-16 16:22:30+00:00,90,7.763,25.91,3.00,227.5,233.4
MHJ45,2026-02-16 16:22:30+00:00,75,8.763,29.18,3.28,250.0,245.3
AL945,2026-02-16 16:30:00+00:00,90,7.938,25.99,3.00,140.0,247.5
MHJ45,2026-02-16 16:30:00+00:00,70,8.800,29.27,3.25,197.5,250.9
AL945,2026-02-16 16:37:30+00:00,60,8.013,25.82,3.10,242.5,250.9
MHJ45,2026-02-16 16:37:30+00:00,75,8.775,29.41,3.25,195.0,243.8
MHJ45,2026-02-16 16:45:00+00:00,75,8.788,28.82,3.25,140.0,249.0
AL945,2026-02-16 16:45:00+00:00,90,8.113,26.74,3.03,252.5,244.3
AL945,2026-02-16 16:52:30+00:00,90,8.050,26.72,3.05,197.5,237.0
MHJ45,2026-02-16 16:52:30+00:00,70,8.750,28.35,3.30,217.5,250.6
MHJ45,2026-02-16 17:00:00+00:00,70,8.800,29.49,3.33,207.5,243.2
AL945,2026-02-16 17:00:00+00:00,90,8.150,26.90,3.05,195.0,245.4
AL945,2026-02-16 17:07:30+00:00,90,8.063,26.04,3.17,205.0,251.7
MHJ45,2026-02-16 17:07:30+00:00,70,8.625,28.33,3.28,200.0,254.7
MHJ45,2026-02-16 17:15:00+00:00,70,8.625,27.94,3.20,200.0,255.0
AL945,2026-02-16 17:15:00+00:00,80,8.050,25.93,2.95,197.5,254.7
MHJ45,2026-02-16 17:22:30+00:00,70,8.500,27.81,3.20,195.0,247.8
AL945,2026-02-16 17:22:30+00:00,60,8.025,26.22,3.03,140.0,247.5
MHJ45,2026-02-16 17:30:00+00:00,70,8.475,27.76,3.28,207.5,252.8
AL945,2026-02-16 17:30:00+00:00,90,8.038,25.41,3.05,262.5,262.5
MHJ45,2026-02-16 17:37:30+00:00,40,8.475,26.98,3.20,202.5,263.2
AL945,2026-02-16 17:37:30+00:00,90,8.100,25.26,3.00,192.5,265.1
AL945,2026-02-16 17:45:00+00:00,90,8.200,25.92,3.08,197.5,257.2
MHJ45,2026-02-16 17:45:00+00:00,70,8.488,27.09,3.25,200.0,260.4
MHJ45,2026-02-16 17:52:30+00:00,70,8.475,26.74,3.22,217.5,254.6
AL945,2026-02-16 17:52:30+00:00,80,8.400,26.25,3.03,197.5,263.4
MHJ45,2026-02-16 18:00:00+00:00,70,8.650,26.73,3.15,205.0,269.4
AL945,2026-02-16 18:00:00+00:00,65,8.425,26.79,3.15,195.0,257.0
MHJ45,2026-02-16 18:07:30+00:00,40,8.675,27.49,3.10,205.0,262.1
AL945,2026-02-16 18:07:30+00:00,75,8.525,26.73,3.10,197.5,263.3
MHJ45,2026-02-16 18:15:00+00:00,70,8.625,27.52,3.17,197.5,260.2
AL945,2026-02-16 18:15:00+00:00,40,8.200,27.22,3.10,202.5,243.0
MHJ45,2026-02-16 18:22:30+00:00,70,8.675,26.82,3.10,200.0,275.0
AL945,2026-02-16 18:22:30+00:00,65,8.588,27.27,3.08,227.5,256.2
MHJ45,2026-02-16 18:30:00+00:00,70,8.800,26.82,3.08,205.0,279.2
AL945,2026-02-16 18:30:00+00:00,65,8.538,27.13,3.17,270.0,254.7
MHJ45,2026-02-16 18:37:30+00:00,70,8.825,27.15,3.10,207.5,269.3
AL945,2026-02-16 18:37:30+00:00,65,8.463,26.65,3.13,272.5,256.1
AL945,2026-02-16 18:45:00+00:00,65,8.375,26.25,2.97,207.5,261.6
MHJ45,2026-02-16 18:45:00+00:00,70,8.988,27.43,3.08,232.5,281.4
AL945,2026-02-16 18:52:30+00:00,75,8.350,25.69,2.95,212.5,273.9
MHJ45,2026-02-16 18:52:30+00:00,70,8.950,27.26,3.03,197.5,283.6
AL945,2026-02-16 19:00:00+00:00,70,8.150,24.86,2.88,215.0,267.0
MHJ45,2026-02-16 19:00:00+00:00,60,8.975,28.28,2.97,215.0,273.4
MHJ45,2026-02-16 19:07:30+00:00,70,8.838,26.34,2.92,292.5,282.8
AL945,2026-02-16 19:07:30+00:00,65,8.225,24.13,3.00,222.5,278.9
MHJ45,2026-02-16 19:15:00+00:00,60,9.075,26.18,2.90,227.5,296.8
AL945,2026-02-16 19:15:00+00:00,75,8.500,24.52,3.00,212.5,294.4
MHJ45,2026-02-16 19:22:30+00:00,70,9.250,26.68,2.88,240.0,302.5
AL945,2026-02-16 19:22:30+00:00,60,8.300,25.42,3.03,217.5,263.9
AL945,2026-02-16 19:30:00+00:00,45,8.550,26.95,2.97,220.0,260.8
MHJ45,2026-02-16 19:30:00+00:00,70,9.525,27.71,2.83,230.0,305.8
MHJ45,2026-02-16 19:37:30+00:00,70,9.738,28.45,2.78,240.0,287.0
AL945,2026-02-16 19:37:30+00:00,60,9.150,27.25,2.90,220.0,283.5
AL945,2026-02-16 19:45:00+00:00,65,9.200,28.18,2.88,220.0,268.4
MHJ45,2026-02-16 19:45:00+00:00,60,10.250,30.50,2.75,222.5,296.8
MHJ45,2026-02-16 19:52:30+00:00,60,10.575,31.62,2.70,217.5,290.5
AL945,2026-02-16 19:52:30+00:00,45,8.775,29.31,2.90,220.0,247.5
MHJ45,2026-02-16 20:00:00+00:00,0,10.775,33.19,2.63,395.0,
AL945,2026-02-16 20:00:00+00:00,45,8.700,29.57,2.83,227.5,241.8
MHJ45,2026-02-16 20:07:30+00:00,45,10.900,34.47,2.55,227.5,281.5
AL945,2026-02-16 20:07:30+00:00,45,8.750,29.53,2.88,225.0,241.4
MHJ45,2026-02-16 20:15:00+00:00,70,10.825,34.81,2.58,225.0,266.6
AL945,2026-02-16 20:15:00+00:00,65,9.300,29.05,2.85,220.0,260.7
AL945,2026-02-16 20:22:30+00:00,65,9.225,28.96,2.80,222.5,261.2
MHJ45,2026-02-16 20:22:30+00:00,70,10.800,34.90,2.53,230.0,268.6
MHJ45,2026-02-16 20:30:00+00:00,70,10.650,34.53,2.53,227.5,265.0
AL945,2026-02-16 20:30:00+00:00,65,9.050,28.92,2.72,217.5,254.8
MHJ45,2026-02-16 20:37:30+00:00,60,10.550,33.33,2.53,225.0,270.3
AL945,2026-02-16 20:37:30+00:00,65,8.950,28.43,2.65,217.5,256.0
AL945,2026-02-16 20:45:00+00:00,95,8.725,28.36,2.60,215.0,249.9
MHJ45,2026-02-16 20:45:00+00:00,70,10.238,32.66,2.53,222.5,269.2
AL945,2026-02-16 20:52:30+00:00,90,8.575,28.12,2.55,217.5,247.8
MHJ45,2026-02-16 20:52:30+00:00,70,10.213,32.81,2.33,157.5,269.9
AL945,2026-02-16 21:00:00+00:00,70,8.450,27.37,2.45,217.5,249.7
MHJ45,2026-02-16 21:00:00+00:00,0,10.075,32.85,2.30,222.5,
AL945,2026-02-16 21:07:30+00:00,95,8.463,27.49,2.35,235.0,258.1
MHJ45,2026-02-16 21:07:30+00:00,70,9.713,31.18,2.22,150.0,263.7
MHJ45,2026-02-16 21:15:00+00:00,70,9.500,30.63,2.22,212.5,267.2
AL945,2026-02-16 21:15:00+00:00,0,8.250,27.35,2.47,222.5,
MHJ45,2026-02-16 21:22:30+00:00,70,9.375,29.98,2.15,217.5,271.3
AL945,2026-02-16 21:22:30+00:00,75,8.100,26.62,2.45,222.5,252.2
AL945,2026-02-16 21:30:00+00:00,75,7.963,25.90,2.40,157.5,253.3
MHJ45,2026-02-16 21:30:00+00:00,60,9.263,29.62,2.15,215.0,270.8
MHJ45,2026-02-16 21:37:30+00:00,60,8.825,29.13,,217.5,252.6
AL945,2026-02-16 21:37:30+00:00,70,7.775,25.60,2.33,222.5,248.7
MHJ45,2026-02-16 21:45:00+00:00,70,8.825,28.87,,217.5,261.5
AL945,2026-02-16 21:45:00+00:00,95,7.800,24.91,2.33,222.5,267.2
MHJ45,2026-02-16 21:52:30+00:00,70,8.775,27.86,,215.0,278.2
AL945,2026-02-16 21:52:30+00:00,95,7.875,24.87,2.25,222.5,266.5
MHJ45,2026-02-16 22:00:00+00:00,70,8.775,28.25,,215.0,275.7
AL945,2026-02-16 22:00:00+00:00,70,7.838,25.45,2.22,227.5,258.2
MHJ45,2026-02-16 22:07:30+00:00,70,8.800,27.79,,215.0,280.2
AL945,2026-02-16 22:07:30+00:00,70,7.850,25.42,2.13,225.0,258.5
AL945,2026-02-16 22:15:00+00:00,75,8.013,26.05,2.05,167.5,261.3
MHJ45,2026-02-16 22:15:00+00:00,70,8.800,27.99,,215.0,279.1
MHJ45,2026-02-16 22:22:30+00:00,70,8.775,27.96,,212.5,274.6
AL945,2026-02-16 22:22:30+00:00,75,7.988,26.69,2.03,220.0,254.4
MHJ45,2026-02-16 22:30:00+00:00,70,8.800,28.08,,212.5,282.4
AL945,2026-02-16 22:30:00+00:00,75,7.800,26.52,,217.5,246.0
MHJ45,2026-02-16 22:37:30+00:00,70,8.775,28.67,,212.5,276.3
AL945,2026-02-16 22:37:30+00:00,75,7.650,26.00,,210.0,250.9
MHJ45,2026-02-16 22:45:00+00:00,70,8.625,28.26,,207.5,270.2
AL945,2026-02-16 22:45:00+00:00,75,7.425,25.14,,202.5,247.0
AL945,2026-02-16 22:52:30+00:00,75,7.225,24.29,,205.0,253.2
MHJ45,2026-02-16 22:52:30+00:00,60,7.050,26.92,,205.0,232.0
AL945,2026-02-16 23:00:00+00:00,95,6.800,22.80,,202.5,252.7
MHJ45,2026-02-16 23:00:00+00:00,70,8.000,25.96,,205.0,275.1
MHJ45,2026-02-16 23:07:30+00:00,70,7.750,24.81,,205.0,287.1
AL945,2026-02-16 23:07:30+00:00,90,6.750,21.39,,202.5,273.0
MHJ45,2026-02-16 23:15:00+00:00,70,7.375,23.56,,207.5,283.5
AL945,2026-02-16 23:15:00+00:00,70,6.500,21.23,,210.0,264.6
AL945,2026-02-16 23:22:30+00:00,70,6.275,20.42,,215.0,269.9
MHJ45,2026-02-16 23:22:30+00:00,70,7.200,23.18,,212.5,287.5
AL945,2026-02-16 23:30:00+00:00,75,6.125,19.78,,215.0,277.3
MHJ45,2026-02-16 23:30:00+00:00,0,7.150,22.41,,217.5,
MHJ45,2026-02-16 23:37:30+00:00,70,6.950,22.00,,225.0,294.7
AL945,2026-02-16 23:37:30+00:00,95,5.875,18.80,,212.5,278.9
MHJ45,2026-02-16 23:45:00+00:00,70,6.700,20.97,,225.0,292.4
AL945,2026-02-16 23:45:00+00:00,0,5.725,17.61,,217.5,
AL945,2026-02-16 23:52:30+00:00,0,5.625,16.73,,220.0,
MHJ45,2026-02-16 23:52:30+00:00,70,6.575,20.52,,227.5,292.8
MHJ45,2026-02-17 00:00:00+00:00,0,6.525,20.12,,230.0,
AL945,2026-02-17 00:00:00+00:00,90,5.675,16.92,,232.5,315.0
AL945,2026-02-17 00:07:30+00:00,70,5.750,17.51,,240.0,308.4
MHJ45,2026-02-17 00:07:30+00:00,90,6.425,19.60,,230.0,301.8
AL945,2026-02-17 00:15:00+00:00,70,5.800,17.91,,235.0,302.9
MHJ45,2026-02-17 00:15:00+00:00,90,6.450,20.11,,232.5,293.5
MHJ45,2026-02-17 00:22:30+00:00,70,6.475,20.47,,232.5,293.9
AL945,2026-02-17 00:22:30+00:00,70,5.800,18.09,,232.5,298.8
AL945,2026-02-17 00:30:00+00:00,70,5.700,18.27,,230.0,282.2
MHJ45,2026-02-17 00:30:00+00:00,70,6.250,20.57,,227.5,292.2
AL945,2026-02-17 00:37:30+00:00,70,5.625,18.05,,230.0,277.0
MHJ45,2026-02-17 00:37:30+00:00,70,6.100,19.34,,225.0,292.2
AL945,2026-02-17 00:45:00+00:00,70,5.575,17.67,,230.0,288.8
MHJ45,2026-02-17 00:45:00+00:00,0,6.025,18.52,,225.0,
MHJ45,2026-02-17 00:52:30+00:00,90,5.900,19.08,,235.0,290.0
AL945,2026-02-17 00:52:30+00:00,90,5.550,17.64,,230.0,291.0
MHJ45,2026-02-17 01:00:00+00:00,90,5.825,18.54,,232.5,285.6
AL945,2026-02-17 01:00:00+00:00,70,5.475,17.48,,227.5,290.5
AL945,2026-02-17 01:07:30+00:00,70,5.325,17.33,,227.5,276.1
MHJ45,2026-02-17 01:07:30+00:00,90,5.650,17.89,,232.5,288.5
AL945,2026-02-17 01:15:00+00:00,70,5.200,17.19,,227.5,277.0
MHJ45,2026-02-17 01:15:00+00:00,90,5.575,17.36,,232.5,298.3
MHJ45,2026-02-17 01:22:30+00:00,90,5.475,16.96,,235.0,299.4
AL945,2026-02-17 01:22:30+00:00,70,4.925,16.39,,222.5,267.9
MHJ45,2026-02-17 01:30:00+00:00,90,5.450,16.39,,237.5,308.6
AL945,2026-02-17 01:30:00+00:00,70,4.625,15.11,,220.0,267.0
MHJ45,2026-02-17 01:37:30+00:00,70,4.575,16.02,,240.0,265.0
AL945,2026-02-17 01:37:30+00:00,0,4.500,14.53,,222.5,
MHJ45,2026-02-17 01:45:00+00:00,90,5.350,15.94,,242.5,317.3
AL945,2026-02-17 01:45:00+00:00,0,4.250,13.31,,225.0,
MHJ45,2026-02-17 01:52:30+00:00,90,5.175,15.90,,245.0,300.9
AL945,2026-02-17 01:52:30+00:00,0,4.100,12.87,,232.5,
MHJ45,2026-02-17 02:00:00+00:00,90,5.050,15.70,,247.5,310.7
AL945,2026-02-17 02:00:00+00:00,0,4.000,11.91,,247.5,
AL945,2026-02-17 02:07:30+00:00,90,3.950,11.67,,255.0,313.3
MHJ45,2026-02-17 02:07:30+00:00,60,4.875,15.14,,250.0,300.6
AL945,2026-02-17 02:15:00+00:00,90,3.700,11.37,,257.5,313.4
MHJ45,2026-02-17 02:15:00+00:00,90,4.900,14.39,,252.5,323.1
AL945,2026-02-17 02:22:30+00:00,0,3.700,10.63,,260.0,
MHJ45,2026-02-17 02:22:30+00:00,80,4.750,14.27,,255.0,310.1
AL945,2026-02-17 02:30:00+00:00,90,3.675,10.73,,277.5,333.4
MHJ45,2026-02-17 02:30:00+00:00,90,4.675,13.58,,262.5,319.2
MHJ45,2026-02-17 02:37:30+00:00,90,4.725,13.45,,267.5,338.5
AL945,2026-02-17 02:37:30+00:00,80,3.650,10.52,,287.5,326.9
MHJ45,2026-02-17 02:45:00+00:00,80,4.775,13.57,,287.5,343.5
AL945,2026-02-17 02:45:00+00:00,90,3.725,11.18,,287.5,323.3
MHJ45,2026-02-17 02:52:30+00:00,90,4.750,13.50,,272.5,340.3
AL945,2026-02-17 02:52:30+00:00,90,3.650,11.18,,285.0,311.4
AL945,2026-02-17 03:00:00+00:00,90,3.775,11.08,,280.0,324.1
MHJ45,2026-02-17 03:00:00+00:00,90,4.750,13.60,,272.5,342.3
AL945,2026-02-17 03:07:30+00:00,90,3.800,11.03,,272.5,324.9
MHJ45,2026-02-17 03:07:30+00:00,80,4.825,13.96,,270.0,337.8
MHJ45,2026-02-17 03:15:00+00:00,80,4.575,13.75,,267.5,319.1
AL945,2026-02-17 03:15:00+00:00,90,3.675,11.14,,272.5,307.1
AL945,2026-02-17 03:22:30+00:00,90,3.825,11.14,,272.5,330.0
MHJ45,2026-02-17 03:22:30+00:00,80,4.550,13.68,,270.0,317.6
AL945,2026-02-17 03:30:00+00:00,90,3.900,11.36,,272.5,330.6
MHJ45,2026-02-17 03:30:00+00:00,90,4.550,13.75,,262.5,312.2
AL945,2026-02-17 03:37:30+00:00,0,3.950,11.42,,265.0,
MHJ45,2026-02-17 03:37:30+00:00,90,4.625,13.52,,260.0,329.5
AL945,2026-02-17 03:45:00+00:00,90,3.825,11.33,,265.0,326.3
MHJ45,2026-02-17 03:45:00+00:00,90,4.500,13.27,,257.5,311.9
AL945,2026-02-17 03:52:30+00:00,90,3.850,11.42,,272.5,330.8
MHJ45,2026-02-17 03:52:30+00:00,90,4.525,13.26,,260.0,324.5
MHJ45,2026-02-17 04:00:00+00:00,80,4.450,12.69,,270.0,331.6
AL945,2026-02-17 04:00:00+00:00,90,3.775,11.13,,267.5,316.8
AL945,2026-02-17 04:07:30+00:00,70,3.775,11.04,,270.0,330.4
MHJ45,2026-02-17 04:07:30+00:00,0,4.425,12.80,,277.5,
AL945,2026-02-17 04:15:00+00:00,90,3.675,10.87,,270.0,324.9
MHJ45,2026-02-17 04:15:00+00:00,40,3.650,12.22,,272.5,285.2
MHJ45,2026-02-17 04:22:30+00:00,80,4.325,12.74,,297.5,353.9
AL945,2026-02-17 04:22:30+00:00,90,3.600,10.70,,275.0,322.7
MHJ45,2026-02-17 04:30:00+00:00,70,4.125,12.73,,285.0,309.4
AL945,2026-02-17 04:30:00+00:00,40,3.825,10.82,,287.5,355.9
MHJ45,2026-02-17 04:37:30+00:00,80,4.375,12.57,,285.0,346.8
AL945,2026-02-17 04:37:30+00:00,80,3.925,11.58,,277.5,324.2
MHJ45,2026-02-17 04:45:00+00:00,20,2.875,10.25,,270.0,266.9
AL945,2026-02-17 04:45:00+00:00,80,3.525,11.38,,267.5,292.3
MHJ45,2026-02-17 04:52:30+00:00,40,3.300,11.43,,275.0,277.7
AL945,2026-02-17 04:52:30+00:00,60,3.650,10.89,,275.0,326.0
MHJ45,2026-02-17 05:00:00+00:00,60,4.125,12.91,,272.5,307.0
AL945,2026-02-17 05:00:00+00:00,80,3.975,11.41,,280.0,330.4
MHJ45,2026-02-17 05:07:30+00:00,80,4.275,12.52,,280.0,326.2
AL945,2026-02-17 05:07:30+00:00,80,3.825,11.77,,280.0,304.7
AL945,2026-02-17 05:15:00+00:00,80,3.950,11.80,,265.0,311.8
MHJ45,2026-02-17 05:15:00+00:00,40,3.175,11.12,,280.0,274.4
AL945,2026-02-17 05:22:30+00:00,0,3.875,11.21,,265.0,
MHJ45,2026-02-17 05:22:30+00:00,40,3.325,12.10,,267.5,268.8
MHJ45,2026-02-17 05:30:00+00:00,20,3.250,11.56,,262.5,266.3
AL945,2026-02-17 05:30:00+00:00,90,3.725,11.05,,262.5,319.3
MHJ45,2026-02-17 05:37:30+00:00,70,3.825,11.80,,255.0,296.8
AL945,2026-02-17 05:37:30+00:00,90,3.625,10.85,,265.0,314.7
MHJ45,2026-02-17 05:45:00+00:00,70,3.525,11.51,,255.0,283.6
AL945,2026-02-17 05:45:00+00:00,80,3.625,10.95,,265.0,305.3
MHJ45,2026-02-17 05:52:30+00:00,40,2.800,9.81,,267.5,265.5
AL945,2026-02-17 05:52:30+00:00,80,3.525,10.49,,270.0,316.4
MHJ45,2026-02-17 06:00:00+00:00,70,3.450,10.62,,262.5,306.4
AL945,2026-02-17 06:00:00+00:00,60,3.400,10.10,,277.5,316.9
MHJ45,2026-02-17 06:07:30+00:00,80,3.375,10.66,,270.0,298.0
AL945,2026-02-17 06:07:30+00:00,80,3.400,9.99,,292.5,322.9
AL945,2026-02-17 06:15:00+00:00,70,3.250,10.01,,287.5,309.5
MHJ45,2026-02-17 06:15:00+00:00,60,3.325,9.93,,272.5,320.2
MHJ45,2026-02-17 06:22:30+00:00,70,3.250,10.22,,280.0,303.8
AL945,2026-02-17 06:22:30+00:00,70,3.225,10.10,,295.0,300.1
MHJ45,2026-02-17 06:30:00+00:00,70,3.525,11.03,,280.0,305.6
AL945,2026-02-17 06:30:00+00:00,70,3.250,9.73,,287.5,318.8
MHJ45,2026-02-17 06:37:30+00:00,60,3.625,11.13,,280.0,311.0
AL945,2026-02-17 06:37:30+00:00,70,3.275,9.93,,292.5,315.8
MHJ45,2026-02-17 06:45:00+00:00,70,3.625,11.04,,275.0,309.4
AL945,2026-02-17 06:45:00+00:00,70,3.075,9.39,,292.5,314.4
AL945,2026-02-17 06:52:30+00:00,60,2.950,9.31,,287.5,298.6
MHJ45,2026-02-17 06:52:30+00:00,70,3.625,11.19,,277.5,312.9
MHJ45,2026-02-17 07:00:00+00:00,70,3.650,10.95,,282.5,318.4
AL945,2026-02-17 07:00:00+00:00,50,2.950,8.58,,297.5,339.7
MHJ45,2026-02-17 07:07:30+00:00,60,3.325,10.67,,280.0,298.5
AL945,2026-02-17 07:07:30+00:00,70,2.875,8.94,,307.5,306.0
MHJ45,2026-02-17 07:15:00+00:00,60,3.500,10.59,,282.5,319.8
AL945,2026-02-17 07:15:00+00:00,70,2.825,8.70,,297.5,308.7
AL945,2026-02-17 07:22:30+00:00,70,2.750,8.30,,317.5,312.8
MHJ45,2026-02-17 07:22:30+00:00,70,3.575,10.76,,282.5,321.0
MHJ45,2026-02-17 07:30:00+00:00,40,3.325,10.45,,287.5,307.1
AL945,2026-02-17 07:30:00+00:00,70,2.875,8.88,,300.0,305.8
MHJ45,2026-02-17 07:37:30+00:00,60,3.550,10.56,,287.5,321.4
AL945,2026-02-17 07:37:30+00:00,70,2.850,8.50,,305.0,321.9
MHJ45,2026-02-17 07:45:00+00:00,60,3.150,9.98,,295.0,308.7
AL945,2026-02-17 07:45:00+00:00,40,2.650,8.64,,302.5,294.1
AL945,2026-02-17 07:52:30+00:00,60,2.800,8.73,,305.0,301.4
MHJ45,2026-02-17 07:52:30+00:00,40,3.200,9.49,,300.0,324.5
MHJ45,2026-02-17 08:00:00+00:00,70,3.550,10.45,,300.0,324.4
AL945,2026-02-17 08:00:00+00:00,70,2.750,8.77,,300.0,295.8
AL945,2026-02-17 08:07:30+00:00,70,2.600,8.53,,302.5,289.2
MHJ45,2026-02-17 08:07:30+00:00,60,3.300,10.46,,292.5,306.2
MHJ45,2026-02-17 08:15:00+00:00,40,2.925,9.76,,282.5,283.4
AL945,2026-02-17 08:15:00+00:00,60,2.950,8.52,,300.0,338.3
MHJ45,2026-02-17 08:22:30+00:00,70,3.750,11.47,,272.5,314.2
AL945,2026-02-17 08:22:30+00:00,70,2.750,8.45,,317.5,309.2
MHJ45,2026-02-17 08:30:00+00:00,70,3.200,10.94,,265.0,275.5
AL945,2026-02-17 08:30:00+00:00,70,2.575,7.83,,307.5,308.9
MHJ45,2026-02-17 08:37:30+00:00,70,3.275,10.44,,262.5,289.7
AL945,2026-02-17 08:37:30+00:00,70,2.550,7.56,,342.5,320.8
MHJ45,2026-02-17 08:45:00+00:00,40,3.125,10.35,,267.5,281.9
AL945,2026-02-17 08:45:00+00:00,70,2.475,7.28,,327.5,325.2
MHJ45,2026-02-17 08:52:30+00:00,60,3.225,10.10,,270.0,297.4
AL945,2026-02-17 09:00:00+00:00,70,2.400,6.71,,382.5,345.5
MHJ45,2026-02-17 09:00:00+00:00,70,3.200,10.47,,277.5,292.9
AL945,2026-02-17 09:07:30+00:00,70,2.250,6.46,,392.5,330.1
MHJ45,2026-02-17 09:07:30+00:00,60,3.175,8.53,,272.5,355.8
AL945,2026-02-17 09:15:00+00:00,70,2.500,6.34,,425.0,382.3
MHJ45,2026-02-17 09:15:00+00:00,40,2.725,7.96,,330.0,329.6
AL945,2026-02-17 09:22:30+00:00,70,2.150,6.38,,397.5,306.8
MHJ45,2026-02-17 09:22:30+00:00,70,2.975,8.08,,367.5,368.0
AL945,2026-02-17 09:30:00+00:00,70,2.225,5.30,,567.5,387.5
MHJ45,2026-02-17 09:30:00+00:00,60,2.650,7.76,,385.0,342.2
MHJ45,2026-02-17 09:37:30+00:00,70,2.325,7.59,,312.5,286.1
AL945,2026-02-17 09:37:30+00:00,60,2.250,6.23,,447.5,351.8
MHJ45,2026-02-17 09:45:00+00:00,60,2.575,7.41,,367.5,336.6
AL945,2026-02-17 09:45:00+00:00,70,2.175,5.49,,487.5,369.6
MHJ45,2026-02-17 09:52:30+00:00,20,2.325,7.50,,317.5,300.7
AL945,2026-02-17 09:52:30+00:00,90,2.275,5.66,,512.5,386.3
AL945,2026-02-17 10:00:00+00:00,90,2.350,6.01,,460.0,375.2
MHJ45,2026-02-17 10:07:30+00:00,50,2.450,6.58,,445.0,398.5
AL945,2026-02-17 10:07:30+00:00,40,2.200,5.54,,484.6,380.6
MHJ45,2026-02-17 10:15:00+00:00,70,2.650,6.45,,390.0,423.3
AL945,2026-02-17 10:15:00+00:00,65,2.150,4.65,,675.0,432.9
AL945,2026-02-17 10:22:30+00:00,60,2.150,5.69,,490.0,346.6
MHJ45,2026-02-17 10:22:30+00:00,20,2.475,6.11,,490.0,426.1
MHJ45,2026-02-17 10:30:00+00:00,70,2.700,7.22,,402.5,369.2
MHJ45,2026-02-17 10:37:30+00:00,70,2.425,6.86,,367.5,340.5
MHJ45,2026-02-17 10:45:00+00:00,40,2.350,6.92,,370.0,307.1
MHJ45,2026-02-17 10:52:30+00:00,40,2.401,6.99,,385.0,285.2
MHJ45,2026-02-17 11:00:00+00:00,60,2.925,8.11,,327.5,342.2
MHJ45,2026-02-17 11:07:30+00:00,70,2.625,8.06,,292.5,288.9
MHJ45,2026-02-17 11:15:00+00:00,70,2.975,9.02,,275.0,308.7
MHJ45,2026-02-17 11:22:30+00:00,70,3.288,10.69,,275.0,272.6
AL945,2026-02-17 11:22:30+00:00,90,2.125,5.43,,525.0,341.9
MHJ45,2026-02-17 11:30:00+00:00,80,3.750,12.06,,252.5,278.4
MHJ45,2026-02-17 11:37:30+00:00,70,4.350,14.06,,242.5,265.5
AL945,2026-02-17 11:37:30+00:00,90,2.200,4.84,,657.5,410.2
MHJ45,2026-02-17 11:45:00+00:00,70,4.900,16.02,,237.5,256.9
MHJ45,2026-02-17 11:52:30+00:00,40,5.250,18.88,,235.0,234.5
AL945,2026-02-17 11:52:30+00:00,60,2.400,6.70,,412.5,320.7
AL945,2026-02-17 12:00:00+00:00,60,2.525,8.04,,313.8,272.4
MHJ45,2026-02-17 12:00:00+00:00,90,5.875,20.88,,227.5,234.8
MHJ45,2026-02-17 12:07:30+00:00,70,6.325,22.57,,222.5,234.9
AL945,2026-02-17 12:07:30+00:00,40,2.775,9.22,,275.0,257.6
AL945,2026-02-17 12:15:00+00:00,70,3.250,11.10,,247.5,249.3
MHJ45,2026-02-17 12:15:00+00:00,70,6.700,23.89,,222.5,239.7
MHJ45,2026-02-17 12:22:30+00:00,70,7.075,25.36,,220.0,233.1
AL945,2026-02-17 12:22:30+00:00,70,3.575,12.80,,237.5,235.2
MHJ45,2026-02-17 12:30:00+00:00,70,7.325,26.75,2.05,217.5,229.5
AL945,2026-02-17 12:30:00+00:00,80,4.263,14.93,,270.0,237.5
AL945,2026-02-17 12:37:30+00:00,90,4.700,16.70,,225.0,236.3
MHJ45,2026-02-17 12:37:30+00:00,70,7.400,27.09,2.13,212.5,227.7
AL945,2026-02-17 12:45:00+00:00,90,5.175,18.40,,220.0,230.3
MHJ45,2026-02-17 12:45:00+00:00,70,7.425,26.46,2.33,210.0,227.5
MHJ45,2026-02-17 12:52:30+00:00,70,7.575,27.15,2.22,212.5,226.4
AL945,2026-02-17 12:52:30+00:00,90,5.463,19.84,,262.5,231.0
MHJ45,2026-02-17 13:00:00+00:00,70,7.582,27.69,2.53,210.0,219.2
AL945,2026-02-17 13:00:00+00:00,90,5.700,21.03,,212.5,223.0
AL945,2026-02-17 13:07:30+00:00,80,6.013,21.01,2.05,217.5,226.2
MHJ45,2026-02-17 13:07:30+00:00,70,7.400,27.05,2.53,210.0,218.1
MHJ45,2026-02-17 13:15:00+00:00,70,7.250,26.24,2.55,205.0,219.9
AL945,2026-02-17 13:15:00+00:00,90,6.282,22.27,2.15,217.5,224.1
MHJ45,2026-02-17 13:22:30+00:00,70,7.325,26.22,2.53,200.0,221.0
AL945,2026-02-17 13:22:30+00:00,40,5.625,22.59,2.17,212.5,196.8
AL945,2026-02-17 13:30:00+00:00,20,5.788,22.62,2.17,200.0,201.3
MHJ45,2026-02-17 13:30:00+00:00,70,7.579,26.39,2.53,215.0,234.5
MHJ45,2026-02-17 13:37:30+00:00,70,7.838,26.84,2.53,298.8,216.3
AL945,2026-02-17 13:37:30+00:00,90,6.850,24.75,2.25,217.5,222.2
AL945,2026-02-17 13:45:00+00:00,90,6.900,24.91,2.30,215.0,219.0
MHJ45,2026-02-17 13:45:00+00:00,90,7.750,27.22,2.75,200.0,226.4
MHJ45,2026-02-17 13:52:30+00:00,80,7.863,27.00,2.85,200.0,226.4
AL945,2026-02-17 13:52:30+00:00,70,6.800,23.90,2.35,210.0,227.7
MHJ45,2026-02-17 14:00:00+00:00,70,8.000,27.05,2.78,192.5,240.0
AL945,2026-02-17 14:00:00+00:00,20,7.025,25.13,2.35,210.0,219.4
AL945,2026-02-17 14:07:30+00:00,90,7.125,25.32,2.47,207.5,227.2
MHJ45,2026-02-17 14:07:30+00:00,70,8.207,28.12,2.92,192.5,232.2
AL945,2026-02-17 14:15:00+00:00,90,7.038,24.73,2.63,290.0,223.6
MHJ45,2026-02-17 14:15:00+00:00,60,7.302,28.42,2.97,195.0,203.5
AL945,2026-02-17 14:22:30+00:00,90,7.379,25.98,2.70,205.0,225.2
MHJ45,2026-02-17 14:22:30+00:00,80,8.475,28.86,3.00,195.0,234.6
MHJ45,2026-02-17 14:30:00+00:00,70,8.788,29.91,3.03,227.5,237.3
AL945,2026-02-17 14:30:00+00:00,90,7.750,27.19,2.63,205.0,229.9
AL945,2026-02-17 14:37:30+00:00,90,7.813,27.46,2.72,207.5,227.4
MHJ45,2026-02-17 14:37:30+00:00,60,9.075,31.25,3.05,225.0,232.5
MHJ45,2026-02-17 14:45:00+00:00,70,9.125,31.40,3.08,197.5,241.9
AL945,2026-02-17 14:45:00+00:00,60,7.863,27.18,2.78,202.5,230.4
AL945,2026-02-17 14:52:30+00:00,80,8.000,28.03,2.80,200.0,226.7
MHJ45,2026-02-17 14:52:30+00:00,75,9.075,31.10,3.10,200.0,237.7
MHJ45,2026-02-17 15:00:00+00:00,50,9.257,32.01,3.08,230.0,234.1
AL945,2026-02-17 15:00:00+00:00,90,8.125,28.59,2.83,205.0,228.2
MHJ45,2026-02-17 15:07:30+00:00,70,9.100,31.67,3.15,195.0,233.3
AL945,2026-02-17 15:07:30+00:00,90,8.213,28.08,2.80,230.0,236.4
AL945,2026-02-17 15:15:00+00:00,80,8.213,29.08,2.85,225.0,224.3
MHJ45,2026-02-17 15:15:00+00:00,70,9.150,31.15,3.13,200.0,244.4
MHJ45,2026-02-17 15:22:30+00:00,70,9.175,31.52,3.10,200.0,232.1
AL945,2026-02-17 15:22:30+00:00,90,8.225,28.84,2.83,202.5,231.1
MHJ45,2026-02-17 15:30:00+00:00,70,9.300,32.26,3.05,215.0,236.1
AL945,2026-02-17 15:30:00+00:00,90,8.125,27.99,2.88,195.0,231.3
MHJ45,2026-02-17 15:37:30+00:00,75,9.100,31.03,3.08,202.5,241.7
AL945,2026-02-17 15:37:30+00:00,80,8.175,27.83,2.80,187.5,231.6
MHJ45,2026-02-17 15:45:00+00:00,70,9.150,30.50,3.10,200.0,242.0
AL945,2026-02-17 15:45:00+00:00,80,8.388,28.91,2.85,237.5,236.0
MHJ45,2026-02-17 15:52:30+00:00,40,8.000,29.92,3.13,197.5,210.3
AL945,2026-02-17 15:52:30+00:00,80,8.275,28.73,2.83,190.0,228.8
AL945,2026-02-17 16:00:00+00:00,65,8.350,28.96,2.92,201.3,227.9
MHJ45,2026-02-17 16:00:00+00:00,70,9.100,31.86,3.15,192.5,229.7
MHJ45,2026-02-17 16:07:30+00:00,70,8.825,31.05,3.17,185.0,227.8
AL945,2026-02-17 16:07:30+00:00,90,8.100,28.03,3.03,187.5,225.5
MHJ45,2026-02-17 16:15:00+00:00,70,8.625,29.30,3.15,217.5,236.9
AL945,2026-02-17 16:15:00+00:00,70,7.788,27.76,2.88,252.5,218.8
MHJ45,2026-02-17 16:22:30+00:00,60,8.475,28.22,3.13,207.5,237.6
AL945,2026-02-17 16:22:30+00:00,85,8.313,28.14,3.00,147.5,233.5
MHJ45,2026-02-17 16:30:00+00:00,90,8.457,28.41,3.17,235.0,232.8
AL945,2026-02-17 16:30:00+00:00,80,8.350,28.10,3.03,197.5,242.0
AL945,2026-02-17 16:37:30+00:00,60,8.300,27.86,3.10,187.5,238.2
MHJ45,2026-02-17 16:37:30+00:00,70,8.500,28.06,3.13,195.0,245.9
MHJ45,2026-02-17 16:45:00+00:00,90,8.500,27.41,3.08,217.5,245.9
AL945,2026-02-17 16:45:00+00:00,95,8.275,27.60,3.05,192.5,240.5
MHJ45,2026-02-17 16:52:30+00:00,90,8.650,28.57,3.15,215.0,245.9
AL945,2026-02-17 16:52:30+00:00,65,8.275,27.50,3.15,192.5,239.4
AL945,2026-02-17 17:00:00+00:00,85,8.438,27.53,3.20,217.5,247.7
MHJ45,2026-02-17 17:00:00+00:00,50,8.813,29.00,3.08,242.5,249.0
MHJ45,2026-02-17 17:07:30+00:00,90,8.775,29.19,3.05,227.5,239.9
AL945,2026-02-17 17:07:30+00:00,65,8.363,28.12,3.25,205.0,234.3
MHJ45,2026-02-17 17:15:00+00:00,60,9.113,29.70,3.08,260.0,247.5
AL945,2026-02-17 17:15:00+00:00,60,8.375,28.39,2.97,205.0,233.3
MHJ45,2026-02-17 17:22:30+00:00,40,8.625,30.06,3.13,207.5,228.7
AL945,2026-02-17 17:22:30+00:00,60,8.800,29.18,3.05,207.5,241.2
AL945,2026-02-17 17:30:00+00:00,40,8.425,29.30,3.03,202.5,227.9
MHJ45,2026-02-17 17:30:00+00:00,70,9.125,30.02,3.20,207.5,256.2
AL945,2026-02-17 17:37:30+00:00,70,8.350,28.33,2.85,212.5,230.5
MHJ45,2026-02-17 17:37:30+00:00,60,9.113,30.01,3.00,237.5,249.3
AL945,2026-02-17 17:45:00+00:00,80,8.350,27.05,3.05,212.5,248.4
MHJ45,2026-02-17 17:45:00+00:00,70,8.875,28.78,3.25,212.5,251.0
AL945,2026-02-17 17:52:30+00:00,75,8.025,27.00,3.28,220.0,227.7
MHJ45,2026-02-17 17:52:30+00:00,90,9.200,29.18,3.22,225.0,254.3
AL945,2026-02-17 18:00:00+00:00,90,8.263,28.14,3.25,200.0,233.7
MHJ45,2026-02-17 18:00:00+00:00,60,9.325,29.79,3.13,220.0,253.9
AL945,2026-02-17 18:07:30+00:00,75,8.838,29.09,3.05,280.0,246.4
MHJ45,2026-02-17 18:07:30+00:00,70,9.250,31.04,3.15,217.5,241.4
MHJ45,2026-02-17 18:15:00+00:00,50,9.175,30.12,3.13,217.5,253.8
AL945,2026-02-17 18:15:00+00:00,60,7.675,28.45,3.05,202.5,215.7
MHJ45,2026-02-17 18:22:30+00:00,70,9.150,29.83,3.00,210.0,254.9
AL945,2026-02-17 18:22:30+00:00,40,8.157,29.69,2.78,230.0,223.5
AL945,2026-02-17 18:30:00+00:00,80,9.025,29.49,2.83,195.0,247.6
MHJ45,2026-02-17 18:30:00+00:00,70,9.150,30.20,3.10,212.5,251.9
MHJ45,2026-02-17 18:37:30+00:00,60,9.000,29.93,3.00,210.0,243.7
AL945,2026-02-17 18:37:30+00:00,65,8.650,29.37,2.97,207.5,235.9
AL945,2026-02-17 18:45:00+00:00,70,7.900,28.55,3.03,215.0,218.7
MHJ45,2026-02-17 18:45:00+00:00,40,8.775,28.64,2.95,212.5,249.6
MHJ45,2026-02-17 18:52:30+00:00,90,8.775,27.75,2.92,225.0,255.0
AL945,2026-02-17 18:52:30+00:00,80,8.375,28.17,2.85,210.0,233.0
MHJ45,2026-02-17 19:00:00+00:00,80,9.125,29.03,2.97,220.0,253.5
AL945,2026-02-17 19:00:00+00:00,40,8.351,29.05,3.20,212.5,230.5
AL945,2026-02-17 19:07:30+00:00,65,9.000,29.18,3.17,207.5,250.5
MHJ45,2026-02-17 19:07:30+00:00,90,9.275,29.66,3.10,225.0,258.8
MHJ45,2026-02-17 19:15:00+00:00,60,9.288,30.40,3.08,325.0,233.4
AL945,2026-02-17 19:15:00+00:00,80,8.913,28.60,3.17,351.3,232.5
MHJ45,2026-02-17 19:22:30+00:00,40,8.350,30.77,3.03,245.0,210.5
AL945,2026-02-17 19:22:30+00:00,40,8.413,29.40,3.08,237.5,231.1
AL945,2026-02-17 19:30:00+00:00,65,9.213,29.66,3.17,225.0,249.7
MHJ45,2026-02-17 19:30:00+00:00,70,9.175,29.71,2.95,210.0,263.7
MHJ45,2026-02-17 19:37:30+00:00,40,9.138,29.91,2.85,340.0,235.8
AL945,2026-02-17 19:37:30+00:00,40,8.550,29.58,3.10,200.0,231.0
MHJ45,2026-02-17 19:45:00+00:00,0,9.175,30.31,2.83,322.5,
AL945,2026-02-17 19:45:00+00:00,80,8.438,29.01,3.05,217.5,230.6
AL945,2026-02-17 19:52:30+00:00,85,9.125,29.85,3.10,202.5,247.6
MHJ45,2026-02-17 19:52:30+00:00,40,8.150,31.11,2.83,212.5,218.3
AL945,2026-02-17 20:00:00+00:00,80,9.138,29.75,3.08,197.5,249.9
MHJ45,2026-02-17 20:00:00+00:00,50,9.075,30.29,,222.5,250.8
AL945,2026-02-17 20:07:30+00:00,65,9.163,29.50,3.05,197.5,252.7
MHJ45,2026-02-17 20:07:30+00:00,50,8.800,29.14,2.70,225.0,246.4
AL945,2026-02-17 20:15:00+00:00,85,9.113,29.09,3.03,225.0,257.1
MHJ45,2026-02-17 20:15:00+00:00,90,8.813,29.02,2.63,250.0,249.1
AL945,2026-02-17 20:22:30+00:00,65,8.713,28.62,3.00,147.5,242.6
MHJ45,2026-02-17 20:22:30+00:00,70,9.075,29.63,2.55,222.5,250.5
MHJ45,2026-02-17 20:30:00+00:00,90,8.888,30.12,2.53,262.5,249.9
AL945,2026-02-17 20:30:00+00:00,65,9.050,28.97,2.83,210.0,253.5
MHJ45,2026-02-17 20:37:30+00:00,40,6.888,26.95,2.50,140.0,204.8
AL945,2026-02-17 20:37:30+00:00,65,9.038,29.18,2.88,215.0,256.5
AL945,2026-02-17 20:45:00+00:00,20,8.638,28.88,2.88,215.0,241.3
MHJ45,2026-02-17 20:45:00+00:00,70,8.738,29.13,2.58,307.5,228.9
MHJ45,2026-02-17 20:52:30+00:00,90,8.700,28.55,2.38,217.5,259.4
AL945,2026-02-17 20:52:30+00:00,80,9.075,29.27,2.83,220.0,250.0
MHJ45,2026-02-17 21:00:00+00:00,90,8.625,28.88,2.53,227.5,247.1
AL945,2026-02-17 21:00:00+00:00,60,9.100,30.34,2.75,215.0,246.4
MHJ45,2026-02-17 21:07:30+00:00,70,8.757,28.55,2.40,290.0,255.3
AL945,2026-02-17 21:07:30+00:00,60,9.213,29.55,2.67,212.5,259.3
AL945,2026-02-17 21:15:00+00:00,80,9.263,30.75,2.65,230.0,250.5
MHJ45,2026-02-17 21:15:00+00:00,60,8.825,29.05,2.22,230.0,253.1
AL945,2026-02-17 21:22:30+00:00,60,9.188,30.11,2.67,225.0,248.4
MHJ45,2026-02-17 21:22:30+00:00,70,8.600,29.31,2.35,222.5,242.3
MHJ45,2026-02-17 21:30:00+00:00,70,8.738,29.13,2.22,227.5,250.4
AL945,2026-02-17 21:30:00+00:00,60,9.113,30.00,2.58,215.0,246.2
MHJ45,2026-02-17 21:37:30+00:00,90,8.725,30.12,2.05,222.5,250.1
AL945,2026-02-17 21:37:30+00:00,60,8.963,29.25,2.47,222.5,250.7
AL945,2026-02-17 21:45:00+00:00,80,8.900,30.63,2.38,222.5,241.1
MHJ45,2026-02-17 21:45:00+00:00,60,8.713,28.91,,227.5,257.8
AL945,2026-02-17 21:52:30+00:00,90,8.663,29.00,2.30,222.5,242.4
MHJ45,2026-02-17 21:52:30+00:00,70,8.350,27.92,,212.5,261.7
MHJ45,2026-02-17 22:00:00+00:00,60,8.275,27.86,,212.5,263.0
AL945,2026-02-17 22:00:00+00:00,75,8.700,29.31,2.22,220.0,245.0
MHJ45,2026-02-17 22:07:30+00:00,70,8.200,27.27,,215.0,259.3
AL945,2026-02-17 22:07:30+00:00,40,8.450,29.35,2.22,217.5,236.0
MHJ45,2026-02-17 22:15:00+00:00,50,7.925,26.43,,212.5,247.8
AL945,2026-02-17 22:15:00+00:00,70,8.675,29.11,2.03,217.5,248.4
AL945,2026-02-17 22:22:30+00:00,40,7.975,28.96,,215.0,232.2
MHJ45,2026-02-17 22:22:30+00:00,70,7.975,25.93,,210.0,270.7
MHJ45,2026-02-17 22:30:00+00:00,40,7.750,25.41,,210.0,259.1
AL945,2026-02-17 22:30:00+00:00,20,8.125,29.37,,217.5,235.3
AL945,2026-02-17 22:37:30+00:00,60,8.200,29.50,,220.0,236.9
MHJ45,2026-02-17 22:37:30+00:00,70,7.925,25.27,,217.5,273.0
MHJ45,2026-02-17 22:45:00+00:00,60,7.725,25.14,,217.5,266.2
AL945,2026-02-17 22:45:00+00:00,40,8.225,29.45,,215.0,236.2
MHJ45,2026-02-17 22:52:30+00:00,70,7.650,25.44,,207.5,266.7
AL945,2026-02-17 22:52:30+00:00,60,8.350,28.68,,212.5,245.3
MHJ45,2026-02-17 23:00:00+00:00,50,6.875,24.39,,230.0,256.2
AL945,2026-02-17 23:00:00+00:00,90,8.425,28.23,,212.5,256.3
AL945,2026-02-17 23:07:30+00:00,70,8.275,27.44,,210.0,251.9
MHJ45,2026-02-17 23:07:30+00:00,40,6.750,22.71,,220.0,263.8
AL945,2026-02-17 23:15:00+00:00,80,8.325,27.84,,210.0,258.2
MHJ45,2026-02-17 23:15:00+00:00,50,6.300,22.91,,222.5,252.0
AL945,2026-02-17 23:22:30+00:00,90,8.275,27.82,,212.5,265.8
MHJ45,2026-02-17 23:22:30+00:00,40,6.650,24.10,,247.5,258.9
MHJ45,2026-02-17 23:30:00+00:00,70,7.825,25.32,,225.0,288.6
AL945,2026-02-17 23:30:00+00:00,90,8.125,27.03,,210.0,261.6
AL945,2026-02-17 23:37:30+00:00,90,7.825,26.38,,207.5,254.1
MHJ45,2026-02-17 23:37:30+00:00,50,7.775,25.60,,225.0,290.6
AL945,2026-02-17 23:45:00+00:00,80,7.875,25.80,,207.5,264.9
MHJ45,2026-02-17 23:45:00+00:00,20,4.625,18.71,,220.0,224.9
AL945,2026-02-17 23:52:30+00:00,90,7.625,25.17,,207.5,269.5
MHJ45,2026-02-17 23:52:30+00:00,0,12.675,30.45,,222.5,
AL945,2026-02-18 00:00:00+00:00,70,7.375,24.28,,207.5,268.9
MHJ45,2026-02-18 00:00:00+00:00,0,12.400,30.03,,212.5,
AL945,2026-02-18 00:07:30+00:00,70,7.250,23.94,,207.5,273.0
MHJ45,2026-02-18 00:07:30+00:00,20,6.975,23.47,,222.5,265.2
MHJ45,2026-02-18 00:15:00+00:00,60,6.725,22.79,,222.5,264.3
AL945,2026-02-18 00:15:00+00:00,70,7.050,23.74,,210.0,265.3
AL945,2026-02-18 00:22:30+00:00,70,6.975,22.90,,212.5,269.5
MHJ45,2026-02-18 00:22:30+00:00,50,6.450,21.16,,215.0,266.1
AL945,2026-02-18 00:30:00+00:00,70,6.850,22.29,,215.0,278.3
MHJ45,2026-02-18 00:30:00+00:00,50,6.425,21.07,,215.0,273.1
MHJ45,2026-02-18 00:37:30+00:00,70,6.300,20.37,,220.0,283.4
AL945,2026-02-18 00:37:30+00:00,70,6.600,21.89,,217.5,266.5
MHJ45,2026-02-18 00:45:00+00:00,20,5.525,19.60,,227.5,259.6
AL945,2026-02-18 00:45:00+00:00,70,6.275,22.11,,217.5,252.6
MHJ45,2026-02-18 00:52:30+00:00,70,5.850,18.80,,230.0,284.2
AL945,2026-02-18 00:52:30+00:00,40,6.300,22.03,,217.5,260.0
MHJ45,2026-02-18 01:00:00+00:00,60,5.800,18.61,,235.0,283.2
AL945,2026-02-18 01:00:00+00:00,0,6.175,19.25,,217.5,
AL945,2026-02-18 01:07:30+00:00,70,6.100,20.50,,225.0,274.2
MHJ45,2026-02-18 01:07:30+00:00,50,5.675,17.95,,235.0,294.9
AL945,2026-02-18 01:15:00+00:00,80,6.050,19.77,,222.5,280.0
MHJ45,2026-02-18 01:15:00+00:00,60,5.950,18.25,,240.0,299.6
AL945,2026-02-18 01:22:30+00:00,20,5.975,18.98,,222.5,284.4
MHJ45,2026-02-18 01:22:30+00:00,40,4.775,17.01,,235.0,259.6
AL945,2026-02-18 01:30:00+00:00,40,5.100,18.78,,222.5,246.8
MHJ45,2026-02-18 01:30:00+00:00,70,5.475,17.48,,232.5,290.4
MHJ45,2026-02-18 01:37:30+00:00,70,5.325,17.55,,232.5,279.4
AL945,2026-02-18 01:37:30+00:00,90,5.775,18.47,,222.5,284.0
AL945,2026-02-18 01:45:00+00:00,90,5.700,18.54,,222.5,286.8
MHJ45,2026-02-18 01:45:00+00:00,60,5.375,17.17,,230.0,292.3
AL945,2026-02-18 01:52:30+00:00,80,5.650,17.91,,225.0,282.9
MHJ45,2026-02-18 01:52:30+00:00,70,5.300,16.97,,232.5,293.9
AL945,2026-02-18 02:00:00+00:00,90,5.375,17.90,,227.5,267.7
MHJ45,2026-02-18 02:00:00+00:00,60,5.200,16.63,,230.0,285.9
MHJ45,2026-02-18 02:07:30+00:00,70,5.100,16.26,,235.0,287.8
AL945,2026-02-18 02:07:30+00:00,90,5.300,16.65,,230.0,292.3
MHJ45,2026-02-18 02:15:00+00:00,70,5.150,15.89,,237.5,302.8
AL945,2026-02-18 02:15:00+00:00,90,5.150,16.45,,230.0,282.0
MHJ45,2026-02-18 02:22:30+00:00,70,4.950,15.83,,242.5,284.1
AL945,2026-02-18 02:22:30+00:00,80,4.950,16.20,,232.5,277.2
MHJ45,2026-02-18 02:30:00+00:00,80,4.750,15.30,,245.0,291.8
AL945,2026-02-18 02:30:00+00:00,90,4.825,15.28,,237.5,296.5
MHJ45,2026-02-18 02:37:30+00:00,80,4.750,14.42,,250.0,305.7
AL945,2026-02-18 02:37:30+00:00,60,5.050,15.27,,240.0,293.4
MHJ45,2026-02-18 02:45:00+00:00,70,4.725,14.22,,255.0,306.3
AL945,2026-02-18 02:45:00+00:00,60,4.750,14.60,,242.5,306.4
MHJ45,2026-02-18 02:52:30+00:00,80,4.525,13.50,,262.5,310.8
AL945,2026-02-18 02:52:30+00:00,90,4.700,14.54,,245.0,294.0
MHJ45,2026-02-18 03:00:00+00:00,70,4.600,13.55,,262.5,325.6
AL945,2026-02-18 03:00:00+00:00,60,4.750,14.50,,252.5,307.4
AL945,2026-02-18 03:07:30+00:00,90,4.750,15.02,,265.0,303.0
MHJ45,2026-02-18 03:07:30+00:00,80,4.450,13.38,,257.5,317.7
MHJ45,2026-02-18 03:15:00+00:00,40,4.075,13.15,,270.0,293.3
AL945,2026-02-18 03:15:00+00:00,90,4.600,14.39,,252.5,296.5
MHJ45,2026-02-18 03:22:30+00:00,60,4.325,13.73,,257.5,298.7
AL945,2026-02-18 03:22:30+00:00,80,4.700,14.37,,252.5,305.0
MHJ45,2026-02-18 03:30:00+00:00,80,4.400,13.10,,252.5,310.1
AL945,2026-02-18 03:30:00+00:00,90,4.600,14.26,,252.5,307.6
MHJ45,2026-02-18 03:37:30+00:00,80,4.400,12.94,,255.0,318.6
AL945,2026-02-18 03:37:30+00:00,80,4.625,14.66,,252.5,297.0
AL945,2026-02-18 03:45:00+00:00,80,4.725,14.98,,252.5,294.2
MHJ45,2026-02-18 03:45:00+00:00,90,4.400,12.99,,260.0,324.4
MHJ45,2026-02-18 03:52:30+00:00,60,4.250,12.85,,257.5,307.8
AL945,2026-02-18 03:52:30+00:00,80,4.650,14.22,,252.5,313.0
MHJ45,2026-02-18 04:00:00+00:00,80,4.325,12.66,,272.5,335.5
AL945,2026-02-18 04:00:00+00:00,40,3.275,11.82,,260.0,260.7
MHJ45,2026-02-18 04:07:30+00:00,80,4.125,12.70,,275.0,309.6
AL945,2026-02-18 04:07:30+00:00,70,4.500,14.01,,267.5,300.4
MHJ45,2026-02-18 04:15:00+00:00,80,4.175,12.32,,285.0,334.6
AL945,2026-02-18 04:15:00+00:00,50,4.425,13.94,,257.5,301.1
AL945,2026-02-18 04:22:30+00:00,70,4.425,13.12,,257.5,315.2
MHJ45,2026-02-18 04:22:30+00:00,80,4.125,12.13,,267.5,331.3
AL945,2026-02-18 04:30:00+00:00,70,4.500,14.03,,252.5,299.9
MHJ45,2026-02-18 04:30:00+00:00,80,4.100,12.05,,280.0,332.7
AL945,2026-02-18 04:37:30+00:00,70,4.525,13.55,,255.0,313.0
MHJ45,2026-02-18 04:37:30+00:00,80,3.925,11.93,,272.5,307.1
AL945,2026-02-18 04:45:00+00:00,60,4.475,14.40,,262.5,298.9
MHJ45,2026-02-18 04:45:00+00:00,60,4.025,11.85,,270.0,334.4
MHJ45,2026-02-18 04:52:30+00:00,80,3.925,11.69,,280.0,322.5
AL945,2026-02-18 04:52:30+00:00,0,4.200,12.58,,255.0,
MHJ45,2026-02-18 05:00:00+00:00,80,3.900,11.52,,272.5,324.7
AL945,2026-02-18 05:00:00+00:00,70,3.925,12.54,,262.5,293.1
MHJ45,2026-02-18 05:07:30+00:00,70,3.850,10.78,,295.0,357.2
AL945,2026-02-18 05:07:30+00:00,40,3.975,11.52,,262.5,315.9
MHJ45,2026-02-18 05:15:00+00:00,80,3.725,11.56,,320.0,313.0
AL945,2026-02-18 05:15:00+00:00,70,3.675,11.65,,275.0,299.3
MHJ45,2026-02-18 05:22:30+00:00,70,3.900,11.04,,300.0,339.5
AL945,2026-02-18 05:22:30+00:00,50,3.550,11.60,,282.5,289.7
AL945,2026-02-18 05:30:00+00:00,70,3.875,11.48,,275.0,316.6
MHJ45,2026-02-18 05:30:00+00:00,80,3.975,11.73,,292.5,330.5
MHJ45,2026-02-18 05:37:30+00:00,80,3.675,10.61,,297.5,342.0
AL945,2026-02-18 05:37:30+00:00,70,3.550,10.75,,272.5,321.6
MHJ45,2026-02-18 05:45:00+00:00,70,3.675,10.73,,312.5,335.1
AL945,2026-02-18 05:45:00+00:00,70,3.600,10.73,,280.0,319.2
AL945,2026-02-18 05:52:30+00:00,70,3.375,10.14,,287.5,314.0
MHJ45,2026-02-18 05:52:30+00:00,80,3.600,10.37,,300.0,337.9
AL945,2026-02-18 06:00:00+00:00,70,3.375,9.48,,295.0,342.9
MHJ45,2026-02-18 06:00:00+00:00,80,3.625,9.78,,315.0,376.4
AL945,2026-02-18 06:07:30+00:00,70,3.225,9.19,,310.0,332.5
MHJ45,2026-02-18 06:07:30+00:00,80,3.550,9.62,,322.5,367.5
MHJ45,2026-02-18 06:15:00+00:00,70,3.700,9.19,,327.5,401.6
AL945,2026-02-18 06:15:00+00:00,70,3.325,9.30,,325.0,350.8
MHJ45,2026-02-18 06:22:30+00:00,70,3.175,9.46,,330.0,332.8
AL945,2026-02-18 06:22:30+00:00,70,3.425,9.33,,310.0,356.9
MHJ45,2026-02-18 06:30:00+00:00,70,3.250,8.83,,335.0,365.6
AL945,2026-02-18 06:30:00+00:00,70,3.400,9.47,,312.5,346.6
MHJ45,2026-02-18 06:37:30+00:00,50,3.275,9.67,,332.5,347.6
AL945,2026-02-18 06:37:30+00:00,70,3.400,9.75,,317.5,335.5
MHJ45,2026-02-18 06:45:00+00:00,40,3.200,9.05,,330.0,343.1
AL945,2026-02-18 06:45:00+00:00,70,3.125,9.10,,320.0,331.9
MHJ45,2026-02-18 06:52:30+00:00,80,3.600,10.27,,330.0,354.8
AL945,2026-02-18 06:52:30+00:00,70,3.425,9.79,,320.0,336.3
MHJ45,2026-02-18 07:00:00+00:00,20,3.325,9.25,,350.0,369.3
AL945,2026-02-18 07:00:00+00:00,40,2.825,9.19,,315.0,298.5
AL945,2026-02-18 07:07:30+00:00,70,3.425,9.48,,307.5,362.0
MHJ45,2026-02-18 07:07:30+00:00,70,3.375,9.59,,345.0,349.1
AL945,2026-02-18 07:15:00+00:00,70,3.375,9.21,,307.5,370.4
MHJ45,2026-02-18 07:15:00+00:00,20,3.250,9.64,,310.0,329.5
AL945,2026-02-18 07:22:30+00:00,70,3.450,9.77,,305.0,344.3
MHJ45,2026-02-18 07:22:30+00:00,60,3.750,10.35,,312.5,356.9
AL945,2026-02-18 07:30:00+00:00,70,3.350,9.53,,322.5,336.0
MHJ45,2026-02-18 07:30:00+00:00,70,3.475,9.61,,315.0,359.6
AL945,2026-02-18 07:37:30+00:00,70,3.425,9.61,,322.5,341.3
MHJ45,2026-02-18 07:37:30+00:00,40,3.525,10.60,,315.0,329.0
MHJ45,2026-02-18 07:45:00+00:00,70,3.725,10.38,,302.5,344.7
AL945,2026-02-18 07:45:00+00:00,40,3.225,9.36,,337.5,342.4
MHJ45,2026-02-18 07:52:30+00:00,70,3.600,10.84,,320.0,323.5
AL945,2026-02-18 07:52:30+00:00,70,3.100,9.31,,300.0,318.3
MHJ45,2026-02-18 08:00:00+00:00,70,3.700,11.12,,295.0,324.1
AL945,2026-02-18 08:00:00+00:00,70,3.175,9.44,,297.5,328.4
MHJ45,2026-02-18 08:07:30+00:00,60,3.550,10.92,,310.0,311.8
AL945,2026-02-18 08:07:30+00:00,0,3.000,9.17,,307.5,309.7
MHJ45,2026-02-18 08:15:00+00:00,60,3.725,11.18,,295.0,319.6
AL945,2026-02-18 08:15:00+00:00,60,3.125,9.41,,297.5,312.3
AL945,2026-02-18 08:22:30+00:00,70,3.050,9.27,,295.0,315.1
MHJ45,2026-02-18 08:22:30+00:00,50,3.600,11.12,,285.0,309.1
MHJ45,2026-02-18 08:30:00+00:00,70,3.875,11.35,,285.0,325.4
AL945,2026-02-18 08:30:00+00:00,70,3.275,9.27,,287.5,332.3
MHJ45,2026-02-18 08:37:30+00:00,80,3.800,11.70,,277.5,308.2
AL945,2026-02-18 08:37:30+00:00,70,3.025,9.77,,300.0,289.1
MHJ45,2026-02-18 08:45:00+00:00,80,3.725,11.72,,275.0,299.3
AL945,2026-02-18 08:45:00+00:00,60,3.150,9.98,,277.5,296.3
MHJ45,2026-02-18 08:52:30+00:00,80,3.775,11.88,,267.5,303.6
AL945,2026-02-18 08:52:30+00:00,70,3.200,9.77,,287.5,310.4
AL945,2026-02-18 09:00:00+00:00,60,3.050,9.23,,282.5,316.5
MHJ45,2026-02-18 09:00:00+00:00,80,3.775,11.86,,262.5,295.4
AL945,2026-02-18 09:07:30+00:00,60,2.825,9.14,,292.5,288.6
MHJ45,2026-02-18 09:07:30+00:00,70,3.575,11.31,,260.0,287.0
MHJ45,2026-02-18 09:15:00+00:00,80,3.725,11.74,,262.5,301.9
AL945,2026-02-18 09:15:00+00:00,70,3.025,9.28,,305.0,310.0
AL945,2026-02-18 09:22:30+00:00,60,2.875,9.13,,312.5,302.7
MHJ45,2026-02-18 09:22:30+00:00,80,3.650,11.67,,257.5,290.0
AL945,2026-02-18 09:30:00+00:00,70,3.150,9.39,,292.5,320.3
MHJ45,2026-02-18 09:30:00+00:00,80,3.800,11.86,,255.0,295.7
AL945,2026-02-18 09:37:30+00:00,40,2.850,8.94,,300.0,299.3
MHJ45,2026-02-18 09:37:30+00:00,80,3.600,11.25,,255.0,289.6
AL945,2026-02-18 09:45:00+00:00,70,3.025,8.80,,302.5,333.1
MHJ45,2026-02-18 09:45:00+00:00,70,3.475,11.00,,255.0,293.0
MHJ45,2026-02-18 09:52:30+00:00,90,3.425,11.11,,265.0,282.4
AL945,2026-02-18 09:52:30+00:00,60,3.025,9.00,,300.0,322.9
AL945,2026-02-18 10:00:00+00:00,60,3.000,9.16,,297.5,309.3
MHJ45,2026-02-18 10:00:00+00:00,0,3.500,10.87,,247.5,
MHJ45,2026-02-18 10:07:30+00:00,80,3.325,11.02,,250.0,275.7
AL945,2026-02-18 10:07:30+00:00,70,3.050,8.95,,310.0,325.3
AL945,2026-02-18 10:15:00+00:00,70,3.100,9.01,,295.0,329.0
MHJ45,2026-02-18 10:15:00+00:00,80,3.425,11.14,,267.5,282.2
AL945,2026-02-18 10:22:30+00:00,70,2.850,8.69,,295.0,304.7
MHJ45,2026-02-18 10:22:30+00:00,70,2.925,10.25,,242.5,254.0
AL945,2026-02-18 10:30:00+00:00,70,3.000,8.79,,290.0,325.5
MHJ45,2026-02-18 10:30:00+00:00,40,2.975,10.76,,242.5,251.1
MHJ45,2026-02-18 10:37:30+00:00,70,2.975,9.84,,247.5,277.9
AL945,2026-02-18 10:37:30+00:00,70,3.050,8.90,,282.5,336.6
MHJ45,2026-02-18 10:45:00+00:00,70,2.925,9.58,,247.5,280.7
AL945,2026-02-18 10:45:00+00:00,70,2.850,8.70,,280.0,304.1
AL945,2026-02-18 10:52:30+00:00,40,2.625,8.70,,277.5,275.6
MHJ45,2026-02-18 10:52:30+00:00,80,3.025,9.84,,247.5,272.7
MHJ45,2026-02-18 11:00:00+00:00,70,2.800,9.09,,252.5,268.3
AL945,2026-02-18 11:00:00+00:00,70,2.600,8.90,,275.0,264.1
MHJ45,2026-02-18 11:07:30+00:00,70,2.950,10.06,,247.5,255.7
AL945,2026-02-18 11:07:30+00:00,70,2.675,8.75,,280.0,279.6
AL945,2026-02-18 11:15:00+00:00,70,2.450,8.43,,277.5,262.0
MHJ45,2026-02-18 11:15:00+00:00,60,3.488,11.51,,300.0,256.1
AL945,2026-02-18 11:22:30+00:00,60,2.400,8.19,,272.5,267.9
MHJ45,2026-02-18 11:22:30+00:00,60,3.650,11.80,,222.5,270.2
MHJ45,2026-02-18 11:30:00+00:00,70,4.125,13.60,,220.0,247.6
AL945,2026-02-18 11:30:00+00:00,80,2.400,7.79,,280.0,280.4
AL945,2026-02-18 11:37:30+00:00,70,2.400,7.61,,292.5,290.3
MHJ45,2026-02-18 11:37:30+00:00,60,4.600,15.79,,225.0,245.4
AL945,2026-02-18 11:45:00+00:00,40,2.650,8.00,,315.0,298.3
MHJ45,2026-02-18 11:45:00+00:00,70,4.700,16.25,,205.0,250.3
MHJ45,2026-02-18 11:52:30+00:00,70,5.125,18.41,,215.0,226.2
AL945,2026-02-18 11:52:30+00:00,70,2.600,8.00,,310.0,294.7
AL945,2026-02-18 12:00:00+00:00,70,2.800,9.10,,270.0,268.0
MHJ45,2026-02-18 12:00:00+00:00,70,5.425,20.25,,207.5,218.8
MHJ45,2026-02-18 12:07:30+00:00,40,5.750,19.53,,205.0,246.0
AL945,2026-02-18 12:07:30+00:00,70,3.100,10.56,,247.5,252.9
MHJ45,2026-02-18 12:15:00+00:00,70,6.050,21.63,,222.5,228.8
AL945,2026-02-18 12:15:00+00:00,70,3.450,11.43,,237.5,250.8
MHJ45,2026-02-18 12:22:30+00:00,60,6.450,22.50,2.13,217.5,220.4
AL945,2026-02-18 12:22:30+00:00,35,4.125,14.41,,232.5,242.8
AL945,2026-02-18 12:30:00+00:00,60,4.250,14.74,,220.0,238.5
MHJ45,2026-02-18 12:30:00+00:00,70,6.800,24.30,2.03,215.0,224.8
AL945,2026-02-18 12:37:30+00:00,90,4.800,16.05,,220.0,254.1
MHJ45,2026-02-18 12:37:30+00:00,70,6.975,25.46,2.17,217.5,221.1
MHJ45,2026-02-18 12:45:00+00:00,70,7.125,25.70,2.20,212.5,221.2
AL945,2026-02-18 12:45:00+00:00,70,5.175,17.46,,215.0,258.0
MHJ45,2026-02-18 12:52:30+00:00,70,7.175,25.28,2.15,217.5,231.2
AL945,2026-02-18 12:52:30+00:00,70,5.450,18.50,,220.0,244.2
AL945,2026-02-18 13:00:00+00:00,70,5.838,19.80,2.05,220.0,244.0
MHJ45,2026-02-18 13:00:00+00:00,90,7.557,27.13,2.53,220.0,222.4
AL945,2026-02-18 13:07:30+00:00,80,6.175,21.41,,222.5,245.6
MHJ45,2026-02-18 13:07:30+00:00,70,7.650,26.84,,215.0,232.7
AL945,2026-02-18 13:15:00+00:00,70,6.550,22.99,,220.0,236.7
MHJ45,2026-02-18 13:15:00+00:00,90,7.875,27.47,2.45,205.0,233.8
MHJ45,2026-02-18 13:22:30+00:00,90,8.025,28.13,,217.5,229.5
AL945,2026-02-18 13:22:30+00:00,75,6.950,24.40,2.22,220.0,236.6
AL945,2026-02-18 13:30:00+00:00,90,7.038,25.07,2.40,220.0,227.3
MHJ45,2026-02-18 13:30:00+00:00,70,7.875,27.40,2.63,215.0,233.0
AL945,2026-02-18 13:37:30+00:00,90,7.163,25.58,2.25,217.5,224.6
MHJ45,2026-02-18 13:37:30+00:00,70,8.225,28.08,2.63,200.0,243.5
MHJ45,2026-02-18 13:45:00+00:00,40,8.475,28.78,2.58,220.0,239.3
AL945,2026-02-18 13:45:00+00:00,90,7.275,24.74,2.40,220.0,236.2
MHJ45,2026-02-18 13:52:30+00:00,70,8.425,28.91,2.67,205.0,240.1
AL945,2026-02-18 13:52:30+00:00,90,7.279,25.64,2.45,215.0,228.3
AL945,2026-02-18 14:00:00+00:00,90,7.288,25.39,2.55,212.5,228.5
MHJ45,2026-02-18 14:00:00+00:00,70,8.700,30.02,2.63,187.5,233.9
AL945,2026-02-18 14:07:30+00:00,80,7.532,25.93,2.60,217.5,232.3
MHJ45,2026-02-18 14:07:30+00:00,70,8.750,29.77,2.55,215.0,243.1
MHJ45,2026-02-18 14:15:00+00:00,60,9.125,31.54,,237.5,234.4
AL945,2026-02-18 14:15:00+00:00,90,7.813,27.10,2.65,205.0,234.9
MHJ45,2026-02-18 14:22:30+00:00,70,9.175,30.84,2.92,225.0,243.3
AL945,2026-02-18 14:22:30+00:00,90,7.907,27.98,2.70,295.0,214.0
MHJ45,2026-02-18 14:30:00+00:00,70,9.325,30.93,2.90,222.5,240.6
AL945,2026-02-18 14:30:00+00:00,60,8.238,28.08,2.75,222.5,235.3
MHJ45,2026-02-18 14:37:30+00:00,70,9.575,32.70,,225.0,242.9
AL945,2026-02-18 14:37:30+00:00,90,8.413,29.48,2.83,215.0,227.3
MHJ45,2026-02-18 14:45:00+00:00,70,9.788,33.49,,230.0,241.4
AL945,2026-02-18 14:45:00+00:00,80,8.275,29.15,2.78,210.0,224.5
MHJ45,2026-02-18 14:52:30+00:00,70,9.675,33.01,,217.5,247.1
AL945,2026-02-18 14:52:30+00:00,90,8.438,28.87,2.85,217.5,234.4
AL945,2026-02-18 15:00:00+00:00,80,8.688,29.62,2.88,197.5,232.6
MHJ45,2026-02-18 15:00:00+00:00,70,9.600,32.21,,227.5,248.8
AL945,2026-02-18 15:07:30+00:00,80,8.888,30.03,2.88,235.0,235.7
MHJ45,2026-02-18 15:07:30+00:00,70,9.575,32.14,3.08,212.5,243.2
MHJ45,2026-02-18 15:15:00+00:00,70,9.650,31.95,3.05,222.5,245.4
AL945,2026-02-18 15:15:00+00:00,60,8.907,30.77,2.88,225.0,232.9
MHJ45,2026-02-18 15:22:30+00:00,70,9.575,31.53,,220.0,244.3
AL945,2026-02-18 15:22:30+00:00,85,9.075,30.94,2.88,195.0,238.0
MHJ45,2026-02-18 15:30:00+00:00,70,9.825,32.25,,212.5,255.2
AL945,2026-02-18 15:30:00+00:00,85,9.050,30.37,2.85,200.8,236.7
MHJ45,2026-02-18 15:37:30+00:00,70,10.025,34.15,,200.0,246.2
AL945,2026-02-18 15:37:30+00:00,80,9.188,30.51,3.00,207.5,242.1
MHJ45,2026-02-18 15:45:00+00:00,70,9.850,34.27,,235.0,235.1
AL945,2026-02-18 15:45:00+00:00,85,9.213,30.95,3.03,202.5,238.2
MHJ45,2026-02-18 15:52:30+00:00,60,9.600,32.55,,230.0,242.4
AL945,2026-02-18 15:52:30+00:00,60,8.738,30.30,3.10,207.5,225.0
AL945,2026-02-18 16:00:00+00:00,65,9.400,31.50,3.03,197.5,241.1
MHJ45,2026-02-18 16:00:00+00:00,70,9.575,32.36,,230.0,246.5
MHJ45,2026-02-18 16:07:30+00:00,70,9.500,30.32,,217.5,252.0
AL945,2026-02-18 16:07:30+00:00,65,8.613,31.52,3.00,235.0,221.6
AL945,2026-02-18 16:15:00+00:00,85,9.350,30.05,3.10,187.5,249.1
MHJ45,2026-02-18 16:15:00+00:00,50,9.675,31.84,,212.5,249.9
MHJ45,2026-02-18 16:22:30+00:00,70,9.725,31.58,,215.0,263.6
AL945,2026-02-18 16:22:30+00:00,85,9.388,31.62,3.10,190.0,237.5
MHJ45,2026-02-18 16:30:00+00:00,90,9.713,30.86,3.25,235.0,254.5
AL945,2026-02-18 16:30:00+00:00,75,9.425,31.24,3.10,197.5,243.9
MHJ45,2026-02-18 16:37:30+00:00,50,9.900,31.40,,235.0,256.2
AL945,2026-02-18 16:37:30+00:00,95,9.525,31.54,3.08,205.0,246.1
MHJ45,2026-02-18 16:45:00+00:00,70,10.175,32.44,3.22,215.0,266.2
AL945,2026-02-18 16:45:00+00:00,45,9.713,31.47,3.20,207.5,246.2
AL945,2026-02-18 16:52:30+00:00,75,9.788,32.52,3.25,195.0,245.4
MHJ45,2026-02-18 16:52:30+00:00,70,10.338,32.75,,237.5,257.4
AL945,2026-02-18 17:00:00+00:00,0,10.675,32.01,3.25,562.5,
MHJ45,2026-02-18 17:00:00+00:00,60,10.450,33.95,,230.0,262.6
AL945,2026-02-18 17:07:30+00:00,70,9.675,31.10,3.25,212.5,254.0
MHJ45,2026-02-18 17:07:30+00:00,90,10.650,35.52,2.78,215.0,251.3
AL945,2026-02-18 17:15:00+00:00,80,9.988,32.58,3.20,197.5,253.4
MHJ45,2026-02-18 17:15:00+00:00,70,10.613,35.28,2.58,252.5,255.4
MHJ45,2026-02-18 17:22:30+00:00,90,10.450,33.97,3.22,240.0,253.9
AL945,2026-02-18 17:22:30+00:00,85,9.913,32.30,3.20,197.5,246.6
AL945,2026-02-18 17:30:00+00:00,95,9.738,32.37,3.22,202.5,242.4
MHJ45,2026-02-18 17:30:00+00:00,90,10.625,34.76,,197.5,256.0
MHJ45,2026-02-18 17:37:30+00:00,70,10.600,35.44,,245.0,245.9
AL945,2026-02-18 17:37:30+00:00,90,9.650,31.63,3.03,197.5,248.2
AL945,2026-02-18 17:45:00+00:00,75,9.450,31.72,3.20,205.0,238.3
MHJ45,2026-02-18 17:45:00+00:00,70,10.325,33.90,3.17,227.5,248.9
AL945,2026-02-18 17:52:30+00:00,60,10.013,32.58,3.20,142.5,250.7
MHJ45,2026-02-18 17:52:30+00:00,40,10.400,35.73,,202.5,241.8
MHJ45,2026-02-18 18:00:00+00:00,70,10.300,34.88,,242.5,248.3
AL945,2026-02-18 18:00:00+00:00,65,9.938,32.16,3.28,242.5,251.1
AL945,2026-02-18 18:07:30+00:00,45,9.838,31.87,3.20,215.0,248.0
MHJ45,2026-02-18 18:07:30+00:00,60,10.225,33.86,3.08,230.0,245.0
AL945,2026-02-18 18:15:00+00:00,75,9.638,31.20,3.28,212.5,253.3
MHJ45,2026-02-18 18:15:00+00:00,70,9.850,33.24,3.22,230.0,240.2
AL945,2026-02-18 18:22:30+00:00,40,9.838,31.10,3.28,207.5,257.2
MHJ45,2026-02-18 18:22:30+00:00,60,9.500,31.01,3.10,222.5,245.6
AL945,2026-02-18 18:30:00+00:00,65,9.788,31.42,3.28,205.0,250.2
MHJ45,2026-02-18 18:30:00+00:00,60,9.300,28.89,3.25,220.0,257.6
AL945,2026-02-18 18:37:30+00:00,65,9.613,31.36,3.25,205.0,245.5
MHJ45,2026-02-18 18:37:30+00:00,50,9.563,31.04,3.10,300.0,254.7
MHJ45,2026-02-18 18:45:00+00:00,70,9.325,30.81,,247.5,243.5
AL945,2026-02-18 18:45:00+00:00,45,9.888,31.66,3.25,210.0,253.3
MHJ45,2026-02-18 18:52:30+00:00,60,9.363,29.61,,255.0,264.9
AL945,2026-02-18 18:52:30+00:00,75,9.688,31.83,3.25,205.0,246.1
MHJ45,2026-02-18 19:00:00+00:00,40,8.600,29.72,3.17,212.5,237.5
AL945,2026-02-18 19:00:00+00:00,50,8.838,31.89,3.20,207.5,223.7
MHJ45,2026-02-18 19:07:30+00:00,70,9.675,31.33,3.15,222.5,257.7
AL945,2026-02-18 19:07:30+00:00,95,9.750,31.79,3.20,212.5,250.8
AL945,2026-02-18 19:15:00+00:00,85,9.982,31.77,3.15,212.5,267.5
MHJ45,2026-02-18 19:15:00+00:00,70,9.681,31.53,3.00,232.5,259.5
MHJ45,2026-02-18 19:22:30+00:00,70,9.725,32.58,3.10,222.5,248.6
AL945,2026-02-18 19:22:30+00:00,90,9.750,31.20,3.08,210.0,261.8
MHJ45,2026-02-18 19:30:00+00:00,65,9.550,31.82,,240.0,245.6
AL945,2026-02-18 19:30:00+00:00,75,9.763,31.32,3.10,207.5,256.9
AL945,2026-02-18 19:37:30+00:00,85,9.763,31.32,3.05,212.5,256.3
MHJ45,2026-02-18 19:37:30+00:00,70,9.650,32.13,2.53,237.5,245.8
MHJ45,2026-02-18 19:45:00+00:00,70,9.625,31.74,3.00,242.5,242.7
AL945,2026-02-18 19:45:00+00:00,75,9.488,30.80,3.00,217.5,248.5
AL945,2026-02-18 19:52:30+00:00,65,9.575,30.87,2.97,215.0,252.4
MHJ45,2026-02-18 19:52:30+00:00,70,9.550,31.41,2.90,232.5,255.5
AL945,2026-02-18 20:00:00+00:00,65,9.325,31.17,2.88,217.5,242.8
MHJ45,2026-02-18 20:00:00+00:00,70,9.400,30.72,,230.0,252.6
AL945,2026-02-18 20:07:30+00:00,85,9.725,31.07,2.83,215.0,259.0
MHJ45,2026-02-18 20:07:30+00:00,70,9.500,30.72,2.78,217.5,257.5
AL945,2026-02-18 20:15:00+00:00,65,9.825,31.35,2.88,217.5,260.3
MHJ45,2026-02-18 20:15:00+00:00,70,9.575,31.99,2.85,215.0,253.5
MHJ45,2026-02-18 20:22:30+00:00,70,9.550,31.38,,225.0,259.2
AL945,2026-02-18 20:22:30+00:00,50,8.675,31.50,2.80,220.0,226.9
AL945,2026-02-18 20:30:00+00:00,95,9.738,31.75,2.95,215.0,250.3
MHJ45,2026-02-18 20:30:00+00:00,70,9.425,30.79,2.65,212.5,256.3
MHJ45,2026-02-18 20:37:30+00:00,40,8.750,31.37,,225.0,231.8
AL945,2026-02-18 20:37:30+00:00,45,10.788,31.98,2.85,210.0,312.4
AL945,2026-02-18 20:45:00+00:00,45,9.738,31.89,2.83,220.0,246.6
MHJ45,2026-02-18 20:45:00+00:00,70,9.438,30.83,2.53,225.0,255.1
MHJ45,2026-02-18 20:52:30+00:00,70,9.454,30.77,2.53,222.5,257.5
AL945,2026-02-18 20:52:30+00:00,65,9.725,30.63,2.72,217.5,258.4
MHJ45,2026-02-18 21:00:00+00:00,70,9.625,30.95,2.53,220.0,265.7
AL945,2026-02-18 21:00:00+00:00,95,9.838,32.14,2.72,210.0,255.9
AL945,2026-02-18 21:07:30+00:00,45,8.700,32.36,2.67,217.5,222.6
MHJ45,2026-02-18 21:07:30+00:00,70,9.725,32.26,2.47,225.0,254.5
AL945,2026-02-18 21:15:00+00:00,65,9.775,32.62,2.53,220.0,248.9
MHJ45,2026-02-18 21:15:00+00:00,60,9.825,32.60,2.33,227.5,262.9
AL945,2026-02-18 21:22:30+00:00,90,9.438,31.70,2.58,222.5,241.6
MHJ45,2026-02-18 21:22:30+00:00,70,9.725,34.04,2.17,225.0,244.4
AL945,2026-02-18 21:30:00+00:00,90,9.400,31.01,2.47,215.0,251.7
MHJ45,2026-02-18 21:30:00+00:00,70,9.613,33.10,2.15,220.0,243.3
AL945,2026-02-18 21:37:30+00:00,60,9.538,32.31,2.55,215.0,249.3
MHJ45,2026-02-18 21:37:30+00:00,60,9.238,32.38,2.25,212.5,238.5
MHJ45,2026-02-18 21:45:00+00:00,70,8.732,29.37,2.05,205.0,254.2
AL945,2026-02-18 21:45:00+00:00,65,9.388,30.97,2.47,220.0,247.4
AL945,2026-02-18 21:52:30+00:00,60,8.613,29.97,2.45,270.0,229.7
MHJ45,2026-02-18 21:52:30+00:00,80,8.750,28.68,,210.0,259.0
AL945,2026-02-18 22:00:00+00:00,60,7.950,29.38,2.33,215.0,226.4
MHJ45,2026-02-18 22:00:00+00:00,60,8.325,27.86,,202.5,244.7
MHJ45,2026-02-18 22:07:30+00:00,60,8.300,27.75,,202.5,254.8
AL945,2026-02-18 22:07:30+00:00,75,9.488,31.65,2.25,225.0,254.3
AL945,2026-02-18 22:15:00+00:00,85,8.650,32.30,2.05,222.5,230.2
MHJ45,2026-02-18 22:15:00+00:00,20,8.425,28.82,,212.5,247.9
AL945,2026-02-18 22:22:30+00:00,80,8.625,31.77,,217.5,230.4
MHJ45,2026-02-18 22:22:30+00:00,40,7.750,28.59,,210.0,230.4
AL945,2026-02-18 22:30:00+00:00,70,9.075,31.05,,212.5,248.7
MHJ45,2026-02-18 22:30:00+00:00,70,7.875,26.61,,202.5,252.1
AL945,2026-02-18 22:37:30+00:00,60,9.013,30.39,,220.0,247.4
MHJ45,2026-02-18 22:37:30+00:00,60,7.650,24.93,,200.0,266.8
MHJ45,2026-02-18 22:45:00+00:00,70,7.275,24.67,,205.0,253.0
AL945,2026-02-18 22:45:00+00:00,70,8.725,29.36,,205.0,250.6
MHJ45,2026-02-18 22:52:30+00:00,40,7.200,23.31,,215.0,272.3
AL945,2026-02-18 22:52:30+00:00,40,8.625,29.37,,205.0,247.0
MHJ45,2026-02-18 23:00:00+00:00,70,7.275,22.47,,210.0,298.0
AL945,2026-02-18 23:00:00+00:00,65,8.125,28.41,,205.0,235.3
AL945,2026-02-18 23:07:30+00:00,60,8.150,26.77,,200.0,258.2
MHJ45,2026-02-18 23:07:30+00:00,70,7.075,22.34,,210.0,271.9
MHJ45,2026-02-18 23:15:00+00:00,0,7.050,21.92,,212.5,
AL945,2026-02-18 23:15:00+00:00,80,8.050,26.61,,205.0,260.2
AL945,2026-02-18 23:22:30+00:00,40,6.975,25.54,,205.0,236.0
MHJ45,2026-02-18 23:22:30+00:00,60,6.950,22.23,,217.5,277.1
MHJ45,2026-02-18 23:30:00+00:00,70,6.900,22.91,,225.0,273.9
AL945,2026-02-18 23:30:00+00:00,60,7.550,25.48,,207.5,255.5
MHJ45,2026-02-18 23:37:30+00:00,40,6.650,22.42,,215.0,264.8
AL945,2026-02-18 23:37:30+00:00,40,7.600,24.75,,210.0,270.7
MHJ45,2026-02-18 23:45:00+00:00,40,5.900,21.76,,215.0,246.3
AL945,2026-02-18 23:45:00+00:00,60,7.375,25.26,,215.0,258.6
AL945,2026-02-18 23:52:30+00:00,50,6.775,23.55,,217.5,252.6
MHJ45,2026-02-18 23:52:30+00:00,70,6.750,21.33,,222.5,291.6
AL945,2026-02-19 00:00:00+00:00,70,7.350,23.78,,220.0,268.2
MHJ45,2026-02-19 00:00:00+00:00,60,6.475,22.12,,225.0,265.3
AL945,2026-02-19 00:07:30+00:00,80,7.400,23.92,,217.5,278.2
MHJ45,2026-02-19 00:07:30+00:00,0,6.525,20.54,,217.5,
AL945,2026-02-19 00:15:00+00:00,70,7.275,23.43,,217.5,274.7
MHJ45,2026-02-19 00:15:00+00:00,20,4.950,18.59,,225.0,245.6
AL945,2026-02-19 00:22:30+00:00,90,7.175,23.62,,220.0,270.1
MHJ45,2026-02-19 00:22:30+00:00,70,6.325,20.20,,225.0,289.3
MHJ45,2026-02-19 00:30:00+00:00,60,6.325,19.86,,227.5,291.1
AL945,2026-02-19 00:30:00+00:00,40,6.625,23.89,,222.5,250.0
AL945,2026-02-19 00:37:30+00:00,60,6.975,23.18,,217.5,269.7
MHJ45,2026-02-19 00:37:30+00:00,70,6.250,20.20,,225.0,285.8
AL945,2026-02-19 00:45:00+00:00,80,6.850,22.56,,215.0,264.3
MHJ45,2026-02-19 00:45:00+00:00,70,5.875,19.69,,225.0,269.7
AL945,2026-02-19 00:52:30+00:00,90,6.650,21.80,,212.5,276.8
MHJ45,2026-02-19 00:52:30+00:00,70,5.775,18.64,,222.5,273.8
AL945,2026-02-19 01:00:00+00:00,70,6.550,21.40,,217.5,270.2
MHJ45,2026-02-19 01:00:00+00:00,60,5.775,17.75,,227.5,283.8
AL945,2026-02-19 01:07:30+00:00,90,6.350,20.89,,215.0,274.1
MHJ45,2026-02-19 01:07:30+00:00,70,5.300,17.59,,222.5,271.2
AL945,2026-02-19 01:15:00+00:00,70,6.125,20.06,,217.5,276.1
MHJ45,2026-02-19 01:15:00+00:00,20,4.050,15.49,,222.5,235.2
MHJ45,2026-02-19 01:22:30+00:00,80,5.125,16.55,,225.0,283.0
AL945,2026-02-19 01:22:30+00:00,90,5.850,19.34,,215.0,268.4
MHJ45,2026-02-19 01:30:00+00:00,60,5.050,15.46,,235.0,294.4
AL945,2026-02-19 01:30:00+00:00,90,5.775,18.42,,220.0,278.3
MHJ45,2026-02-19 01:37:30+00:00,70,4.925,15.31,,242.5,291.6
AL945,2026-02-19 01:37:30+00:00,90,5.625,17.86,,220.0,283.6
AL945,2026-02-19 01:45:00+00:00,0,5.600,17.41,,225.0,
MHJ45,2026-02-19 01:45:00+00:00,40,4.550,15.39,,245.0,274.8
MHJ45,2026-02-19 01:52:30+00:00,80,4.900,15.06,,245.0,313.2
AL945,2026-02-19 01:52:30+00:00,0,5.400,17.19,,225.0,
AL945,2026-02-19 02:00:00+00:00,0,5.300,16.12,,232.5,
MHJ45,2026-02-19 02:00:00+00:00,90,4.925,15.32,,252.5,302.2
AL945,2026-02-19 02:07:30+00:00,90,5.325,16.38,,240.0,304.8
MHJ45,2026-02-19 02:07:30+00:00,70,4.750,14.53,,255.0,300.7
MHJ45,2026-02-19 02:15:00+00:00,70,4.775,14.32,,252.5,322.3
AL945,2026-02-19 02:15:00+00:00,90,5.175,16.48,,240.0,292.3
MHJ45,2026-02-19 02:22:30+00:00,60,4.750,14.45,,255.0,315.6
AL945,2026-02-19 02:22:30+00:00,90,4.975,15.69,,235.0,289.3
AL945,2026-02-19 02:30:00+00:00,90,4.900,15.72,,242.5,294.4
MHJ45,2026-02-19 02:30:00+00:00,40,4.750,14.26,,260.0,318.9
AL945,2026-02-19 02:37:30+00:00,90,4.950,15.12,,245.0,310.6
MHJ45,2026-02-19 02:37:30+00:00,70,4.850,15.32,,265.0,307.2
MHJ45,2026-02-19 02:45:00+00:00,60,4.850,14.98,,275.0,312.3
AL945,2026-02-19 02:45:00+00:00,90,4.750,15.08,,247.5,297.0
AL945,2026-02-19 02:52:30+00:00,90,4.925,15.06,,250.0,315.1
MHJ45,2026-02-19 02:52:30+00:00,70,4.775,14.56,,277.5,323.0
AL945,2026-02-19 03:00:00+00:00,60,4.550,14.96,,245.0,277.8
MHJ45,2026-02-19 03:00:00+00:00,70,4.675,15.00,,270.0,300.4
AL945,2026-02-19 03:07:30+00:00,80,4.625,14.98,,247.5,291.6
MHJ45,2026-02-19 03:07:30+00:00,70,4.900,15.55,,262.5,300.9
AL945,2026-02-19 03:15:00+00:00,90,4.500,14.68,,240.0,285.0
MHJ45,2026-02-19 03:15:00+00:00,80,4.950,15.39,,265.0,305.9
AL945,2026-02-19 03:22:30+00:00,0,4.275,13.32,,240.0,
MHJ45,2026-02-19 03:22:30+00:00,80,4.825,15.36,,247.5,296.7
AL945,2026-02-19 03:30:00+00:00,0,4.150,12.31,,267.5,
MHJ45,2026-02-19 03:30:00+00:00,80,4.775,14.46,,250.0,302.9
MHJ45,2026-02-19 03:37:30+00:00,60,4.550,14.04,,250.0,294.4
AL945,2026-02-19 03:37:30+00:00,40,3.300,11.34,,260.0,273.5
MHJ45,2026-02-19 03:45:00+00:00,60,4.625,13.91,,252.5,316.6
AL945,2026-02-19 03:45:00+00:00,90,4.000,11.99,,267.5,311.0
AL945,2026-02-19 03:52:30+00:00,90,3.975,11.93,,267.5,311.0
MHJ45,2026-02-19 03:52:30+00:00,40,4.375,13.74,,257.5,303.1
MHJ45,2026-02-19 04:00:00+00:00,60,4.625,13.57,,260.0,316.6
AL945,2026-02-19 04:00:00+00:00,90,3.975,11.48,,272.5,340.8
MHJ45,2026-02-19 04:07:30+00:00,70,4.050,13.24,,262.5,290.3
AL945,2026-02-19 04:07:30+00:00,70,3.950,11.27,,277.5,327.3
AL945,2026-02-19 04:15:00+00:00,80,4.050,11.47,,277.5,340.4
MHJ45,2026-02-19 04:15:00+00:00,60,4.100,12.85,,267.5,303.1
MHJ45,2026-02-19 04:22:30+00:00,60,4.300,12.63,,272.5,323.5
AL945,2026-02-19 04:22:30+00:00,90,3.925,11.70,,277.5,324.0
MHJ45,2026-02-19 04:30:00+00:00,0,4.150,11.65,,275.0,
AL945,2026-02-19 04:30:00+00:00,90,3.825,11.14,,277.5,321.0
MHJ45,2026-02-19 04:37:30+00:00,60,4.100,12.32,,282.5,321.9
AL945,2026-02-19 04:37:30+00:00,40,3.125,10.61,,290.0,283.7
MHJ45,2026-02-19 04:45:00+00:00,80,4.275,12.40,,277.5,334.8
AL945,2026-02-19 04:45:00+00:00,45,3.850,11.42,,290.0,322.5
MHJ45,2026-02-19 04:52:30+00:00,60,4.250,12.13,,282.5,336.5
AL945,2026-02-19 04:52:30+00:00,70,3.925,11.14,,277.5,340.5
AL945,2026-02-19 05:00:00+00:00,80,3.775,11.07,,277.5,334.9
MHJ45,2026-02-19 05:00:00+00:00,70,4.175,11.92,,292.5,340.8
MHJ45,2026-02-19 05:07:30+00:00,70,4.075,11.99,,295.0,328.8
AL945,2026-02-19 05:07:30+00:00,65,3.775,10.85,,295.0,336.2
AL945,2026-02-19 05:15:00+00:00,65,3.750,10.89,,290.0,334.1
MHJ45,2026-02-19 05:15:00+00:00,70,4.225,11.64,,300.0,355.2
AL945,2026-02-19 05:22:30+00:00,70,3.675,10.60,,285.0,328.0
MHJ45,2026-02-19 05:22:30+00:00,70,4.175,11.93,,292.5,352.1
MHJ45,2026-02-19 05:30:00+00:00,70,4.075,12.12,,287.5,325.2
AL945,2026-02-19 05:30:00+00:00,60,3.750,10.90,,287.5,335.6
AL945,2026-02-19 05:37:30+00:00,70,3.525,10.43,,285.0,332.2
MHJ45,2026-02-19 05:37:30+00:00,70,3.850,11.32,,287.5,321.8
AL945,2026-02-19 05:45:00+00:00,40,2.825,9.26,,305.0,295.9
MHJ45,2026-02-19 05:45:00+00:00,40,3.550,10.92,,302.5,318.9
AL945,2026-02-19 05:52:30+00:00,70,4.125,11.65,,307.5,359.4
MHJ45,2026-02-19 05:52:30+00:00,50,3.750,10.60,,307.5,345.0
AL945,2026-02-19 06:00:00+00:00,60,3.475,10.61,,312.5,323.1
MHJ45,2026-02-19 06:00:00+00:00,70,3.875,10.71,,312.5,355.9
AL945,2026-02-19 06:07:30+00:00,20,2.950,9.52,,302.5,295.6
MHJ45,2026-02-19 06:07:30+00:00,45,3.875,10.80,,310.0,345.1
AL945,2026-02-19 06:15:00+00:00,40,2.975,9.72,,297.5,292.8
MHJ45,2026-02-19 06:15:00+00:00,45,3.800,11.14,,320.0,336.6
AL945,2026-02-19 06:22:30+00:00,40,3.475,10.57,,305.0,324.2
MHJ45,2026-02-19 06:22:30+00:00,70,3.850,11.23,,310.0,334.4
AL945,2026-02-19 06:30:00+00:00,60,3.925,10.49,,310.0,369.4
MHJ45,2026-02-19 06:30:00+00:00,40,3.700,11.03,,302.5,328.8
MHJ45,2026-02-19 06:37:30+00:00,60,3.900,11.13,,300.0,344.4
AL945,2026-02-19 06:37:30+00:00,20,3.000,9.28,,315.0,312.2
AL945,2026-02-19 06:45:00+00:00,70,3.675,11.16,,322.5,329.0
MHJ45,2026-02-19 06:45:00+00:00,70,3.775,11.09,,297.5,330.1
AL945,2026-02-19 06:52:30+00:00,70,3.075,9.55,,320.0,311.2
MHJ45,2026-02-19 06:52:30+00:00,60,3.900,11.04,,297.5,352.7
MHJ45,2026-02-19 07:00:00+00:00,60,3.475,10.57,,297.5,318.5
AL945,2026-02-19 07:00:00+00:00,40,2.800,8.88,,315.0,306.4
AL945,2026-02-19 07:07:30+00:00,40,2.950,9.18,,330.0,309.3
MHJ45,2026-02-19 07:07:30+00:00,40,3.075,10.05,,305.0,297.5
AL945,2026-02-19 07:15:00+00:00,70,3.375,9.71,,312.5,337.9
MHJ45,2026-02-19 07:15:00+00:00,40,3.400,10.74,,305.0,310.5
AL945,2026-02-19 07:22:30+00:00,70,3.375,9.61,,315.0,340.3
MHJ45,2026-02-19 07:22:30+00:00,40,3.425,10.95,,295.0,305.0
AL945,2026-02-19 07:30:00+00:00,70,2.950,9.30,,312.5,304.7
MHJ45,2026-02-19 07:30:00+00:00,70,3.850,11.50,,295.0,326.7
AL945,2026-02-19 07:37:30+00:00,70,3.225,9.83,,312.5,315.7
MHJ45,2026-02-19 07:37:30+00:00,70,4.150,11.68,,295.0,339.5
AL945,2026-02-19 07:45:00+00:00,70,3.550,10.15,,315.0,339.2
MHJ45,2026-02-19 07:45:00+00:00,70,4.325,12.45,,290.0,341.7
AL945,2026-02-19 07:52:30+00:00,70,3.200,9.94,,307.5,310.7
MHJ45,2026-02-19 07:52:30+00:00,70,4.400,12.97,,285.0,328.2
MHJ45,2026-02-19 08:00:00+00:00,70,4.250,12.81,,275.0,315.8
AL945,2026-02-19 08:00:00+00:00,70,3.425,10.22,,305.0,320.4
AL945,2026-02-19 08:07:30+00:00,70,3.375,10.37,,307.5,313.9
MHJ45,2026-02-19 08:07:30+00:00,70,4.200,12.94,,275.0,312.4
MHJ45,2026-02-19 08:15:00+00:00,70,4.150,12.89,,285.0,311.5
AL945,2026-02-19 08:15:00+00:00,70,3.175,9.86,,302.5,307.2
MHJ45,2026-02-19 08:22:30+00:00,70,4.100,12.35,,280.0,317.5
AL945,2026-02-19 08:22:30+00:00,20,2.925,9.52,,317.5,295.5
MHJ45,2026-02-19 08:30:00+00:00,70,4.125,12.18,,287.5,330.0
AL945,2026-02-19 08:30:00+00:00,70,3.000,9.53,,307.5,301.2
AL945,2026-02-19 08:37:30+00:00,70,2.900,9.43,,302.5,293.0
MHJ45,2026-02-19 08:37:30+00:00,70,4.325,12.17,,287.5,340.4
MHJ45,2026-02-19 08:45:00+00:00,70,4.225,12.32,,277.5,333.5
AL945,2026-02-19 08:45:00+00:00,70,3.275,9.94,,312.5,329.5
MHJ45,2026-02-19 08:52:30+00:00,70,4.200,12.55,,270.0,335.6
AL945,2026-02-19 08:52:30+00:00,70,3.275,9.94,,302.5,313.9
MHJ45,2026-02-19 09:00:00+00:00,40,4.200,13.49,,265.0,296.6
AL945,2026-02-19 09:00:00+00:00,60,2.900,9.46,,292.5,289.8
MHJ45,2026-02-19 09:07:30+00:00,70,4.175,13.41,,252.5,286.8
AL945,2026-02-19 09:07:30+00:00,70,3.325,9.59,,295.0,326.0
MHJ45,2026-02-19 09:15:00+00:00,70,4.225,13.53,,245.0,293.0
AL945,2026-02-19 09:15:00+00:00,60,3.125,9.63,,300.0,309.0
AL945,2026-02-19 09:22:30+00:00,70,3.175,9.69,,297.5,311.9
MHJ45,2026-02-19 09:22:30+00:00,70,4.025,13.49,,240.0,274.7
MHJ45,2026-02-19 09:30:00+00:00,70,4.000,13.40,,237.5,271.2
AL945,2026-02-19 09:30:00+00:00,70,3.250,9.90,,290.0,308.4
MHJ45,2026-02-19 09:37:30+00:00,70,3.925,13.49,,235.0,263.6
AL945,2026-02-19 09:37:30+00:00,70,3.175,9.64,,300.0,308.3
AL945,2026-02-19 09:45:00+00:00,70,3.200,9.37,,292.5,318.9
MHJ45,2026-02-19 09:45:00+00:00,70,3.850,13.65,,230.0,253.2
AL945,2026-02-19 09:52:30+00:00,70,3.300,9.93,,292.5,317.0
MHJ45,2026-02-19 09:52:30+00:00,0,4.125,13.51,,222.5,
AL945,2026-02-19 10:00:00+00:00,60,2.850,9.51,,302.5,285.6
MHJ45,2026-02-19 10:00:00+00:00,70,3.900,13.43,,222.5,253.6
AL945,2026-02-19 10:07:30+00:00,70,3.400,9.21,,305.0,362.2
MHJ45,2026-02-19 10:07:30+00:00,0,3.675,12.52,,217.5,
AL945,2026-02-19 10:15:00+00:00,70,3.375,9.74,,297.5,327.3
MHJ45,2026-02-19 10:15:00+00:00,0,3.775,12.49,,227.5,
MHJ45,2026-02-19 10:22:30+00:00,70,3.475,11.79,,235.0,266.3
AL945,2026-02-19 10:22:30+00:00,70,3.450,10.14,,287.5,324.8
AL945,2026-02-19 10:30:00+00:00,70,3.450,10.75,,275.0,303.0
MHJ45,2026-02-19 10:30:00+00:00,70,3.350,11.09,,227.5,261.6
AL945,2026-02-19 10:37:30+00:00,60,3.575,11.01,,265.0,298.9
MHJ45,2026-02-19 10:37:30+00:00,70,3.100,10.45,,242.5,261.7
AL945,2026-02-19 10:45:00+00:00,80,3.500,11.01,,260.0,289.8
MHJ45,2026-02-19 10:45:00+00:00,70,3.125,10.49,,250.0,266.8
AL945,2026-02-19 10:52:30+00:00,70,3.450,10.68,,255.0,295.5
MHJ45,2026-02-19 10:52:30+00:00,70,2.925,9.77,,247.5,270.7
MHJ45,2026-02-19 11:00:00+00:00,40,3.100,10.41,,270.0,263.6
AL945,2026-02-19 11:00:00+00:00,70,3.275,11.05,,252.5,269.9
MHJ45,2026-02-19 11:07:30+00:00,80,3.550,11.63,,260.0,267.6
AL945,2026-02-19 11:07:30+00:00,70,3.350,10.55,,252.5,299.3
MHJ45,2026-02-19 11:15:00+00:00,50,3.725,12.80,,235.0,250.9
AL945,2026-02-19 11:15:00+00:00,70,3.225,10.29,,250.0,291.0
AL945,2026-02-19 11:22:30+00:00,40,3.275,10.30,,257.5,285.8
MHJ45,2026-02-19 11:22:30+00:00,70,3.975,14.09,,230.0,238.1
MHJ45,2026-02-19 11:30:00+00:00,90,4.525,15.12,,220.0,253.5
AL945,2026-02-19 11:30:00+00:00,70,3.200,9.90,,255.0,311.3
MHJ45,2026-02-19 11:37:30+00:00,60,5.025,16.87,,212.5,239.9
AL945,2026-02-19 11:37:30+00:00,70,3.150,9.98,,250.0,281.5
AL945,2026-02-19 11:45:00+00:00,70,3.150,9.80,,252.5,287.0
MHJ45,2026-02-19 11:45:00+00:00,70,5.200,18.78,,215.0,227.8
MHJ45,2026-02-19 11:52:30+00:00,70,5.825,20.29,,217.5,239.1
AL945,2026-02-19 11:52:30+00:00,70,3.275,10.43,,257.5,277.6
MHJ45,2026-02-19 12:00:00+00:00,70,6.375,22.15,,220.0,240.0
AL945,2026-02-19 12:00:00+00:00,50,3.675,11.85,,247.5,278.6
AL945,2026-02-19 12:07:30+00:00,70,3.875,13.22,,232.5,256.8
MHJ45,2026-02-19 12:07:30+00:00,70,6.550,23.34,,212.5,228.0
MHJ45,2026-02-19 12:15:00+00:00,90,7.000,25.74,,217.5,230.7
AL945,2026-02-19 12:15:00+00:00,70,4.150,14.18,,225.0,249.1
AL945,2026-02-19 12:22:30+00:00,90,4.538,15.16,,227.5,253.6
MHJ45,2026-02-19 12:22:30+00:00,60,7.475,26.99,2.05,210.0,236.8
AL945,2026-02-19 12:30:00+00:00,70,4.975,16.57,,217.5,248.4
MHJ45,2026-02-19 12:30:00+00:00,70,7.525,27.74,2.03,207.5,220.8
AL945,2026-02-19 12:37:30+00:00,90,5.325,18.44,,212.5,234.8
MHJ45,2026-02-19 12:37:30+00:00,70,7.500,27.30,2.17,205.0,224.9
MHJ45,2026-02-19 12:45:00+00:00,70,7.625,27.20,2.22,207.5,218.0
AL945,2026-02-19 12:45:00+00:00,60,5.800,20.78,,212.5,230.2
MHJ45,2026-02-19 12:52:30+00:00,70,7.763,27.98,2.47,210.0,218.5
AL945,2026-02-19 12:52:30+00:00,90,6.050,21.30,,212.5,234.0
MHJ45,2026-02-19 13:00:00+00:00,40,7.775,27.98,2.53,210.0,224.1
AL945,2026-02-19 13:00:00+00:00,90,6.375,22.84,,212.5,234.7
MHJ45,2026-02-19 13:07:30+00:00,50,7.925,30.20,2.53,212.5,206.8
AL945,2026-02-19 13:07:30+00:00,90,6.825,23.83,,217.5,246.7
MHJ45,2026-02-19 13:15:00+00:00,70,7.775,28.69,2.45,205.0,211.1
AL945,2026-02-19 13:15:00+00:00,90,6.950,25.45,2.15,215.0,219.6
AL945,2026-02-19 13:22:30+00:00,90,7.300,25.57,2.17,217.5,229.3
MHJ45,2026-02-19 13:22:30+00:00,20,7.575,26.96,2.53,202.5,215.7
AL945,2026-02-19 13:30:00+00:00,70,7.638,26.99,2.25,217.5,236.1
MHJ45,2026-02-19 13:30:00+00:00,70,7.650,27.02,2.53,215.0,229.3
AL945,2026-02-19 13:37:30+00:00,90,8.150,28.75,2.30,215.0,233.7
MHJ45,2026-02-19 13:37:30+00:00,70,7.775,27.52,2.53,215.0,224.7
MHJ45,2026-02-19 13:45:00+00:00,70,8.150,27.94,2.85,207.5,228.8
AL945,2026-02-19 13:45:00+00:00,90,8.438,30.82,2.35,217.5,222.8
MHJ45,2026-02-19 13:52:30+00:00,70,8.350,28.87,2.50,207.5,226.6
AL945,2026-02-19 13:52:30+00:00,95,8.538,31.70,2.42,212.5,217.8
AL945,2026-02-19 14:00:00+00:00,90,8.250,30.85,2.45,207.5,215.9
MHJ45,2026-02-19 14:00:00+00:00,70,8.382,31.05,2.80,237.5,215.3
MHJ45,2026-02-19 14:07:30+00:00,40,7.700,29.78,2.88,200.0,200.5
AL945,2026-02-19 14:07:30+00:00,90,7.963,28.65,2.60,207.5,222.4
AL945,2026-02-19 14:15:00+00:00,80,7.913,28.95,2.63,247.5,218.6
MHJ45,2026-02-19 14:15:00+00:00,70,8.163,28.07,3.00,217.5,223.8
AL945,2026-02-19 14:22:30+00:00,60,7.838,27.99,2.67,205.0,223.1
MHJ45,2026-02-19 14:22:30+00:00,70,8.188,27.72,3.00,195.0,236.6
AL945,2026-02-19 14:30:00+00:00,90,7.713,26.50,2.75,172.5,232.6
MHJ45,2026-02-19 14:30:00+00:00,80,8.425,28.87,3.05,192.5,231.3
MHJ45,2026-02-19 14:37:30+00:00,50,8.553,29.46,3.08,210.0,233.9
AL945,2026-02-19 14:37:30+00:00,60,7.425,27.25,2.80,205.0,212.6
MHJ45,2026-02-19 14:45:00+00:00,70,8.400,28.31,3.10,210.0,224.2
AL945,2026-02-19 14:45:00+00:00,90,8.475,28.82,2.80,207.5,236.7
MHJ45,2026-02-19 14:52:30+00:00,70,8.638,28.64,3.08,227.5,252.4
AL945,2026-02-19 14:52:30+00:00,80,8.738,29.58,2.85,217.5,231.4
MHJ45,2026-02-19 15:00:00+00:00,70,8.800,29.00,3.17,210.0,249.5
AL945,2026-02-19 15:00:00+00:00,80,9.113,30.68,2.95,205.0,238.3
MHJ45,2026-02-19 15:07:30+00:00,60,9.107,29.67,3.10,302.5,238.9
AL945,2026-02-19 15:07:30+00:00,95,9.150,31.83,2.90,207.5,228.9
AL945,2026-02-19 15:15:00+00:00,80,9.713,33.31,2.90,202.5,232.9
MHJ45,2026-02-19 15:15:00+00:00,60,9.082,29.71,3.08,275.0,240.3
MHJ45,2026-02-19 15:22:30+00:00,90,9.300,29.66,3.05,222.5,257.5
AL945,2026-02-19 15:22:30+00:00,80,9.700,33.71,2.85,212.5,233.0
AL945,2026-02-19 15:30:00+00:00,95,9.450,32.77,2.95,217.5,230.0
MHJ45,2026-02-19 15:30:00+00:00,60,9.613,31.43,2.92,225.0,253.0
AL945,2026-02-19 15:37:30+00:00,80,9.525,32.04,2.92,210.0,236.9
MHJ45,2026-02-19 15:37:30+00:00,60,9.338,31.56,3.13,245.0,235.8
AL945,2026-02-19 15:45:00+00:00,95,9.200,31.36,2.97,207.5,233.9
MHJ45,2026-02-19 15:45:00+00:00,50,9.600,30.70,2.78,192.5,257.6
AL945,2026-02-19 15:52:30+00:00,70,9.350,30.11,2.95,205.0,249.3
MHJ45,2026-02-19 15:52:30+00:00,70,9.575,30.73,3.15,242.5,252.0
AL945,2026-02-19 16:00:00+00:00,90,9.750,32.13,2.97,205.0,249.8
MHJ45,2026-02-19 16:00:00+00:00,60,9.138,31.77,3.08,295.0,233.2
MHJ45,2026-02-19 16:07:30+00:00,70,9.938,32.32,2.95,277.5,251.0
AL945,2026-02-19 16:07:30+00:00,95,9.850,33.31,3.00,195.0,242.0
MHJ45,2026-02-19 16:15:00+00:00,80,10.175,32.67,3.15,207.5,255.7
AL945,2026-02-19 16:15:00+00:00,85,9.900,33.12,3.00,210.0,239.2
MHJ45,2026-02-19 16:22:30+00:00,80,10.475,32.43,3.20,230.0,263.8
AL945,2026-02-19 16:22:30+00:00,90,9.850,32.93,3.00,207.5,239.3
MHJ45,2026-02-19 16:30:00+00:00,60,9.600,34.35,3.20,222.5,230.9
AL945,2026-02-19 16:30:00+00:00,85,9.925,34.32,3.00,202.5,232.3
AL945,2026-02-19 16:37:30+00:00,95,9.800,32.90,3.05,195.0,238.3
MHJ45,2026-02-19 16:37:30+00:00,70,10.875,35.00,2.65,235.0,257.3
MHJ45,2026-02-19 16:45:00+00:00,70,10.825,35.62,3.20,230.0,247.2
AL945,2026-02-19 16:45:00+00:00,25,9.925,32.13,3.17,212.5,247.6
MHJ45,2026-02-19 16:52:30+00:00,50,10.882,37.42,3.20,275.0,243.9
AL945,2026-02-19 16:52:30+00:00,75,9.675,31.99,3.03,205.0,240.4
AL945,2026-02-19 17:00:00+00:00,70,9.625,31.79,3.05,197.5,241.2
MHJ45,2026-02-19 17:00:00+00:00,60,10.925,36.02,3.15,215.0,248.6
MHJ45,2026-02-19 17:07:30+00:00,70,10.650,35.67,3.17,212.5,243.3
AL945,2026-02-19 17:07:30+00:00,65,9.975,32.84,3.08,195.0,244.9
MHJ45,2026-02-19 17:15:00+00:00,70,10.400,34.57,3.17,162.5,242.4
AL945,2026-02-19 17:15:00+00:00,65,9.925,33.36,3.13,195.0,239.9
MHJ45,2026-02-19 17:22:30+00:00,80,10.200,34.30,3.13,232.5,235.9
AL945,2026-02-19 17:22:30+00:00,85,9.900,32.26,3.17,197.5,248.5
AL945,2026-02-19 17:30:00+00:00,95,9.750,32.11,3.13,192.5,244.5
MHJ45,2026-02-19 17:30:00+00:00,20,9.425,32.91,3.00,227.5,229.1
MHJ45,2026-02-19 17:37:30+00:00,60,10.025,31.98,,220.0,250.7
AL945,2026-02-19 17:37:30+00:00,70,10.500,32.48,3.10,185.0,291.3
MHJ45,2026-02-19 17:45:00+00:00,90,9.875,31.65,3.17,155.0,258.1
AL945,2026-02-19 17:45:00+00:00,65,9.875,31.74,3.05,185.0,253.7
AL945,2026-02-19 17:52:30+00:00,75,9.750,31.25,3.10,190.0,252.7
MHJ45,2026-02-19 17:52:30+00:00,90,9.875,31.97,3.05,217.5,251.8
MHJ45,2026-02-19 18:00:00+00:00,90,9.775,32.05,3.22,227.5,252.1
AL945,2026-02-19 18:00:00+00:00,65,9.825,32.02,3.08,190.0,248.3
MHJ45,2026-02-19 18:07:30+00:00,90,9.950,32.55,3.20,250.0,244.0
AL945,2026-02-19 18:07:30+00:00,75,9.838,31.65,3.28,192.5,253.8
MHJ45,2026-02-19 18:15:00+00:00,70,9.950,33.19,3.10,215.0,248.4
AL945,2026-02-19 18:15:00+00:00,0,10.575,31.32,3.22,565.0,
MHJ45,2026-02-19 18:22:30+00:00,90,9.963,32.91,3.10,247.5,249.8
AL945,2026-02-19 18:22:30+00:00,95,10.113,32.49,3.17,207.5,256.5
MHJ45,2026-02-19 18:30:00+00:00,90,9.950,32.75,3.03,232.5,253.3
AL945,2026-02-19 18:30:00+00:00,95,10.250,33.45,3.22,187.5,254.4
MHJ45,2026-02-19 18:37:30+00:00,90,9.925,32.76,3.15,235.0,244.8
AL945,2026-02-19 18:37:30+00:00,95,10.325,33.66,3.08,185.0,258.7
AL945,2026-02-19 18:45:00+00:00,90,10.200,33.16,3.13,197.5,257.0
MHJ45,2026-02-19 18:45:00+00:00,90,9.925,33.07,3.08,222.5,246.3
AL945,2026-02-19 18:52:30+00:00,95,10.225,33.19,3.25,225.0,256.2
MHJ45,2026-02-19 18:52:30+00:00,70,9.700,32.61,3.13,220.0,248.6
AL945,2026-02-19 19:00:00+00:00,95,10.163,33.00,3.25,190.0,255.0
MHJ45,2026-02-19 19:00:00+00:00,90,9.675,31.08,3.08,220.0,253.0
MHJ45,2026-02-19 19:07:30+00:00,90,9.750,30.95,3.00,237.5,249.4
AL945,2026-02-19 19:07:30+00:00,75,9.988,32.40,3.15,207.5,251.1
AL945,2026-02-19 19:15:00+00:00,70,9.963,32.15,3.13,202.5,251.4
MHJ45,2026-02-19 19:15:00+00:00,60,9.600,32.81,2.97,217.5,238.9
AL945,2026-02-19 19:22:30+00:00,90,10.075,32.49,3.08,200.0,258.5
MHJ45,2026-02-19 19:22:30+00:00,50,9.938,32.88,3.05,152.5,249.6
AL945,2026-02-19 19:30:00+00:00,60,10.150,32.58,3.05,215.0,255.9
MHJ45,2026-02-19 19:30:00+00:00,70,9.950,32.70,3.00,222.5,255.0
AL945,2026-02-19 19:37:30+00:00,70,10.175,32.47,2.83,195.0,261.8
MHJ45,2026-02-19 19:37:30+00:00,70,9.875,32.23,3.00,232.5,250.2
AL945,2026-02-19 19:45:00+00:00,60,10.275,33.22,2.85,215.0,258.3
MHJ45,2026-02-19 19:45:00+00:00,70,9.777,32.32,3.00,131.0,249.9
AL945,2026-02-19 19:52:30+00:00,95,10.050,32.99,3.03,215.0,252.9
MHJ45,2026-02-19 19:52:30+00:00,20,7.375,28.62,2.63,222.5,208.2
MHJ45,2026-02-19 20:00:00+00:00,65,9.775,32.23,2.63,227.5,252.9
AL945,2026-02-19 20:00:00+00:00,95,9.913,32.31,2.97,152.5,253.7
MHJ45,2026-02-19 20:07:30+00:00,60,10.075,33.10,2.65,222.5,256.0
AL945,2026-02-19 20:07:30+00:00,0,9.925,31.72,2.90,217.5,
AL945,2026-02-19 20:15:00+00:00,65,9.975,32.75,2.88,215.0,252.3
MHJ45,2026-02-19 20:15:00+00:00,60,10.125,33.76,2.58,222.5,255.1
MHJ45,2026-02-19 20:22:30+00:00,40,9.550,34.26,2.53,222.5,230.9
AL945,2026-02-19 20:22:30+00:00,85,9.850,32.01,2.88,167.5,251.9
MHJ45,2026-02-19 20:30:00+00:00,70,9.800,32.73,2.53,222.5,250.8
AL945,2026-02-19 20:30:00+00:00,95,9.800,31.20,2.88,222.5,262.3
MHJ45,2026-02-19 20:37:30+00:00,90,9.700,32.90,2.53,220.0,240.0
AL945,2026-02-19 20:37:30+00:00,60,9.963,32.23,2.85,175.0,253.8
MHJ45,2026-02-19 20:45:00+00:00,70,9.775,32.55,2.47,225.0,250.1
AL945,2026-02-19 20:45:00+00:00,95,9.863,32.55,2.88,220.0,254.6
AL945,2026-02-19 20:52:30+00:00,95,9.688,32.16,2.85,217.5,249.4
MHJ45,2026-02-19 20:52:30+00:00,60,9.775,32.11,2.58,225.0,254.6
MHJ45,2026-02-19 21:00:00+00:00,60,9.700,32.70,2.53,227.5,249.9
AL945,2026-02-19 21:00:00+00:00,45,9.588,31.03,2.83,222.5,249.5
MHJ45,2026-02-19 21:07:30+00:00,70,9.625,32.14,2.47,222.5,249.5
AL945,2026-02-19 21:07:30+00:00,95,9.638,30.79,2.78,217.5,263.9
MHJ45,2026-02-19 21:15:00+00:00,70,9.475,31.96,2.40,220.0,246.6
AL945,2026-02-19 21:15:00+00:00,95,9.588,31.47,2.75,220.0,254.9
AL945,2026-02-19 21:22:30+00:00,90,9.613,31.65,2.70,217.5,256.9
MHJ45,2026-02-19 21:22:30+00:00,70,9.238,31.13,2.40,187.5,254.7
MHJ45,2026-02-19 21:30:00+00:00,70,9.350,30.90,2.25,215.0,263.6
AL945,2026-02-19 21:30:00+00:00,95,9.563,31.45,2.63,220.0,254.5
MHJ45,2026-02-19 21:37:30+00:00,70,9.400,31.04,2.13,217.5,256.3
AL945,2026-02-19 21:37:30+00:00,95,9.475,31.95,2.58,222.5,245.3
MHJ45,2026-02-19 21:45:00+00:00,70,9.225,31.66,2.05,217.5,246.2
AL945,2026-02-19 21:45:00+00:00,70,9.363,31.32,2.53,277.5,220.9
MHJ45,2026-02-19 21:52:30+00:00,70,9.181,31.71,2.05,217.5,243.4
AL945,2026-02-19 21:52:30+00:00,70,9.263,31.04,2.45,220.0,245.2
MHJ45,2026-02-19 22:00:00+00:00,40,8.775,31.92,,215.0,235.4
AL945,2026-02-19 22:00:00+00:00,90,9.363,31.11,2.42,220.0,251.3
AL945,2026-02-19 22:07:30+00:00,80,9.188,31.15,2.45,217.5,237.8
MHJ45,2026-02-19 22:07:30+00:00,70,8.725,30.01,,210.0,243.2
AL945,2026-02-19 22:15:00+00:00,65,8.750,30.86,2.25,215.0,232.1
MHJ45,2026-02-19 22:15:00+00:00,60,8.525,28.17,,205.0,250.2
MHJ45,2026-02-19 22:22:30+00:00,90,8.275,27.09,,205.0,266.9
AL945,2026-02-19 22:22:30+00:00,40,8.451,30.66,2.25,212.5,225.9
AL945,2026-02-19 22:30:00+00:00,60,8.613,30.41,2.05,210.0,235.2
MHJ45,2026-02-19 22:30:00+00:00,40,7.825,26.79,,207.5,259.2
AL945,2026-02-19 22:37:30+00:00,70,8.832,30.28,2.05,215.0,245.4
MHJ45,2026-02-19 22:37:30+00:00,40,8.025,26.34,,210.0,256.2
AL945,2026-02-19 22:45:00+00:00,70,8.775,30.09,,210.0,248.7
MHJ45,2026-02-19 22:45:00+00:00,60,8.000,25.58,,210.0,271.5
AL945,2026-02-19 22:52:30+00:00,70,8.725,30.28,,210.0,246.0
MHJ45,2026-02-19 22:52:30+00:00,60,7.875,25.34,,207.5,281.0
AL945,2026-02-19 23:00:00+00:00,90,8.600,29.71,,207.5,245.0
MHJ45,2026-02-19 23:00:00+00:00,60,7.750,25.69,,212.5,269.8
AL945,2026-02-19 23:07:30+00:00,90,8.350,28.65,,202.5,242.9
MHJ45,2026-02-19 23:07:30+00:00,70,7.750,25.10,,215.0,286.6
AL945,2026-02-19 23:15:00+00:00,70,8.025,27.54,,200.0,249.7
MHJ45,2026-02-19 23:15:00+00:00,45,7.400,24.10,,212.5,272.6
MHJ45,2026-02-19 23:22:30+00:00,40,6.725,22.63,,212.5,264.3
AL945,2026-02-19 23:22:30+00:00,90,7.625,25.50,,197.5,253.3
MHJ45,2026-02-19 23:30:00+00:00,70,6.400,23.41,,217.5,247.0
AL945,2026-02-19 23:30:00+00:00,90,7.475,24.81,,197.5,263.8
MHJ45,2026-02-19 23:37:30+00:00,60,6.925,24.21,,220.0,257.4
AL945,2026-02-19 23:37:30+00:00,90,7.525,24.02,,202.5,268.1
MHJ45,2026-02-19 23:45:00+00:00,0,11.950,28.70,,217.5,
AL945,2026-02-19 23:45:00+00:00,60,7.375,23.57,,205.0,269.6
AL945,2026-02-19 23:52:30+00:00,90,7.300,23.38,,210.0,270.8
MHJ45,2026-02-19 23:52:30+00:00,60,7.000,23.45,,230.0,267.6
MHJ45,2026-02-20 00:00:00+00:00,50,6.700,22.73,,215.0,263.7
AL945,2026-02-20 00:00:00+00:00,20,6.950,24.10,,217.5,259.2
MHJ45,2026-02-20 00:07:30+00:00,70,6.400,21.98,,212.5,254.2
AL945,2026-02-20 00:07:30+00:00,80,7.225,23.54,,227.5,280.8
AL945,2026-02-20 00:15:00+00:00,90,6.975,23.34,,217.5,260.8
MHJ45,2026-02-20 00:15:00+00:00,40,5.250,19.73,,212.5,235.4
MHJ45,2026-02-20 00:22:30+00:00,60,6.125,19.78,,215.0,267.1
AL945,2026-02-20 00:22:30+00:00,90,6.850,22.28,,215.0,279.9
AL945,2026-02-20 00:30:00+00:00,50,6.800,21.19,,215.0,280.1
MHJ45,2026-02-20 00:30:00+00:00,20,5.675,19.01,,222.5,269.6
AL945,2026-02-20 00:37:30+00:00,70,6.275,21.07,,217.5,262.6
MHJ45,2026-02-20 00:37:30+00:00,40,5.725,18.64,,222.5,282.0
AL945,2026-02-20 00:45:00+00:00,40,6.600,21.58,,217.5,273.8
MHJ45,2026-02-20 00:45:00+00:00,70,5.725,18.51,,222.5,282.7
AL945,2026-02-20 00:52:30+00:00,60,6.525,21.34,,217.5,273.8
MHJ45,2026-02-20 00:52:30+00:00,70,4.575,16.46,,227.5,253.2
AL945,2026-02-20 01:00:00+00:00,70,6.375,21.00,,220.0,278.4
MHJ45,2026-02-20 01:00:00+00:00,40,5.725,16.93,,245.0,306.5
AL945,2026-02-20 01:07:30+00:00,90,6.100,20.45,,217.5,259.3
MHJ45,2026-02-20 01:07:30+00:00,0,5.700,16.91,,237.5,
MHJ45,2026-02-20 01:15:00+00:00,80,5.525,17.58,,252.5,291.6
AL945,2026-02-20 01:15:00+00:00,65,5.150,19.25,,217.5,239.5
MHJ45,2026-02-20 01:22:30+00:00,0,5.650,17.45,,245.0,
AL945,2026-02-20 01:22:30+00:00,90,5.975,19.34,,220.0,281.0
MHJ45,2026-02-20 01:30:00+00:00,70,5.475,17.26,,242.5,289.3
AL945,2026-02-20 01:30:00+00:00,0,5.875,19.26,,217.5,
AL945,2026-02-20 01:37:30+00:00,70,5.700,18.30,,220.0,277.0
MHJ45,2026-02-20 01:37:30+00:00,80,5.575,17.33,,242.5,302.2
AL945,2026-02-20 01:45:00+00:00,90,5.575,18.26,,222.5,276.3
MHJ45,2026-02-20 01:45:00+00:00,80,5.575,16.42,,245.0,318.2
AL945,2026-02-20 01:52:30+00:00,80,5.375,17.56,,232.5,274.1
MHJ45,2026-02-20 01:52:30+00:00,80,5.625,16.66,,252.5,312.7
AL945,2026-02-20 02:00:00+00:00,60,4.725,17.14,,225.0,249.7
MHJ45,2026-02-20 02:00:00+00:00,80,5.550,17.19,,247.5,296.7
AL945,2026-02-20 02:07:30+00:00,0,5.175,16.45,,227.5,
MHJ45,2026-02-20 02:07:30+00:00,80,5.500,16.46,,245.0,301.0
MHJ45,2026-02-20 02:15:00+00:00,65,5.375,16.27,,247.5,305.6
AL945,2026-02-20 02:15:00+00:00,40,5.150,16.96,,235.0,282.7
AL945,2026-02-20 02:22:30+00:00,90,5.000,15.71,,235.0,286.0
MHJ45,2026-02-20 02:22:30+00:00,80,5.375,16.59,,247.5,301.4
AL945,2026-02-20 02:30:00+00:00,90,4.850,15.31,,235.0,294.4
MHJ45,2026-02-20 02:30:00+00:00,70,5.300,16.21,,247.5,300.0
AL945,2026-02-20 02:37:30+00:00,90,4.800,14.85,,242.5,300.9
MHJ45,2026-02-20 02:37:30+00:00,70,5.250,16.58,,247.5,297.5
MHJ45,2026-02-20 02:45:00+00:00,70,5.200,15.88,,247.5,298.4
AL945,2026-02-20 02:45:00+00:00,80,4.700,14.80,,252.5,295.9
MHJ45,2026-02-20 02:52:30+00:00,70,5.150,15.66,,262.5,311.7
AL945,2026-02-20 02:52:30+00:00,90,4.700,14.26,,277.5,314.9
AL945,2026-02-20 03:00:00+00:00,60,4.550,14.38,,265.0,298.7
MHJ45,2026-02-20 03:00:00+00:00,70,5.175,15.77,,262.5,321.1
MHJ45,2026-02-20 03:07:30+00:00,50,5.150,15.74,,252.5,311.5
AL945,2026-02-20 03:07:30+00:00,90,4.650,14.18,,282.5,311.6
AL945,2026-02-20 03:15:00+00:00,90,4.700,14.39,,265.0,314.3
MHJ45,2026-02-20 03:15:00+00:00,60,5.250,15.56,,250.0,319.7
AL945,2026-02-20 03:22:30+00:00,80,5.075,14.34,,267.5,338.1
MHJ45,2026-02-20 03:22:30+00:00,70,4.975,15.21,,250.0,313.6
MHJ45,2026-02-20 03:30:00+00:00,70,4.925,15.69,,270.0,297.9
AL945,2026-02-20 03:30:00+00:00,90,4.850,14.77,,260.0,312.9
MHJ45,2026-02-20 03:37:30+00:00,40,4.075,14.52,,262.5,273.8
AL945,2026-02-20 03:37:30+00:00,90,4.850,15.21,,255.0,303.2
MHJ45,2026-02-20 03:45:00+00:00,60,4.925,15.10,,252.5,303.0
AL945,2026-02-20 03:45:00+00:00,70,4.775,15.14,,252.5,292.0
AL945,2026-02-20 03:52:30+00:00,90,4.725,14.96,,250.0,291.4
MHJ45,2026-02-20 03:52:30+00:00,70,4.975,15.14,,250.0,311.8
MHJ45,2026-02-20 04:00:00+00:00,40,5.075,16.19,,262.5,301.6
AL945,2026-02-20 04:00:00+00:00,90,4.775,14.79,,245.0,303.0
AL945,2026-02-20 04:07:30+00:00,80,4.775,14.98,,245.0,302.3
MHJ45,2026-02-20 04:07:30+00:00,40,3.900,13.72,,252.5,266.8
MHJ45,2026-02-20 04:15:00+00:00,40,4.675,14.69,,270.0,307.4
AL945,2026-02-20 04:15:00+00:00,90,4.575,14.45,,242.5,284.8
AL945,2026-02-20 04:22:30+00:00,90,4.525,14.52,,240.0,282.7
MHJ45,2026-02-20 04:22:30+00:00,60,4.575,14.52,,280.0,307.0
AL945,2026-02-20 04:30:00+00:00,60,4.225,13.98,,240.0,272.7
MHJ45,2026-02-20 04:30:00+00:00,70,4.575,13.73,,265.0,323.5
AL945,2026-02-20 04:37:30+00:00,90,4.200,13.27,,265.0,293.4
MHJ45,2026-02-20 04:37:30+00:00,70,4.525,13.87,,265.0,319.0
AL945,2026-02-20 04:45:00+00:00,70,3.875,12.95,,245.0,273.7
MHJ45,2026-02-20 04:45:00+00:00,40,3.800,13.21,,272.5,284.8
AL945,2026-02-20 04:52:30+00:00,70,3.750,12.14,,247.5,289.2
MHJ45,2026-02-20 04:52:30+00:00,20,3.600,12.45,,277.5,281.0
AL945,2026-02-20 05:00:00+00:00,70,3.600,11.97,,245.0,271.7
MHJ45,2026-02-20 05:00:00+00:00,70,4.750,14.39,,270.0,315.6
AL945,2026-02-20 05:07:30+00:00,70,3.500,11.18,,250.0,279.5
MHJ45,2026-02-20 05:07:30+00:00,70,4.025,13.61,,265.0,284.6
AL945,2026-02-20 05:15:00+00:00,60,3.525,10.98,,257.5,306.6
MHJ45,2026-02-20 05:15:00+00:00,40,4.125,13.15,,267.5,309.3
AL945,2026-02-20 05:22:30+00:00,60,3.675,11.15,,262.5,305.9
MHJ45,2026-02-20 05:22:30+00:00,60,3.950,12.43,,272.5,307.4
AL945,2026-02-20 05:30:00+00:00,90,3.500,10.53,,257.5,304.4
MHJ45,2026-02-20 05:30:00+00:00,40,3.575,12.26,,272.5,283.5
AL945,2026-02-20 05:37:30+00:00,80,3.550,10.75,,280.0,316.0
MHJ45,2026-02-20 05:37:30+00:00,70,4.075,12.40,,272.5,312.0
AL945,2026-02-20 05:45:00+00:00,80,3.475,10.41,,270.0,324.9
MHJ45,2026-02-20 05:45:00+00:00,70,4.450,12.72,,280.0,340.7
MHJ45,2026-02-20 05:52:30+00:00,40,3.500,11.78,,277.5,288.9
AL945,2026-02-20 05:52:30+00:00,0,3.425,9.41,,282.5,
MHJ45,2026-02-20 06:00:00+00:00,60,3.875,12.36,,277.5,302.7
AL945,2026-02-20 06:00:00+00:00,90,3.375,10.02,,302.5,323.4
MHJ45,2026-02-20 06:07:30+00:00,40,3.000,10.47,,287.5,276.3
AL945,2026-02-20 06:07:30+00:00,70,3.250,9.66,,290.0,320.5
MHJ45,2026-02-20 06:15:00+00:00,70,3.925,11.10,,290.0,338.5
AL945,2026-02-20 06:15:00+00:00,70,3.100,9.52,,297.5,306.3
MHJ45,2026-02-20 06:22:30+00:00,70,3.775,11.31,,292.5,323.7
AL945,2026-02-20 06:22:30+00:00,70,3.050,9.16,,297.5,320.8
MHJ45,2026-02-20 06:30:00+00:00,80,3.775,11.35,,290.0,323.3
AL945,2026-02-20 06:30:00+00:00,70,3.050,9.09,,300.0,323.3
AL945,2026-02-20 06:37:30+00:00,70,3.000,9.05,,310.0,316.5
MHJ45,2026-02-20 06:37:30+00:00,70,3.825,10.97,,292.5,330.7
MHJ45,2026-02-20 06:45:00+00:00,60,3.575,11.05,,297.5,312.5
AL945,2026-02-20 06:45:00+00:00,60,3.150,8.96,,327.5,340.5
AL945,2026-02-20 06:52:30+00:00,70,3.125,9.34,,312.5,322.8
MHJ45,2026-02-20 06:52:30+00:00,70,3.725,11.15,,297.5,324.8
MHJ45,2026-02-20 07:00:00+00:00,80,3.775,10.84,,300.0,335.7
AL945,2026-02-20 07:00:00+00:00,70,3.150,9.01,,310.0,333.0
MHJ45,2026-02-20 07:07:30+00:00,70,3.775,10.74,,302.5,341.7
AL945,2026-02-20 07:07:30+00:00,70,3.275,9.41,,307.5,338.4
MHJ45,2026-02-20 07:15:00+00:00,40,3.225,10.18,,300.0,307.7
AL945,2026-02-20 07:15:00+00:00,70,3.525,10.10,,315.0,338.3
MHJ45,2026-02-20 07:22:30+00:00,70,3.525,10.19,,300.0,334.5
AL945,2026-02-20 07:22:30+00:00,70,3.550,10.18,,295.0,334.3
MHJ45,2026-02-20 07:30:00+00:00,70,3.450,10.14,,302.5,328.6
AL945,2026-02-20 07:30:00+00:00,70,3.700,10.48,,292.5,335.2
MHJ45,2026-02-20 07:37:30+00:00,70,3.400,10.38,,302.5,319.3
AL945,2026-02-20 07:37:30+00:00,70,3.625,10.49,,297.5,331.8
MHJ45,2026-02-20 07:45:00+00:00,70,3.425,9.93,,300.0,327.2
AL945,2026-02-20 07:45:00+00:00,70,3.625,10.85,,295.0,323.4
AL945,2026-02-20 07:52:30+00:00,70,3.650,10.94,,295.0,318.9
MHJ45,2026-02-20 07:52:30+00:00,70,3.450,9.89,,297.5,330.8
AL945,2026-02-20 08:00:00+00:00,70,3.625,10.60,,282.5,321.5
MHJ45,2026-02-20 08:00:00+00:00,15,2.750,9.29,,295.0,281.7
MHJ45,2026-02-20 08:07:30+00:00,65,3.400,9.95,,292.5,324.3
AL945,2026-02-20 08:07:30+00:00,70,3.650,10.34,,285.0,342.5
AL945,2026-02-20 08:15:00+00:00,70,3.525,10.60,,290.0,311.6
MHJ45,2026-02-20 08:15:00+00:00,65,3.450,10.02,,297.5,337.3
AL945,2026-02-20 08:22:30+00:00,70,3.575,10.65,,287.5,317.2
MHJ45,2026-02-20 08:22:30+00:00,45,3.300,10.18,,287.5,305.2
AL945,2026-02-20 08:30:00+00:00,70,3.650,10.64,,285.0,326.9
MHJ45,2026-02-20 08:30:00+00:00,80,3.300,10.06,,290.0,311.3
MHJ45,2026-02-20 08:37:30+00:00,45,3.300,9.18,,287.5,353.1
AL945,2026-02-20 08:37:30+00:00,70,3.575,10.68,,285.0,312.2
MHJ45,2026-02-20 08:45:00+00:00,15,3.150,9.98,,285.0,296.0
AL945,2026-02-20 08:45:00+00:00,70,3.650,10.66,,282.5,329.8
AL945,2026-02-20 08:52:30+00:00,70,3.700,10.75,,285.0,330.4
MHJ45,2026-02-20 08:52:30+00:00,70,3.325,9.77,,282.5,319.9
MHJ45,2026-02-20 09:00:00+00:00,80,3.425,10.26,,277.5,312.1
AL945,2026-02-20 09:00:00+00:00,70,3.550,10.95,,275.0,304.5
MHJ45,2026-02-20 09:07:30+00:00,60,3.450,10.70,,272.5,302.2
AL945,2026-02-20 09:07:30+00:00,70,3.500,11.06,,270.0,295.0
AL945,2026-02-20 09:15:00+00:00,80,3.875,12.01,,272.5,305.1
MHJ45,2026-02-20 09:15:00+00:00,40,3.450,10.42,,267.5,306.0
MHJ45,2026-02-20 09:22:30+00:00,70,3.275,9.94,,267.5,312.6
AL945,2026-02-20 09:22:30+00:00,70,3.550,11.14,,262.5,295.2
AL945,2026-02-20 09:30:00+00:00,70,3.575,11.13,,267.5,305.2
MHJ45,2026-02-20 09:30:00+00:00,40,3.100,10.41,,255.0,274.8
MHJ45,2026-02-20 09:37:30+00:00,40,3.025,10.55,,250.0,263.0
AL945,2026-02-20 09:37:30+00:00,70,3.600,11.46,,270.0,299.1
AL945,2026-02-20 09:45:00+00:00,70,3.525,10.96,,265.0,297.6
MHJ45,2026-02-20 09:45:00+00:00,70,3.150,9.89,,247.5,292.0
MHJ45,2026-02-20 09:52:30+00:00,0,3.025,9.48,,257.5,
AL945,2026-02-20 09:52:30+00:00,60,3.575,10.90,,262.5,307.0
AL945,2026-02-20 10:00:00+00:00,70,3.600,10.99,,265.0,305.8
MHJ45,2026-02-20 10:00:00+00:00,70,2.825,9.81,,252.5,261.6
AL945,2026-02-20 10:07:30+00:00,70,3.850,11.97,,272.5,298.3
MHJ45,2026-02-20 10:07:30+00:00,70,3.050,9.84,,262.5,282.4
AL945,2026-02-20 10:15:00+00:00,70,3.725,11.91,,262.5,291.4
MHJ45,2026-02-20 10:15:00+00:00,60,2.675,9.53,,262.5,260.5
AL945,2026-02-20 10:22:30+00:00,70,3.875,12.57,,255.0,288.6
MHJ45,2026-02-20 10:22:30+00:00,90,2.975,9.48,,265.0,287.8
AL945,2026-02-20 10:30:00+00:00,80,4.275,13.38,,250.0,292.5
MHJ45,2026-02-20 10:30:00+00:00,40,2.750,9.32,,285.0,272.5
AL945,2026-02-20 10:37:30+00:00,80,3.925,13.10,,237.5,276.3
MHJ45,2026-02-20 10:37:30+00:00,70,2.575,8.60,,272.5,267.9
AL945,2026-02-20 10:45:00+00:00,80,4.125,13.93,,230.0,264.7
MHJ45,2026-02-20 10:45:00+00:00,70,2.700,8.67,,292.5,280.7
AL945,2026-02-20 10:52:30+00:00,60,3.800,12.83,,230.0,269.3
MHJ45,2026-02-20 10:52:30+00:00,90,2.625,8.49,,282.5,270.3
AL945,2026-02-20 11:00:00+00:00,60,3.775,12.89,,232.5,261.6
MHJ45,2026-02-20 11:00:00+00:00,90,2.875,9.16,,275.0,279.7
AL945,2026-02-20 11:07:30+00:00,40,2.825,10.94,,222.5,226.2
MHJ45,2026-02-20 11:07:30+00:00,90,3.100,10.02,,265.0,272.6
MHJ45,2026-02-20 11:15:00+00:00,90,3.425,11.18,,245.0,261.1
AL945,2026-02-20 11:15:00+00:00,20,2.925,10.90,,232.5,236.6
AL945,2026-02-20 11:22:30+00:00,90,3.450,12.06,,225.0,252.1
MHJ45,2026-02-20 11:22:30+00:00,70,3.975,12.89,,232.5,272.1
AL945,2026-02-20 11:30:00+00:00,70,3.450,11.94,,222.5,257.1
MHJ45,2026-02-20 11:30:00+00:00,90,4.400,15.34,,220.0,235.9
AL945,2026-02-20 11:37:30+00:00,70,3.375,11.79,,220.0,248.3
MHJ45,2026-02-20 11:37:30+00:00,90,4.900,17.83,,215.0,229.4
AL945,2026-02-20 11:45:00+00:00,50,3.325,11.04,,227.5,259.0
MHJ45,2026-02-20 11:45:00+00:00,90,5.400,18.78,,210.0,241.3
AL945,2026-02-20 11:52:30+00:00,60,3.125,11.34,,235.0,239.5
MHJ45,2026-02-20 11:52:30+00:00,70,5.850,20.59,,212.5,234.9
AL945,2026-02-20 12:00:00+00:00,70,3.600,12.40,,227.5,252.1
MHJ45,2026-02-20 12:00:00+00:00,70,6.225,22.11,,212.5,235.1
MHJ45,2026-02-20 12:07:30+00:00,70,6.600,23.16,,210.0,236.3
AL945,2026-02-20 12:07:30+00:00,60,3.913,13.27,,225.0,245.7
MHJ45,2026-02-20 12:15:00+00:00,70,6.850,24.01,,212.5,245.5
AL945,2026-02-20 12:15:00+00:00,80,4.025,13.31,,207.5,252.5
AL945,2026-02-20 12:22:30+00:00,60,4.500,14.59,,210.0,247.9
MHJ45,2026-02-20 12:22:30+00:00,70,7.025,24.98,2.13,210.0,226.2
AL945,2026-02-20 12:30:00+00:00,80,4.825,16.48,,312.5,249.7
MHJ45,2026-02-20 12:30:00+00:00,75,7.500,27.31,2.25,212.5,222.2
AL945,2026-02-20 12:37:30+00:00,40,4.675,17.81,,205.0,211.1
MHJ45,2026-02-20 12:37:30+00:00,75,7.707,28.62,2.42,210.0,218.4
MHJ45,2026-02-20 12:45:00+00:00,0,7.725,27.44,2.45,347.5,
AL945,2026-02-20 12:45:00+00:00,70,5.525,19.89,,205.0,225.6
MHJ45,2026-02-20 12:52:30+00:00,70,7.763,27.78,2.50,207.5,228.4
AL945,2026-02-20 12:52:30+00:00,60,6.075,21.43,,210.0,228.6
MHJ45,2026-02-20 13:00:00+00:00,70,7.738,28.17,2.55,210.0,214.5
AL945,2026-02-20 13:00:00+00:00,80,6.700,23.65,,207.5,248.9
AL945,2026-02-20 13:07:30+00:00,40,6.731,25.21,,210.0,219.2
MHJ45,2026-02-20 13:07:30+00:00,70,7.650,27.74,2.63,207.5,223.5
AL945,2026-02-20 13:15:00+00:00,50,7.050,26.37,,215.0,221.2
MHJ45,2026-02-20 13:15:00+00:00,70,7.750,26.56,2.67,205.0,223.9
MHJ45,2026-02-20 13:22:30+00:00,70,7.925,27.72,2.72,207.5,228.7
AL945,2026-02-20 13:22:30+00:00,80,7.300,26.94,,210.0,219.2
AL945,2026-02-20 13:30:00+00:00,90,7.213,26.10,2.15,212.5,219.7
MHJ45,2026-02-20 13:30:00+00:00,75,8.100,28.50,2.78,195.0,231.0
MHJ45,2026-02-20 13:37:30+00:00,70,8.207,28.60,2.83,217.5,235.9
AL945,2026-02-20 13:37:30+00:00,90,7.275,25.81,2.22,210.0,224.4
AL945,2026-02-20 13:45:00+00:00,90,7.557,26.70,2.25,212.5,229.3
MHJ45,2026-02-20 13:45:00+00:00,70,8.288,28.68,2.85,217.5,233.6
AL945,2026-02-20 13:52:30+00:00,90,7.975,28.07,2.30,207.5,232.2
MHJ45,2026-02-20 13:52:30+00:00,70,8.407,28.82,2.88,177.5,240.2
MHJ45,2026-02-20 14:00:00+00:00,70,8.638,29.28,2.90,220.0,240.4
AL945,2026-02-20 14:00:00+00:00,90,8.263,29.33,2.40,207.5,228.1
MHJ45,2026-02-20 14:07:30+00:00,70,9.188,30.90,2.95,217.5,243.4
AL945,2026-02-20 14:07:30+00:00,60,8.450,30.64,2.45,212.5,227.5
AL945,2026-02-20 14:15:00+00:00,90,8.350,30.29,2.53,217.5,220.6
MHJ45,2026-02-20 14:15:00+00:00,0,8.900,32.25,2.83,167.5,
MHJ45,2026-02-20 14:22:30+00:00,70,8.688,30.98,2.97,170.0,225.9
AL945,2026-02-20 14:22:30+00:00,90,8.400,30.09,2.63,215.0,222.4
AL945,2026-02-20 14:30:00+00:00,90,8.525,30.14,2.60,210.0,230.7
MHJ45,2026-02-20 14:30:00+00:00,40,8.579,28.54,2.95,150.0,236.6
AL945,2026-02-20 14:37:30+00:00,90,8.513,29.74,2.65,212.5,226.2
MHJ45,2026-02-20 14:37:30+00:00,70,9.113,29.31,3.08,315.0,249.7
MHJ45,2026-02-20 14:45:00+00:00,70,9.225,30.81,3.10,202.5,244.5
AL945,2026-02-20 14:45:00+00:00,60,8.350,31.30,2.72,207.5,216.1
AL945,2026-02-20 14:52:30+00:00,85,9.000,31.77,2.72,210.0,227.5
MHJ45,2026-02-20 14:52:30+00:00,75,9.450,31.92,3.15,207.5,245.3
AL945,2026-02-20 15:00:00+00:00,85,8.675,30.90,2.75,212.5,222.0
MHJ45,2026-02-20 15:00:00+00:00,70,9.475,31.59,3.17,210.0,245.4
AL945,2026-02-20 15:07:30+00:00,65,8.525,30.93,2.80,197.5,221.7
MHJ45,2026-02-20 15:07:30+00:00,70,9.775,31.12,3.15,202.5,261.3
MHJ45,2026-02-20 15:15:00+00:00,70,9.900,32.52,3.17,200.0,253.1
AL945,2026-02-20 15:15:00+00:00,85,9.250,32.37,2.83,220.0,232.9
AL945,2026-02-20 15:22:30+00:00,70,9.338,32.36,2.85,212.5,235.1
MHJ45,2026-02-20 15:22:30+00:00,70,10.100,33.04,3.22,205.0,259.6
AL945,2026-02-20 15:30:00+00:00,75,4.650,18.75,2.88,205.0,172.2
MHJ45,2026-02-20 15:30:00+00:00,70,9.850,32.95,3.25,155.0,243.8
AL945,2026-02-20 15:37:30+00:00,65,9.200,32.69,2.90,202.5,224.7
MHJ45,2026-02-20 15:37:30+00:00,70,9.988,32.37,3.22,150.0,255.4
MHJ45,2026-02-20 15:45:00+00:00,50,10.088,33.04,3.20,210.0,251.9
AL945,2026-02-20 15:45:00+00:00,90,9.350,32.20,2.88,200.0,232.9
AL945,2026-02-20 15:52:30+00:00,95,9.375,32.01,2.95,200.0,234.7
MHJ45,2026-02-20 15:52:30+00:00,70,10.350,33.61,3.22,217.5,255.6
AL945,2026-02-20 16:00:00+00:00,45,9.250,32.34,2.97,205.0,226.5
MHJ45,2026-02-20 16:00:00+00:00,70,10.613,34.47,3.25,207.5,255.5
MHJ45,2026-02-20 16:07:30+00:00,70,10.613,35.40,3.08,240.0,252.2
AL945,2026-02-20 16:07:30+00:00,75,9.088,30.16,3.00,222.5,240.3
MHJ45,2026-02-20 16:15:00+00:00,70,10.538,34.96,3.33,152.5,250.7
AL945,2026-02-20 16:15:00+00:00,85,9.150,30.96,3.05,205.0,233.5
MHJ45,2026-02-20 16:22:30+00:00,70,10.450,34.28,3.28,145.0,256.1
AL945,2026-02-20 16:22:30+00:00,95,9.550,32.17,3.05,195.0,240.1
MHJ45,2026-02-20 16:30:00+00:00,60,10.525,34.57,3.10,237.5,250.8
AL945,2026-02-20 16:30:00+00:00,95,9.713,32.76,3.13,197.5,242.3
MHJ45,2026-02-20 16:37:30+00:00,70,10.450,34.76,3.35,205.0,253.4
AL945,2026-02-20 16:37:30+00:00,95,9.250,32.19,3.10,182.5,228.2
MHJ45,2026-02-20 16:45:00+00:00,70,10.338,34.11,3.25,237.5,257.5
AL945,2026-02-20 16:45:00+00:00,90,9.700,32.34,3.15,182.5,244.0
MHJ45,2026-02-20 16:52:30+00:00,70,10.150,33.12,3.28,230.0,255.7
AL945,2026-02-20 16:52:30+00:00,90,9.488,31.04,3.13,222.5,239.8
AL945,2026-02-20 17:00:00+00:00,95,9.525,31.27,3.20,210.0,238.8
MHJ45,2026-02-20 17:00:00+00:00,70,10.338,33.01,3.35,220.0,263.3
MHJ45,2026-02-20 17:07:30+00:00,60,10.300,33.99,3.13,205.0,249.4
AL945,2026-02-20 17:07:30+00:00,65,9.638,32.38,3.20,202.5,239.0
MHJ45,2026-02-20 17:15:00+00:00,70,10.063,33.34,3.15,240.0,245.7
AL945,2026-02-20 17:15:00+00:00,70,9.950,32.99,3.17,197.5,244.0
AL945,2026-02-20 17:22:30+00:00,85,10.200,33.45,3.17,202.5,246.6
MHJ45,2026-02-20 17:22:30+00:00,60,10.075,32.32,3.22,210.0,249.4
AL945,2026-02-20 17:30:00+00:00,45,10.200,33.38,3.15,200.0,247.2
MHJ45,2026-02-20 17:30:00+00:00,0,10.075,32.20,3.35,205.0,
AL945,2026-02-20 17:37:30+00:00,85,10.150,33.29,3.20,202.5,248.8
MHJ45,2026-02-20 17:37:30+00:00,70,10.000,32.37,3.25,212.5,254.7
AL945,2026-02-20 17:45:00+00:00,85,10.063,33.24,3.22,200.0,242.1
MHJ45,2026-02-20 17:45:00+00:00,70,10.050,32.69,3.22,197.5,255.2
AL945,2026-02-20 17:52:30+00:00,60,10.150,32.32,3.20,197.5,253.5
MHJ45,2026-02-20 17:52:30+00:00,70,10.050,33.22,3.28,200.0,248.1
MHJ45,2026-02-20 18:00:00+00:00,60,10.213,33.16,3.22,237.5,249.1
AL945,2026-02-20 18:00:00+00:00,85,9.788,32.87,3.20,205.0,241.2
AL945,2026-02-20 18:07:30+00:00,60,10.225,33.43,3.17,195.0,249.0
MHJ45,2026-02-20 18:07:30+00:00,70,10.088,33.13,3.20,240.0,250.5
AL945,2026-02-20 18:15:00+00:00,90,10.450,33.66,3.17,195.0,255.8
MHJ45,2026-02-20 18:15:00+00:00,60,10.150,32.67,3.30,222.5,254.6
MHJ45,2026-02-20 18:22:30+00:00,70,10.050,32.20,3.28,222.5,255.7
AL945,2026-02-20 18:22:30+00:00,90,10.625,34.06,3.13,197.5,265.4
MHJ45,2026-02-20 18:30:00+00:00,70,10.200,32.90,3.22,207.5,261.6
AL945,2026-02-20 18:30:00+00:00,90,10.588,34.36,3.17,192.5,253.9
AL945,2026-02-20 18:37:30+00:00,95,10.563,34.30,3.17,220.0,254.4
MHJ45,2026-02-20 18:37:30+00:00,70,10.038,32.99,3.22,202.5,250.4
MHJ45,2026-02-20 18:45:00+00:00,60,10.038,32.55,3.22,210.0,255.0
AL945,2026-02-20 18:45:00+00:00,90,10.475,34.76,3.17,210.0,246.0
MHJ45,2026-02-20 18:52:30+00:00,70,9.925,32.00,3.17,210.0,257.3
AL945,2026-02-20 18:52:30+00:00,90,10.400,34.78,2.90,207.5,245.1
AL945,2026-02-20 19:00:00+00:00,90,10.250,33.72,3.15,207.5,243.8
MHJ45,2026-02-20 19:00:00+00:00,70,9.925,31.76,3.13,222.5,266.6
MHJ45,2026-02-20 19:07:30+00:00,60,9.925,31.67,3.13,220.0,264.5
AL945,2026-02-20 19:07:30+00:00,90,10.300,33.67,3.10,205.0,251.5
AL945,2026-02-20 19:15:00+00:00,90,10.400,33.77,2.75,202.5,259.0
MHJ45,2026-02-20 19:15:00+00:00,70,9.875,31.57,3.10,210.0,265.5
MHJ45,2026-02-20 19:22:30+00:00,60,9.925,31.51,2.85,217.5,270.8
AL945,2026-02-20 19:22:30+00:00,70,10.275,33.65,2.97,205.0,249.9
AL945,2026-02-20 19:30:00+00:00,90,10.388,33.71,3.15,220.0,254.8
MHJ45,2026-02-20 19:30:00+00:00,60,9.925,31.86,2.88,210.0,256.9
MHJ45,2026-02-20 19:37:30+00:00,70,9.900,32.20,3.00,222.5,260.3
AL945,2026-02-20 19:37:30+00:00,90,10.325,33.33,3.05,217.5,258.7
MHJ45,2026-02-20 19:45:00+00:00,60,9.875,31.93,2.85,210.0,258.6
AL945,2026-02-20 19:45:00+00:00,70,10.238,33.14,3.08,212.5,256.5
MHJ45,2026-02-20 19:52:30+00:00,70,9.725,31.44,2.78,217.5,262.2
AL945,2026-02-20 19:52:30+00:00,95,9.975,32.69,3.00,215.0,249.9
AL945,2026-02-20 20:00:00+00:00,90,9.938,32.01,3.10,212.5,254.7
MHJ45,2026-02-20 20:00:00+00:00,70,9.650,31.25,2.83,212.5,260.8
MHJ45,2026-02-20 20:07:30+00:00,70,9.500,30.67,2.78,222.5,257.7
AL945,2026-02-20 20:07:30+00:00,90,9.900,31.46,2.95,210.0,259.4
MHJ45,2026-02-20 20:15:00+00:00,70,9.500,30.55,2.88,215.0,265.2
AL945,2026-02-20 20:15:00+00:00,80,10.063,31.97,2.97,212.5,260.5
MHJ45,2026-02-20 20:22:30+00:00,40,9.413,30.33,2.83,217.5,267.0
AL945,2026-02-20 20:22:30+00:00,90,9.888,31.72,2.95,165.0,259.9
MHJ45,2026-02-20 20:30:00+00:00,40,9.300,29.61,2.75,220.0,267.6
AL945,2026-02-20 20:30:00+00:00,90,9.950,31.72,2.80,217.5,265.4
MHJ45,2026-02-20 20:37:30+00:00,70,9.300,29.44,2.67,222.5,267.7
AL945,2026-02-20 20:37:30+00:00,90,9.875,31.39,2.78,215.0,265.7
MHJ45,2026-02-20 20:45:00+00:00,70,9.400,29.53,2.53,220.0,278.2
AL945,2026-02-20 20:45:00+00:00,50,9.850,31.27,2.75,220.0,263.9
AL945,2026-02-20 20:52:30+00:00,90,9.775,31.08,2.72,212.5,261.8
MHJ45,2026-02-20 20:52:30+00:00,70,9.450,29.70,2.58,225.0,272.7
AL945,2026-02-20 21:00:00+00:00,70,9.975,31.33,2.67,212.5,269.0
MHJ45,2026-02-20 21:00:00+00:00,60,9.575,30.04,2.53,230.0,271.2
MHJ45,2026-02-20 21:07:30+00:00,70,9.600,30.25,2.50,230.0,274.2
AL945,2026-02-20 21:07:30+00:00,85,10.150,31.92,2.63,212.5,267.1
AL945,2026-02-20 21:15:00+00:00,80,10.250,33.10,2.58,215.0,263.4
MHJ45,2026-02-20 21:15:00+00:00,70,9.700,30.76,2.28,227.5,270.8
MHJ45,2026-02-20 21:22:30+00:00,60,9.775,31.33,2.17,230.0,263.0
AL945,2026-02-20 21:22:30+00:00,75,10.125,32.40,2.47,225.0,265.4
AL945,2026-02-20 21:30:00+00:00,95,10.100,31.86,2.38,227.5,270.2
MHJ45,2026-02-20 21:30:00+00:00,70,9.750,31.36,2.15,227.5,270.7
MHJ45,2026-02-20 21:37:30+00:00,70,9.638,30.99,2.22,222.5,262.3
AL945,2026-02-20 21:37:30+00:00,0,10.125,32.00,2.33,225.0,
AL945,2026-02-20 21:45:00+00:00,80,10.200,32.40,2.33,222.5,267.4
MHJ45,2026-02-20 21:45:00+00:00,70,9.750,31.60,2.08,222.5,264.2
MHJ45,2026-02-20 21:52:30+00:00,70,9.775,31.56,,222.5,273.7
AL945,2026-02-20 21:52:30+00:00,85,10.163,32.28,2.42,222.5,263.3
MHJ45,2026-02-20 22:00:00+00:00,60,9.650,31.24,,220.0,272.9
AL945,2026-02-20 22:00:00+00:00,95,10.175,32.52,2.35,220.0,268.5
MHJ45,2026-02-20 22:07:30+00:00,70,9.625,30.92,,215.0,273.0
AL945,2026-02-20 22:07:30+00:00,95,10.025,32.49,2.33,222.5,260.9
MHJ45,2026-02-20 22:15:00+00:00,70,9.475,30.65,,212.5,269.9
AL945,2026-02-20 22:15:00+00:00,90,10.013,32.32,2.25,220.0,265.4
AL945,2026-02-20 22:22:30+00:00,90,9.954,31.91,2.25,220.0,265.6
MHJ45,2026-02-20 22:22:30+00:00,70,9.350,29.40,,207.5,276.8
AL945,2026-02-20 22:30:00+00:00,90,9.888,31.96,2.05,220.0,267.0
MHJ45,2026-02-20 22:30:00+00:00,65,9.325,29.49,,210.0,279.5
AL945,2026-02-20 22:37:30+00:00,90,9.750,31.92,,220.0,258.3
MHJ45,2026-02-20 22:37:30+00:00,60,9.375,29.79,,212.5,281.8
AL945,2026-02-20 22:45:00+00:00,40,9.338,32.11,,242.5,251.4
MHJ45,2026-02-20 22:45:00+00:00,70,9.275,29.71,,215.0,282.7
AL945,2026-02-20 22:52:30+00:00,40,9.075,32.58,,217.5,241.1
MHJ45,2026-02-20 22:52:30+00:00,70,8.875,28.79,,212.5,272.0
AL945,2026-02-20 23:00:00+00:00,60,9.325,32.11,,215.0,246.4
MHJ45,2026-02-20 23:00:00+00:00,70,8.800,28.10,,210.0,276.5
AL945,2026-02-20 23:07:30+00:00,65,7.275,28.79,,212.5,220.0
MHJ45,2026-02-20 23:07:30+00:00,70,8.725,27.82,,210.0,283.5
AL945,2026-02-20 23:15:00+00:00,70,9.363,30.97,,230.0,261.7
MHJ45,2026-02-20 23:15:00+00:00,70,8.550,26.81,,210.0,298.7
AL945,2026-02-20 23:22:30+00:00,40,9.025,30.47,,205.0,254.1
MHJ45,2026-02-20 23:22:30+00:00,70,8.375,26.34,,215.0,294.3
MHJ45,2026-02-20 23:30:00+00:00,70,8.325,25.91,,222.5,298.2
AL945,2026-02-20 23:30:00+00:00,70,9.250,29.84,,202.5,277.8
AL945,2026-02-20 23:37:30+00:00,50,8.950,29.27,,212.5,266.9
MHJ45,2026-02-20 23:37:30+00:00,50,8.275,25.68,,225.0,295.2
AL945,2026-02-20 23:45:00+00:00,60,8.725,28.34,,217.5,266.5
MHJ45,2026-02-20 23:45:00+00:00,70,8.275,26.02,,227.5,288.2
AL945,2026-02-20 23:52:30+00:00,60,8.575,27.75,,215.0,269.9
MHJ45,2026-02-20 23:52:30+00:00,65,8.200,26.07,,225.0,292.8
AL945,2026-02-21 00:00:00+00:00,60,8.450,26.97,,212.5,274.4
MHJ45,2026-02-21 00:00:00+00:00,70,8.000,25.67,,225.0,281.8
AL945,2026-02-21 00:07:30+00:00,60,8.025,26.10,,227.5,275.0
MHJ45,2026-02-21 00:07:30+00:00,70,7.925,25.25,,225.0,286.8
MHJ45,2026-02-21 00:15:00+00:00,70,7.775,25.17,,220.0,289.5
AL945,2026-02-21 00:15:00+00:00,40,7.300,25.90,,217.5,253.7
MHJ45,2026-02-21 00:22:30+00:00,70,7.650,24.50,,220.0,284.3
AL945,2026-02-21 00:22:30+00:00,60,7.975,26.22,,217.5,270.2
MHJ45,2026-02-21 00:30:00+00:00,50,7.425,24.30,,217.5,267.2
AL945,2026-02-21 00:30:00+00:00,40,7.375,26.44,,215.0,252.1
AL945,2026-02-21 00:37:30+00:00,80,7.375,25.05,,215.0,262.5
MHJ45,2026-02-21 00:37:30+00:00,70,7.300,23.12,,220.0,289.4
AL945,2026-02-21 00:45:00+00:00,70,7.275,23.13,,212.5,283.6
MHJ45,2026-02-21 00:45:00+00:00,65,6.925,22.55,,222.5,272.4
AL945,2026-02-21 00:52:30+00:00,90,6.975,21.77,,215.0,286.7
MHJ45,2026-02-21 00:52:30+00:00,70,6.875,21.43,,222.5,297.8
MHJ45,2026-02-21 01:00:00+00:00,0,6.675,20.11,,227.5,
AL945,2026-02-21 01:00:00+00:00,0,6.800,20.85,,222.5,
AL945,2026-02-21 01:07:30+00:00,80,6.525,20.04,,227.5,291.9
MHJ45,2026-02-21 01:07:30+00:00,0,6.625,19.48,,235.0,
AL945,2026-02-21 01:15:00+00:00,40,5.550,19.33,,235.0,267.7
MHJ45,2026-02-21 01:15:00+00:00,70,6.575,19.71,,242.5,319.1
MHJ45,2026-02-21 01:22:30+00:00,70,6.350,19.05,,245.0,309.2
AL945,2026-02-21 01:22:30+00:00,80,6.300,19.39,,242.5,305.6
AL945,2026-02-21 01:30:00+00:00,80,6.000,17.94,,250.0,317.1
MHJ45,2026-02-21 01:30:00+00:00,90,6.300,18.18,,250.0,335.0
AL945,2026-02-21 01:37:30+00:00,70,5.850,17.73,,252.5,311.1
MHJ45,2026-02-21 01:37:30+00:00,90,6.225,17.59,,260.0,344.3
AL945,2026-02-21 01:45:00+00:00,90,5.725,16.67,,255.0,331.6
MHJ45,2026-02-21 01:45:00+00:00,70,6.075,17.09,,265.0,346.4
MHJ45,2026-02-21 01:52:30+00:00,90,6.100,16.62,,277.5,358.9
AL945,2026-02-21 01:52:30+00:00,80,5.750,16.81,,262.5,321.0
AL945,2026-02-21 02:00:00+00:00,80,5.625,16.20,,280.0,332.8
MHJ45,2026-02-21 02:00:00+00:00,80,5.975,16.88,,272.5,341.0
MHJ45,2026-02-21 02:07:30+00:00,70,5.975,16.98,,277.5,338.3
AL945,2026-02-21 02:07:30+00:00,0,5.625,15.99,,260.0,
MHJ45,2026-02-21 02:15:00+00:00,70,5.850,16.91,,287.5,336.6
AL945,2026-02-21 02:15:00+00:00,90,5.625,16.32,,257.5,329.2
MHJ45,2026-02-21 02:22:30+00:00,60,4.950,16.10,,270.0,301.5
AL945,2026-02-21 02:22:30+00:00,90,5.375,15.58,,252.5,321.6
AL945,2026-02-21 02:30:00+00:00,50,5.175,14.84,,252.5,318.5
MHJ45,2026-02-21 02:30:00+00:00,60,4.550,14.81,,272.5,299.1
MHJ45,2026-02-21 02:37:30+00:00,80,6.075,15.71,,302.5,387.2
AL945,2026-02-21 02:37:30+00:00,0,5.225,14.59,,257.5,
MHJ45,2026-02-21 02:45:00+00:00,80,5.825,16.08,,285.0,367.6
AL945,2026-02-21 02:45:00+00:00,0,5.300,14.37,,265.0,
MHJ45,2026-02-21 02:52:30+00:00,60,4.625,14.98,,285.0,314.0
AL945,2026-02-21 02:52:30+00:00,90,5.500,15.18,,270.0,356.9
AL945,2026-02-21 03:00:00+00:00,90,5.675,15.69,,272.5,357.4
MHJ45,2026-02-21 03:00:00+00:00,70,5.800,16.01,,315.0,369.4
AL945,2026-02-21 03:07:30+00:00,90,5.800,16.16,,272.5,353.6
MHJ45,2026-02-21 03:07:30+00:00,60,5.925,16.19,,285.0,353.8
AL945,2026-02-21 03:15:00+00:00,90,5.800,16.32,,270.0,340.2
MHJ45,2026-02-21 03:15:00+00:00,60,6.050,16.63,,290.0,350.1
AL945,2026-02-21 03:22:30+00:00,90,5.850,16.50,,272.5,343.0
MHJ45,2026-02-21 03:22:30+00:00,80,6.175,17.56,,302.5,356.9
MHJ45,2026-02-21 03:30:00+00:00,80,5.750,16.18,,297.5,346.2
AL945,2026-02-21 03:30:00+00:00,90,5.925,16.51,,272.5,350.6
AL945,2026-02-21 03:37:30+00:00,90,5.950,16.73,,272.5,345.5
MHJ45,2026-02-21 03:37:30+00:00,60,4.600,15.08,,300.0,301.8
AL945,2026-02-21 03:45:00+00:00,70,5.975,16.87,,270.0,341.5
MHJ45,2026-02-21 03:45:00+00:00,80,5.875,16.39,,297.5,348.2
MHJ45,2026-02-21 03:52:30+00:00,80,5.850,16.27,,300.0,347.7
AL945,2026-02-21 03:52:30+00:00,90,6.100,17.26,,267.5,344.8
AL945,2026-02-21 04:00:00+00:00,90,6.125,17.52,,262.5,340.5
MHJ45,2026-02-21 04:00:00+00:00,80,6.000,17.26,,280.0,349.2
MHJ45,2026-02-21 04:07:30+00:00,40,5.900,17.51,,267.5,328.0
AL945,2026-02-21 04:07:30+00:00,90,6.150,17.74,,260.0,337.7
MHJ45,2026-02-21 04:15:00+00:00,40,5.500,17.82,,260.0,299.5
AL945,2026-02-21 04:15:00+00:00,90,6.200,17.93,,257.5,333.9
MHJ45,2026-02-21 04:22:30+00:00,70,5.950,18.08,,257.5,322.7
AL945,2026-02-21 04:22:30+00:00,90,6.250,18.27,,252.5,327.7
AL945,2026-02-21 04:30:00+00:00,70,6.200,18.64,,247.5,313.8
MHJ45,2026-02-21 04:30:00+00:00,70,4.650,16.10,,250.0,272.1
AL945,2026-02-21 04:37:30+00:00,90,6.200,18.62,,240.0,310.5
MHJ45,2026-02-21 04:37:30+00:00,40,4.800,17.00,,255.0,267.5
AL945,2026-02-21 04:45:00+00:00,90,6.100,18.58,,232.5,302.0
MHJ45,2026-02-21 04:45:00+00:00,40,5.825,18.22,,235.0,299.5
MHJ45,2026-02-21 04:52:30+00:00,80,6.050,18.16,,235.0,296.8
AL945,2026-02-21 04:52:30+00:00,0,5.975,18.11,,230.0,
MHJ45,2026-02-21 05:00:00+00:00,70,5.700,17.89,,230.0,294.9
AL945,2026-02-21 05:00:00+00:00,0,5.800,17.45,,232.5,
MHJ45,2026-02-21 05:07:30+00:00,70,5.475,17.28,,225.0,289.6
AL945,2026-02-21 05:07:30+00:00,0,5.725,16.87,,235.0,
MHJ45,2026-02-21 05:15:00+00:00,40,3.725,14.38,,227.5,235.3
AL945,2026-02-21 05:15:00+00:00,0,5.500,16.20,,237.5,
MHJ45,2026-02-21 05:22:30+00:00,40,5.000,15.50,,230.0,290.9
AL945,2026-02-21 05:22:30+00:00,90,5.475,15.36,,245.0,326.1
AL945,2026-02-21 05:30:00+00:00,70,5.375,15.35,,252.5,322.1
MHJ45,2026-02-21 05:30:00+00:00,0,4.875,14.09,,235.0,
AL945,2026-02-21 05:37:30+00:00,60,5.400,15.74,,267.5,334.0
MHJ45,2026-02-21 05:37:30+00:00,0,4.725,13.22,,252.5,
AL945,2026-02-21 05:45:00+00:00,20,3.125,11.21,,255.0,257.8
MHJ45,2026-02-21 05:45:00+00:00,0,4.775,13.23,,262.5,
MHJ45,2026-02-21 05:52:30+00:00,40,4.775,13.86,,265.0,336.9
AL945,2026-02-21 05:52:30+00:00,90,5.050,15.31,,260.0,311.3
MHJ45,2026-02-21 06:00:00+00:00,70,4.775,13.91,,267.5,342.3
AL945,2026-02-21 06:00:00+00:00,90,5.025,14.60,,257.5,322.2
AL945,2026-02-21 06:07:30+00:00,80,5.175,14.77,,257.5,325.7
MHJ45,2026-02-21 06:07:30+00:00,50,4.750,13.67,,305.0,342.3
MHJ45,2026-02-21 06:15:00+00:00,60,4.700,13.81,,265.0,316.9
AL945,2026-02-21 06:15:00+00:00,90,5.125,14.52,,252.5,321.6
AL945,2026-02-21 06:22:30+00:00,0,5.025,14.69,,267.5,
MHJ45,2026-02-21 06:22:30+00:00,70,4.775,14.00,,257.5,327.8
AL945,2026-02-21 06:30:00+00:00,80,4.950,14.63,,247.5,312.8
MHJ45,2026-02-21 06:30:00+00:00,70,4.775,14.38,,247.5,315.4
MHJ45,2026-02-21 06:37:30+00:00,50,2.875,10.44,,242.5,247.4
AL945,2026-02-21 06:37:30+00:00,70,4.750,13.92,,250.0,311.8
MHJ45,2026-02-21 06:45:00+00:00,20,4.525,13.89,,247.5,300.8
AL945,2026-02-21 06:45:00+00:00,70,4.700,13.88,,255.0,314.1
MHJ45,2026-02-21 06:52:30+00:00,0,4.700,13.61,,262.5,
AL945,2026-02-21 06:52:30+00:00,0,4.875,14.15,,257.5,
AL945,2026-02-21 07:00:00+00:00,80,4.775,14.52,,252.5,312.8
MHJ45,2026-02-21 07:00:00+00:00,70,4.550,13.65,,270.0,321.0
AL945,2026-02-21 07:07:30+00:00,80,4.750,14.61,,250.0,300.3
MHJ45,2026-02-21 07:07:30+00:00,20,4.500,13.62,,292.5,313.6
AL945,2026-02-21 07:15:00+00:00,60,4.625,14.34,,247.5,297.9
MHJ45,2026-02-21 07:15:00+00:00,70,3.825,13.24,,260.0,274.6
MHJ45,2026-02-21 07:22:30+00:00,70,4.575,14.22,,265.0,304.4
AL945,2026-02-21 07:22:30+00:00,60,4.675,14.88,,245.0,289.8
MHJ45,2026-02-21 07:30:00+00:00,50,4.575,13.84,,250.0,306.7
AL945,2026-02-21 07:30:00+00:00,80,4.775,14.31,,240.0,296.4
MHJ45,2026-02-21 07:37:30+00:00,40,4.550,14.27,,247.5,291.9
AL945,2026-02-21 07:37:30+00:00,90,4.550,14.44,,235.0,290.8
AL945,2026-02-21 07:45:00+00:00,80,4.425,13.97,,227.5,279.5
MHJ45,2026-02-21 07:45:00+00:00,50,3.875,14.00,,260.0,261.8
AL945,2026-02-21 07:52:30+00:00,0,4.350,13.57,,225.0,
MHJ45,2026-02-21 07:52:30+00:00,60,4.525,14.42,,255.0,295.8
MHJ45,2026-02-21 08:00:00+00:00,70,4.550,14.53,,235.0,284.8
AL945,2026-02-21 08:00:00+00:00,0,4.375,13.36,,227.5,
AL945,2026-02-21 08:07:30+00:00,80,4.175,13.39,,240.0,290.1
MHJ45,2026-02-21 08:07:30+00:00,70,4.575,14.99,,237.5,284.3
MHJ45,2026-02-21 08:15:00+00:00,70,4.600,14.61,,240.0,299.9
AL945,2026-02-21 08:15:00+00:00,70,4.000,12.89,,252.5,298.1
MHJ45,2026-02-21 08:22:30+00:00,70,4.375,14.34,,240.0,284.3
AL945,2026-02-21 08:22:30+00:00,90,3.725,12.29,,230.0,272.6
MHJ45,2026-02-21 08:30:00+00:00,70,4.325,14.17,,237.5,283.2
AL945,2026-02-21 08:30:00+00:00,0,3.575,11.21,,235.0,
MHJ45,2026-02-21 08:37:30+00:00,70,4.175,13.60,,235.0,284.0
AL945,2026-02-21 08:37:30+00:00,0,3.425,10.37,,247.5,
MHJ45,2026-02-21 08:45:00+00:00,70,3.750,12.44,,240.0,278.1
AL945,2026-02-21 08:45:00+00:00,0,3.350,9.97,,262.5,
MHJ45,2026-02-21 08:52:30+00:00,70,3.900,11.73,,245.0,304.5
AL945,2026-02-21 08:52:30+00:00,80,3.350,9.84,,277.5,318.8
AL945,2026-02-21 09:00:00+00:00,80,3.325,9.56,,282.5,331.2
MHJ45,2026-02-21 09:00:00+00:00,0,3.875,11.11,,260.0,
MHJ45,2026-02-21 09:07:30+00:00,60,3.325,11.38,,282.5,284.1
AL945,2026-02-21 09:07:30+00:00,90,3.300,9.47,,287.5,339.9
AL945,2026-02-21 09:15:00+00:00,80,3.175,9.49,,295.0,315.6
MHJ45,2026-02-21 09:15:00+00:00,70,4.275,11.69,,287.5,345.4
AL945,2026-02-21 09:22:30+00:00,90,3.150,9.13,,302.5,342.0
MHJ45,2026-02-21 09:22:30+00:00,60,4.100,12.19,,290.0,324.3
MHJ45,2026-02-21 09:30:00+00:00,40,3.675,11.82,,287.5,300.7
AL945,2026-02-21 09:30:00+00:00,90,3.200,8.99,,300.0,356.6
AL945,2026-02-21 09:37:30+00:00,80,3.150,8.95,,327.5,350.4
MHJ45,2026-02-21 09:37:30+00:00,60,4.325,12.95,,285.0,332.7
AL945,2026-02-21 09:45:00+00:00,90,3.125,9.12,,307.5,330.3
MHJ45,2026-02-21 09:45:00+00:00,70,4.325,12.10,,287.5,346.9
MHJ45,2026-02-21 09:52:30+00:00,40,3.925,11.85,,290.0,317.5
AL945,2026-02-21 09:52:30+00:00,80,3.175,9.07,,307.5,351.1
AL945,2026-02-21 10:00:00+00:00,80,3.150,8.97,,315.0,337.0
MHJ45,2026-02-21 10:00:00+00:00,70,4.325,12.55,,287.5,333.4
AL945,2026-02-21 10:07:30+00:00,90,3.175,8.81,,312.5,351.0
MHJ45,2026-02-21 10:07:30+00:00,70,4.525,12.89,,287.5,341.3
AL945,2026-02-21 10:15:00+00:00,80,3.075,8.94,,317.5,329.9
MHJ45,2026-02-21 10:15:00+00:00,70,4.525,12.99,,280.0,330.9
MHJ45,2026-02-21 10:22:30+00:00,40,4.350,13.62,,272.5,300.8
AL945,2026-02-21 10:22:30+00:00,80,3.100,9.01,,310.0,337.1
MHJ45,2026-02-21 10:30:00+00:00,70,4.600,13.82,,267.5,306.1
AL945,2026-02-21 10:30:00+00:00,80,3.075,9.36,,305.0,310.7
MHJ45,2026-02-21 10:37:30+00:00,40,4.400,14.33,,255.0,285.5
AL945,2026-02-21 10:37:30+00:00,70,3.200,9.30,,312.5,329.7
AL945,2026-02-21 10:45:00+00:00,90,3.125,9.19,,290.0,322.7
MHJ45,2026-02-21 10:45:00+00:00,70,4.600,14.83,,247.5,286.2
AL945,2026-02-21 10:52:30+00:00,80,3.150,9.48,,282.5,317.8
MHJ45,2026-02-21 10:52:30+00:00,70,4.625,15.36,,235.0,274.8
MHJ45,2026-02-21 11:00:00+00:00,60,5.150,16.85,,235.0,272.9
AL945,2026-02-21 11:00:00+00:00,90,3.225,9.68,,277.5,306.8
AL945,2026-02-21 11:07:30+00:00,70,3.225,10.26,,267.5,288.1
MHJ45,2026-02-21 11:07:30+00:00,70,4.900,17.51,,225.0,248.3
AL945,2026-02-21 11:15:00+00:00,90,3.275,10.31,,260.0,289.1
MHJ45,2026-02-21 11:15:00+00:00,0,5.150,17.59,,230.0,
MHJ45,2026-02-21 11:22:30+00:00,50,5.500,17.96,,212.5,271.9
AL945,2026-02-21 11:22:30+00:00,90,3.250,10.06,,260.0,284.6
AL945,2026-02-21 11:30:00+00:00,90,3.275,10.41,,250.0,284.0
MHJ45,2026-02-21 11:30:00+00:00,70,5.613,19.53,,282.5,248.0
AL945,2026-02-21 11:37:30+00:00,90,3.350,10.67,,250.0,287.5
MHJ45,2026-02-21 11:37:30+00:00,80,5.975,20.25,,210.0,243.0
AL945,2026-02-21 11:45:00+00:00,70,3.450,11.14,,250.0,275.5
MHJ45,2026-02-21 11:45:00+00:00,50,6.300,20.88,,215.0,248.7
MHJ45,2026-02-21 11:52:30+00:00,70,6.850,22.95,,220.0,256.8
AL945,2026-02-21 11:52:30+00:00,70,3.675,11.69,,242.5,285.8
AL945,2026-02-21 12:00:00+00:00,70,3.950,13.04,,237.5,267.6
MHJ45,2026-02-21 12:00:00+00:00,70,7.475,25.75,,225.0,246.4
AL945,2026-02-21 12:07:30+00:00,80,4.300,15.21,,222.5,243.4
MHJ45,2026-02-21 12:07:30+00:00,70,7.775,27.32,,225.0,237.7
AL945,2026-02-21 12:15:00+00:00,60,4.675,16.11,,215.0,242.2
MHJ45,2026-02-21 12:15:00+00:00,40,8.350,29.66,,220.0,239.1
AL945,2026-02-21 12:22:30+00:00,90,4.925,17.26,,210.0,244.5
MHJ45,2026-02-21 12:22:30+00:00,20,6.375,26.52,2.05,222.5,203.7
AL945,2026-02-21 12:30:00+00:00,60,5.375,18.79,,212.5,246.1
MHJ45,2026-02-21 12:30:00+00:00,70,9.125,33.25,2.17,215.0,225.5
AL945,2026-02-21 12:37:30+00:00,70,5.850,21.15,,212.5,227.3
MHJ45,2026-02-21 12:37:30+00:00,70,9.254,33.20,2.25,215.0,239.2
AL945,2026-02-21 12:45:00+00:00,60,6.050,22.67,,207.5,220.2
MHJ45,2026-02-21 12:45:00+00:00,60,9.225,35.25,2.35,217.5,217.7
MHJ45,2026-02-21 12:52:30+00:00,70,9.775,36.69,2.50,215.0,221.8
AL945,2026-02-21 12:52:30+00:00,90,6.550,23.96,,205.0,230.0
MHJ45,2026-02-21 13:00:00+00:00,70,9.513,35.68,2.53,212.5,216.1
AL945,2026-02-21 13:00:00+00:00,95,6.675,24.09,,200.0,230.6
MHJ45,2026-02-21 13:07:30+00:00,70,9.102,33.79,2.53,207.5,221.8
AL945,2026-02-21 13:07:30+00:00,90,6.481,23.17,2.05,197.5,226.2
AL945,2026-02-21 13:15:00+00:00,90,7.038,24.41,2.17,207.5,226.9
MHJ45,2026-02-21 13:15:00+00:00,65,9.050,33.07,2.53,210.0,217.4
MHJ45,2026-02-21 13:22:30+00:00,70,8.750,33.26,2.63,210.0,208.2
AL945,2026-02-21 13:22:30+00:00,90,7.188,27.04,2.25,207.5,211.5
MHJ45,2026-02-21 13:30:00+00:00,40,8.500,31.87,2.60,205.0,210.2
AL945,2026-02-21 13:30:00+00:00,75,7.200,27.04,2.25,202.5,209.8
MHJ45,2026-02-21 13:37:30+00:00,70,8.125,30.70,2.65,205.0,206.2
AL945,2026-02-21 13:37:30+00:00,75,7.213,25.67,2.25,152.5,216.5
AL945,2026-02-21 13:45:00+00:00,80,7.088,24.40,2.30,200.0,228.7
MHJ45,2026-02-21 13:45:00+00:00,70,8.032,28.71,2.72,150.0,215.9
MHJ45,2026-02-21 13:52:30+00:00,60,7.975,27.93,2.80,200.0,226.5
AL945,2026-02-21 13:52:30+00:00,90,7.825,24.89,2.40,202.5,255.8
AL945,2026-02-21 14:00:00+00:00,80,8.175,26.82,2.45,195.0,245.6
MHJ45,2026-02-21 14:00:00+00:00,70,8.225,28.26,2.88,202.5,232.2
AL945,2026-02-21 14:07:30+00:00,90,8.388,28.69,2.58,240.0,233.2
MHJ45,2026-02-21 14:07:30+00:00,70,8.329,29.16,2.95,212.5,230.9
AL945,2026-02-21 14:15:00+00:00,85,9.088,30.72,2.58,215.0,238.5
MHJ45,2026-02-21 14:15:00+00:00,70,8.357,29.36,3.00,200.0,226.7
MHJ45,2026-02-21 14:22:30+00:00,70,8.332,28.74,3.00,210.0,237.0
AL945,2026-02-21 14:22:30+00:00,95,9.413,32.32,2.58,205.0,235.9
MHJ45,2026-02-21 14:30:00+00:00,60,8.450,27.91,3.03,190.0,236.9
AL945,2026-02-21 14:30:00+00:00,90,9.813,33.12,2.63,217.5,243.8
AL945,2026-02-21 14:37:30+00:00,90,10.125,34.64,2.65,217.5,238.6
MHJ45,2026-02-21 14:37:30+00:00,70,8.750,28.86,3.03,195.0,247.0
MHJ45,2026-02-21 14:45:00+00:00,70,8.813,29.89,3.08,192.5,233.9
AL945,2026-02-21 14:45:00+00:00,0,10.250,36.17,2.67,217.5,
MHJ45,2026-02-21 14:52:30+00:00,60,9.463,30.63,3.13,212.5,261.6
AL945,2026-02-21 14:52:30+00:00,45,8.138,33.04,2.75,217.5,201.6
MHJ45,2026-02-21 15:00:00+00:00,70,9.663,31.96,3.13,217.5,249.0
AL945,2026-02-21 15:00:00+00:00,95,10.175,35.87,2.78,215.0,231.2
MHJ45,2026-02-21 15:07:30+00:00,70,9.775,32.73,3.15,180.2,241.4
AL945,2026-02-21 15:07:30+00:00,85,10.200,34.76,2.75,205.0,233.5
MHJ45,2026-02-21 15:15:00+00:00,70,9.888,33.22,3.17,210.0,245.4
AL945,2026-02-21 15:15:00+00:00,90,10.325,35.20,2.80,210.0,237.8
MHJ45,2026-02-21 15:22:30+00:00,60,9.988,33.54,3.17,180.0,238.6
AL945,2026-02-21 15:22:30+00:00,95,10.088,35.66,2.80,202.5,232.2
AL945,2026-02-21 15:30:00+00:00,85,10.038,33.86,2.80,220.0,236.0
MHJ45,2026-02-21 15:30:00+00:00,70,10.038,33.88,3.17,227.5,242.9
MHJ45,2026-02-21 15:37:30+00:00,70,10.232,34.24,3.17,217.5,249.9
AL945,2026-02-21 15:37:30+00:00,90,9.825,32.44,2.83,205.0,247.4
MHJ45,2026-02-21 15:45:00+00:00,70,10.188,34.11,3.15,227.5,245.5
AL945,2026-02-21 15:45:00+00:00,90,9.925,32.43,3.00,210.0,248.4
MHJ45,2026-02-21 15:52:30+00:00,60,10.063,33.65,3.20,222.5,236.4
AL945,2026-02-21 15:52:30+00:00,90,10.313,32.96,3.03,205.0,255.6
MHJ45,2026-02-21 16:00:00+00:00,70,9.875,32.86,3.20,177.5,242.4
AL945,2026-02-21 16:00:00+00:00,60,7.625,29.49,2.88,197.5,202.8
AL945,2026-02-21 16:07:30+00:00,60,10.613,34.78,2.85,195.0,253.2
MHJ45,2026-02-21 16:07:30+00:00,70,9.963,32.28,3.17,225.0,253.8
MHJ45,2026-02-21 16:15:00+00:00,60,10.163,33.13,3.17,222.5,261.2
AL945,2026-02-21 16:15:00+00:00,80,10.638,35.97,2.90,197.5,244.3
MHJ45,2026-02-21 16:22:30+00:00,65,10.375,34.23,3.15,187.5,248.8
AL945,2026-02-21 16:22:30+00:00,70,10.938,35.84,3.05,192.5,252.4
MHJ45,2026-02-21 16:30:00+00:00,70,10.450,34.55,3.15,182.5,251.1
AL945,2026-02-21 16:30:00+00:00,70,11.000,37.50,2.97,187.5,246.3
AL945,2026-02-21 16:37:30+00:00,0,11.050,37.49,3.05,322.5,
MHJ45,2026-02-21 16:37:30+00:00,70,10.500,34.68,3.10,200.0,247.7
MHJ45,2026-02-21 16:45:00+00:00,70,10.507,34.82,3.15,222.5,251.8
AL945,2026-02-21 16:45:00+00:00,90,10.950,36.66,3.13,190.0,247.3
MHJ45,2026-02-21 16:52:30+00:00,70,10.563,35.28,3.10,267.5,245.9
AL945,2026-02-21 16:52:30+00:00,90,10.913,36.39,3.10,227.5,244.1
AL945,2026-02-21 17:00:00+00:00,90,10.938,36.59,3.10,217.5,251.6
MHJ45,2026-02-21 17:00:00+00:00,70,10.500,35.04,3.10,240.0,243.8
MHJ45,2026-02-21 17:07:30+00:00,70,10.425,34.57,3.25,232.5,247.3
AL945,2026-02-21 17:07:30+00:00,90,10.838,36.15,3.10,215.0,246.8
MHJ45,2026-02-21 17:15:00+00:00,70,10.425,34.82,3.25,222.5,249.3
AL945,2026-02-21 17:15:00+00:00,80,10.725,36.13,3.08,167.5,243.3
AL945,2026-02-21 17:22:30+00:00,95,10.663,35.59,3.05,207.5,250.2
MHJ45,2026-02-21 17:22:30+00:00,70,10.313,34.15,3.22,232.5,247.8
MHJ45,2026-02-21 17:30:00+00:00,70,10.250,33.99,3.17,212.5,253.7
AL945,2026-02-21 17:30:00+00:00,90,10.313,34.65,3.08,202.5,240.0
MHJ45,2026-02-21 17:37:30+00:00,60,10.200,33.32,3.20,215.0,244.4
AL945,2026-02-21 17:37:30+00:00,90,10.300,34.46,3.03,205.0,244.9
MHJ45,2026-02-21 17:45:00+00:00,70,9.950,33.05,3.15,212.5,243.1
AL945,2026-02-21 17:45:00+00:00,75,10.075,33.74,3.03,197.5,242.7
MHJ45,2026-02-21 17:52:30+00:00,70,10.232,33.49,3.15,232.5,252.2
AL945,2026-02-21 17:52:30+00:00,90,9.963,32.94,3.00,202.5,244.9
MHJ45,2026-02-21 18:00:00+00:00,70,10.250,33.88,3.13,195.0,252.1
AL945,2026-02-21 18:00:00+00:00,60,9.775,32.64,3.00,200.0,237.0
MHJ45,2026-02-21 18:07:30+00:00,70,10.263,34.22,3.10,140.0,250.3
AL945,2026-02-21 18:07:30+00:00,75,9.863,33.03,2.97,140.0,240.8
AL945,2026-02-21 18:15:00+00:00,90,9.900,32.82,2.92,197.5,249.4
MHJ45,2026-02-21 18:15:00+00:00,70,10.038,33.47,3.20,230.0,247.7
MHJ45,2026-02-21 18:22:30+00:00,70,9.950,33.36,3.22,207.5,246.5
AL945,2026-02-21 18:22:30+00:00,90,9.825,32.17,2.85,202.5,252.0
MHJ45,2026-02-21 18:30:00+00:00,70,9.775,32.55,3.20,207.5,246.1
AL945,2026-02-21 18:30:00+00:00,70,9.775,32.37,2.78,140.0,244.2
MHJ45,2026-02-21 18:37:30+00:00,70,9.638,31.96,3.15,225.0,248.3
AL945,2026-02-21 18:37:30+00:00,90,9.825,32.08,2.70,140.0,255.0
AL945,2026-02-21 18:45:00+00:00,90,9.800,31.87,2.72,140.0,251.9
MHJ45,2026-02-21 18:45:00+00:00,70,9.525,31.62,3.05,222.5,246.3
AL945,2026-02-21 18:52:30+00:00,90,9.825,31.83,3.05,200.0,255.9
MHJ45,2026-02-21 18:52:30+00:00,70,9.400,31.02,3.08,217.5,250.2
AL945,2026-02-21 19:00:00+00:00,90,9.800,31.99,3.13,202.5,251.8
MHJ45,2026-02-21 19:00:00+00:00,70,9.275,30.70,3.00,210.0,245.7
AL945,2026-02-21 19:07:30+00:00,90,9.775,31.77,3.03,197.5,256.4
MHJ45,2026-02-21 19:07:30+00:00,70,9.254,30.15,2.92,155.0,254.5
MHJ45,2026-02-21 19:15:00+00:00,70,9.275,30.15,2.80,212.5,262.4
AL945,2026-02-21 19:15:00+00:00,90,9.900,31.92,3.10,205.0,258.7
AL945,2026-02-21 19:22:30+00:00,90,9.850,32.64,3.10,215.0,249.8
MHJ45,2026-02-21 19:22:30+00:00,70,9.200,30.10,2.72,147.5,258.4
AL945,2026-02-21 19:30:00+00:00,90,9.675,31.77,3.05,217.5,250.7
MHJ45,2026-02-21 19:30:00+00:00,70,9.175,30.02,2.95,210.0,258.4
MHJ45,2026-02-21 19:37:30+00:00,70,8.925,29.67,2.88,210.0,245.2
AL945,2026-02-21 19:37:30+00:00,70,9.463,30.72,3.08,212.5,252.1
MHJ45,2026-02-21 19:45:00+00:00,70,8.875,29.27,2.88,210.0,251.3
AL945,2026-02-21 19:45:00+00:00,90,9.413,29.91,3.05,210.0,257.0
AL945,2026-02-21 19:52:30+00:00,70,9.375,30.17,3.00,215.0,255.0
MHJ45,2026-02-21 19:52:30+00:00,70,8.775,28.42,2.80,215.0,258.8
AL945,2026-02-21 20:00:00+00:00,70,9.375,30.02,2.97,212.5,259.2
MHJ45,2026-02-21 20:00:00+00:00,60,8.663,28.06,2.75,152.5,257.4
MHJ45,2026-02-21 20:07:30+00:00,70,8.525,26.93,2.67,220.0,264.2
AL945,2026-02-21 20:07:30+00:00,50,9.300,29.98,2.85,212.5,257.7
AL945,2026-02-21 20:15:00+00:00,0,9.250,29.35,2.85,220.0,
MHJ45,2026-02-21 20:15:00+00:00,70,8.675,26.67,2.67,220.0,275.6
AL945,2026-02-21 20:22:30+00:00,55,9.313,29.22,2.83,157.5,264.1
MHJ45,2026-02-21 20:22:30+00:00,70,8.800,27.78,2.63,217.5,261.7
AL945,2026-02-21 20:30:00+00:00,90,9.388,29.49,2.80,147.5,262.5
MHJ45,2026-02-21 20:30:00+00:00,70,9.188,29.01,2.72,215.0,269.8
MHJ45,2026-02-21 20:37:30+00:00,70,9.338,29.70,2.65,235.0,272.6
AL945,2026-02-21 20:37:30+00:00,40,8.588,29.54,2.88,212.5,236.6
AL945,2026-02-21 20:45:00+00:00,80,9.788,30.13,2.83,210.0,271.0
MHJ45,2026-02-21 20:45:00+00:00,70,9.500,30.35,2.53,230.0,268.1
MHJ45,2026-02-21 20:52:30+00:00,70,9.625,31.16,2.53,230.0,266.0
AL945,2026-02-21 20:52:30+00:00,60,9.888,31.25,2.80,210.0,264.1
MHJ45,2026-02-21 21:00:00+00:00,70,9.675,31.27,2.53,230.0,265.9
AL945,2026-02-21 21:00:00+00:00,90,10.063,31.71,2.78,215.0,267.6
MHJ45,2026-02-21 21:07:30+00:00,60,9.763,31.50,2.50,227.5,259.9
AL945,2026-02-21 21:07:30+00:00,60,10.113,31.77,2.70,222.5,259.8
MHJ45,2026-02-21 21:15:00+00:00,70,9.688,31.61,2.25,155.0,262.9
AL945,2026-02-21 21:15:00+00:00,90,10.288,32.55,2.67,220.0,270.4
AL945,2026-02-21 21:22:30+00:00,90,10.213,33.39,2.63,222.5,259.3
MHJ45,2026-02-21 21:22:30+00:00,70,9.607,31.06,2.25,220.0,266.8
AL945,2026-02-21 21:30:00+00:00,90,10.288,33.68,2.58,222.5,264.3
MHJ45,2026-02-21 21:30:00+00:00,60,9.681,31.94,2.25,217.5,259.2
AL945,2026-02-21 21:37:30+00:00,70,9.963,32.67,2.53,225.0,255.0
MHJ45,2026-02-21 21:37:30+00:00,70,9.588,31.34,2.15,222.5,262.9
MHJ45,2026-02-21 21:45:00+00:00,70,9.500,31.39,2.05,220.0,259.0
AL945,2026-02-21 21:45:00+00:00,90,9.738,31.93,2.47,220.0,256.9
AL945,2026-02-21 21:52:30+00:00,80,9.625,30.65,2.40,220.0,257.5
MHJ45,2026-02-21 21:52:30+00:00,60,8.400,30.35,,220.0,236.6
MHJ45,2026-02-21 22:00:00+00:00,70,9.200,30.23,,217.5,265.1
AL945,2026-02-21 22:00:00+00:00,85,9.338,30.11,2.25,220.0,256.8
AL945,2026-02-21 22:07:30+00:00,70,9.325,29.58,2.22,222.5,266.4
MHJ45,2026-02-21 22:07:30+00:00,60,9.125,29.31,,217.5,269.8
MHJ45,2026-02-21 22:15:00+00:00,70,8.775,28.20,,212.5,281.4
AL945,2026-02-21 22:15:00+00:00,95,9.213,28.91,2.15,225.0,276.0
AL945,2026-02-21 22:22:30+00:00,90,8.463,28.57,2.05,227.5,250.2
MHJ45,2026-02-21 22:22:30+00:00,70,8.525,27.03,,220.0,280.8
AL945,2026-02-21 22:30:00+00:00,40,9.338,28.68,2.05,230.0,289.6
MHJ45,2026-02-21 22:30:00+00:00,70,8.375,25.88,,220.0,281.9
AL945,2026-02-21 22:37:30+00:00,45,9.250,30.55,,235.0,266.7
MHJ45,2026-02-21 22:37:30+00:00,70,8.400,26.00,,225.0,289.9
AL945,2026-02-21 22:45:00+00:00,75,9.425,30.25,,235.0,270.8
MHJ45,2026-02-21 22:45:00+00:00,40,8.625,26.45,,227.5,294.8
AL945,2026-02-21 22:52:30+00:00,75,9.375,30.89,,230.0,260.4
MHJ45,2026-02-21 22:52:30+00:00,50,8.500,26.76,,230.0,293.0
MHJ45,2026-02-21 23:00:00+00:00,20,8.325,26.62,,230.0,279.3
AL945,2026-02-21 23:00:00+00:00,75,9.425,30.48,,225.0,267.3
AL945,2026-02-21 23:07:30+00:00,75,9.325,30.29,,220.0,264.4
MHJ45,2026-02-21 23:07:30+00:00,40,8.575,25.94,,232.5,294.2
AL945,2026-02-21 23:15:00+00:00,70,9.350,29.75,,220.0,275.9
MHJ45,2026-02-21 23:15:00+00:00,70,8.600,26.02,,235.0,309.0
MHJ45,2026-02-21 23:22:30+00:00,70,8.650,26.45,,235.0,304.0
AL945,2026-02-21 23:22:30+00:00,70,9.275,29.66,,217.5,272.2
AL945,2026-02-21 23:30:00+00:00,60,9.525,30.15,,217.5,274.9
MHJ45,2026-02-21 23:30:00+00:00,70,8.575,26.73,,232.5,297.2
MHJ45,2026-02-21 23:37:30+00:00,70,8.475,26.36,,232.5,300.8
AL945,2026-02-21 23:37:30+00:00,75,9.200,30.24,,215.0,264.3
MHJ45,2026-02-21 23:45:00+00:00,70,8.350,25.78,,230.0,312.3
AL945,2026-02-21 23:45:00+00:00,65,9.100,29.35,,212.5,268.4
AL945,2026-02-21 23:52:30+00:00,75,8.425,28.25,,212.5,257.0
MHJ45,2026-02-21 23:52:30+00:00,60,8.175,25.44,,230.0,308.0
AL945,2026-02-22 00:00:00+00:00,60,8.125,26.04,,212.5,269.6
MHJ45,2026-02-22 00:00:00+00:00,40,7.925,24.69,,230.0,290.7
AL945,2026-02-22 00:07:30+00:00,45,7.950,23.93,,207.5,287.4
MHJ45,2026-02-22 00:07:30+00:00,70,7.850,23.76,,227.5,317.4
AL945,2026-02-22 00:15:00+00:00,60,8.150,24.45,,220.0,298.2
MHJ45,2026-02-22 00:15:00+00:00,0,7.675,23.30,,225.0,
AL945,2026-02-22 00:22:30+00:00,70,7.875,25.78,,232.5,282.7
MHJ45,2026-02-22 00:22:30+00:00,70,6.625,23.04,,227.5,268.6
AL945,2026-02-22 00:30:00+00:00,70,8.350,26.45,,232.5,284.7
MHJ45,2026-02-22 00:30:00+00:00,70,7.700,23.96,,235.0,299.6
MHJ45,2026-02-22 00:37:30+00:00,70,7.850,23.86,,237.5,305.0
AL945,2026-02-22 00:37:30+00:00,70,8.275,26.75,,227.5,280.8
MHJ45,2026-02-22 00:45:00+00:00,40,7.800,23.67,,235.0,315.9
AL945,2026-02-22 00:45:00+00:00,70,8.325,25.93,,222.5,297.0
MHJ45,2026-02-22 00:52:30+00:00,0,7.700,23.56,,245.0,
AL945,2026-02-22 00:52:30+00:00,65,8.275,26.19,,222.5,288.1
MHJ45,2026-02-22 01:00:00+00:00,70,7.800,23.80,,232.5,314.3
AL945,2026-02-22 01:00:00+00:00,60,8.125,25.99,,220.0,279.2
MHJ45,2026-02-22 01:07:30+00:00,0,7.725,24.01,,247.5,
AL945,2026-02-22 01:07:30+00:00,60,7.725,26.25,,220.0,263.8
MHJ45,2026-02-22 01:15:00+00:00,70,7.625,23.54,,232.5,307.3
AL945,2026-02-22 01:15:00+00:00,70,7.925,25.03,,220.0,290.5
MHJ45,2026-02-22 01:22:30+00:00,40,7.500,22.91,,235.0,308.3
AL945,2026-02-22 01:22:30+00:00,70,7.825,24.67,,220.0,285.8
AL945,2026-02-22 01:30:00+00:00,70,7.750,24.72,,222.5,287.9
MHJ45,2026-02-22 01:30:00+00:00,70,7.250,22.49,,232.5,296.5
AL945,2026-02-22 01:37:30+00:00,70,7.575,24.57,,225.0,281.3
MHJ45,2026-02-22 01:37:30+00:00,70,7.250,22.31,,232.5,302.8
MHJ45,2026-02-22 01:45:00+00:00,60,7.100,21.98,,225.0,300.6
AL945,2026-02-22 01:45:00+00:00,60,6.475,23.39,,222.5,250.9
MHJ45,2026-02-22 01:52:30+00:00,40,6.900,21.23,,225.0,297.2
AL945,2026-02-22 01:52:30+00:00,40,6.825,23.55,,235.0,264.3
MHJ45,2026-02-22 02:00:00+00:00,70,6.850,21.02,,230.0,303.8
AL945,2026-02-22 02:00:00+00:00,70,7.100,22.37,,237.5,281.5
MHJ45,2026-02-22 02:07:30+00:00,45,6.275,19.86,,230.0,284.2
AL945,2026-02-22 02:07:30+00:00,70,7.000,22.19,,227.5,278.2
MHJ45,2026-02-22 02:15:00+00:00,20,5.775,19.94,,230.0,268.6
AL945,2026-02-22 02:15:00+00:00,70,6.950,21.70,,227.5,291.5
MHJ45,2026-02-22 02:22:30+00:00,0,6.425,19.36,,232.5,
AL945,2026-02-22 02:22:30+00:00,90,6.950,22.02,,227.5,282.1
AL945,2026-02-22 02:30:00+00:00,90,6.925,22.66,,227.5,276.8
MHJ45,2026-02-22 02:30:00+00:00,0,6.600,19.86,,232.5,
AL945,2026-02-22 02:37:30+00:00,60,6.025,22.01,,220.0,246.7
MHJ45,2026-02-22 02:37:30+00:00,70,6.375,19.94,,225.0,295.3
AL945,2026-02-22 02:45:00+00:00,70,6.275,20.68,,217.5,276.1
MHJ45,2026-02-22 02:45:00+00:00,70,6.150,19.86,,217.5,282.6
AL945,2026-02-22 02:52:30+00:00,0,6.125,19.25,,220.0,
MHJ45,2026-02-22 02:52:30+00:00,0,5.825,18.60,,210.0,
AL945,2026-02-22 03:00:00+00:00,70,5.550,17.94,,222.5,281.0
MHJ45,2026-02-22 03:00:00+00:00,0,5.575,16.95,,212.5,
MHJ45,2026-02-22 03:07:30+00:00,0,5.350,14.73,,225.0,
AL945,2026-02-22 03:07:30+00:00,70,5.250,16.51,,230.0,279.7
AL945,2026-02-22 03:15:00+00:00,0,5.100,14.94,,240.0,
MHJ45,2026-02-22 03:15:00+00:00,70,3.950,13.44,,272.5,280.0
AL945,2026-02-22 03:22:30+00:00,0,4.925,13.74,,252.5,
MHJ45,2026-02-22 03:22:30+00:00,20,4.800,13.88,,270.0,332.7
AL945,2026-02-22 03:30:00+00:00,60,4.575,13.02,,265.0,330.6
MHJ45,2026-02-22 03:30:00+00:00,80,4.750,12.98,,282.5,361.4
MHJ45,2026-02-22 03:37:30+00:00,40,4.300,12.39,,290.0,341.1
AL945,2026-02-22 03:37:30+00:00,80,4.400,12.37,,272.5,337.7
AL945,2026-02-22 03:45:00+00:00,80,4.375,11.26,,285.0,370.0
MHJ45,2026-02-22 03:45:00+00:00,70,4.650,12.83,,300.0,368.3
MHJ45,2026-02-22 03:52:30+00:00,60,4.675,12.66,,307.5,371.0
AL945,2026-02-22 03:52:30+00:00,80,4.350,11.25,,300.0,376.8
MHJ45,2026-02-22 04:00:00+00:00,60,4.725,12.95,,317.5,359.7
AL945,2026-02-22 04:00:00+00:00,40,3.650,11.06,,310.0,326.5
AL945,2026-02-22 04:07:30+00:00,70,4.075,11.02,,317.5,361.5
MHJ45,2026-02-22 04:07:30+00:00,60,4.925,12.77,,322.5,386.1
MHJ45,2026-02-22 04:15:00+00:00,90,4.975,13.06,,315.0,389.4
AL945,2026-02-22 04:15:00+00:00,70,4.050,10.86,,310.0,368.5
MHJ45,2026-02-22 04:22:30+00:00,90,4.875,13.12,,310.0,372.4
AL945,2026-02-22 04:22:30+00:00,40,4.125,11.15,,302.5,360.6
AL945,2026-02-22 04:30:00+00:00,70,4.075,11.43,,295.0,346.1
MHJ45,2026-02-22 04:30:00+00:00,90,4.775,13.39,,300.0,355.1
MHJ45,2026-02-22 04:37:30+00:00,90,4.750,13.17,,295.0,351.8
AL945,2026-02-22 04:37:30+00:00,70,3.600,11.12,,290.0,312.0
MHJ45,2026-02-22 04:45:00+00:00,90,4.825,13.08,,297.5,360.3
AL945,2026-02-22 04:45:00+00:00,60,4.000,10.49,,295.0,368.7
AL945,2026-02-22 04:52:30+00:00,70,3.825,10.34,,322.5,375.4
MHJ45,2026-02-22 04:52:30+00:00,90,4.850,12.66,,300.0,376.9
AL945,2026-02-22 05:00:00+00:00,70,4.000,10.49,,307.5,375.1
MHJ45,2026-02-22 05:00:00+00:00,80,4.975,12.64,,305.0,387.4
MHJ45,2026-02-22 05:07:30+00:00,80,5.050,12.90,,305.0,389.7
AL945,2026-02-22 05:07:30+00:00,70,4.125,10.64,,307.5,369.6
AL945,2026-02-22 05:15:00+00:00,80,4.100,11.32,,305.0,358.6
MHJ45,2026-02-22 05:15:00+00:00,95,4.900,13.07,,300.0,371.4
AL945,2026-02-22 05:22:30+00:00,50,4.075,11.13,,305.0,356.0
MHJ45,2026-02-22 05:22:30+00:00,95,4.875,13.02,,297.5,368.6
MHJ45,2026-02-22 05:30:00+00:00,90,4.875,12.88,,295.0,375.3
AL945,2026-02-22 05:30:00+00:00,40,3.350,10.70,,317.5,308.1
MHJ45,2026-02-22 05:37:30+00:00,90,4.850,12.82,,295.0,372.6
AL945,2026-02-22 05:37:30+00:00,70,4.050,11.11,,300.0,356.4
MHJ45,2026-02-22 05:45:00+00:00,90,4.750,12.96,,287.5,356.9
AL945,2026-02-22 05:45:00+00:00,70,4.025,10.93,,292.5,362.0
AL945,2026-02-22 05:52:30+00:00,70,3.950,10.92,,295.0,350.3
MHJ45,2026-02-22 05:52:30+00:00,90,4.600,13.01,,277.5,338.7
MHJ45,2026-02-22 06:00:00+00:00,90,4.625,12.84,,280.0,360.0
AL945,2026-02-22 06:00:00+00:00,70,3.450,9.92,,292.5,333.4
AL945,2026-02-22 06:07:30+00:00,70,3.450,9.41,,305.0,356.6
MHJ45,2026-02-22 06:07:30+00:00,90,4.425,12.15,,277.5,358.0
AL945,2026-02-22 06:15:00+00:00,70,2.850,8.77,,315.0,309.7
MHJ45,2026-02-22 06:15:00+00:00,90,4.075,11.48,,280.0,340.3
AL945,2026-02-22 06:22:30+00:00,70,3.250,9.83,,325.0,327.4
MHJ45,2026-02-22 06:22:30+00:00,70,3.775,11.08,,282.5,324.2
MHJ45,2026-02-22 06:30:00+00:00,95,3.775,10.46,,285.0,355.5
AL945,2026-02-22 06:30:00+00:00,70,2.925,8.03,,345.0,355.4
AL945,2026-02-22 06:37:30+00:00,70,2.775,7.58,,375.0,356.2
MHJ45,2026-02-22 06:37:30+00:00,80,3.925,9.63,,297.5,397.3
MHJ45,2026-02-22 06:45:00+00:00,90,3.400,9.46,,322.5,347.2
AL945,2026-02-22 06:45:00+00:00,70,2.650,7.21,,377.5,354.9
AL945,2026-02-22 06:52:30+00:00,70,2.475,6.71,,415.0,358.5
MHJ45,2026-02-22 06:52:30+00:00,90,3.350,9.10,,327.5,360.9
AL945,2026-02-22 07:00:00+00:00,45,2.075,5.91,,440.3,314.5
MHJ45,2026-02-22 07:00:00+00:00,90,3.350,8.76,,330.0,378.7
AL945,2026-02-22 07:07:30+00:00,45,2.125,5.43,,499.2,362.6
MHJ45,2026-02-22 07:07:30+00:00,95,3.175,8.64,,327.5,362.4
MHJ45,2026-02-22 07:15:00+00:00,80,3.000,8.43,,330.0,342.3
MHJ45,2026-02-22 07:22:30+00:00,70,3.125,8.16,,350.0,376.9
AL945,2026-02-22 07:30:00+00:00,45,2.700,8.97,,340.0,294.8
MHJ45,2026-02-22 07:30:00+00:00,60,2.775,7.60,,355.0,359.6
MHJ45,2026-02-22 07:37:30+00:00,80,3.200,8.08,,360.0,398.7
AL945,2026-02-22 07:45:00+00:00,40,2.600,8.63,,325.0,288.4
MHJ45,2026-02-22 07:45:00+00:00,80,3.175,8.11,,357.5,392.2
AL945,2026-02-22 07:52:30+00:00,70,3.500,9.89,,325.0,344.6
MHJ45,2026-02-22 07:52:30+00:00,60,2.625,7.62,,347.5,335.1
MHJ45,2026-02-22 08:00:00+00:00,80,3.275,8.94,,342.5,364.7
AL945,2026-02-22 08:00:00+00:00,70,3.450,9.18,,310.0,360.8
MHJ45,2026-02-22 08:07:30+00:00,80,3.150,8.24,,347.5,388.5
AL945,2026-02-22 08:07:30+00:00,70,3.250,8.98,,320.0,348.5
MHJ45,2026-02-22 08:15:00+00:00,80,3.100,8.10,,350.0,374.1
AL945,2026-02-22 08:15:00+00:00,70,3.725,10.79,,322.5,344.3
MHJ45,2026-02-22 08:22:30+00:00,80,3.200,7.97,,357.5,398.9
AL945,2026-02-22 08:22:30+00:00,70,3.150,9.63,,337.5,322.8
AL945,2026-02-22 08:30:00+00:00,40,3.900,10.01,,370.0,402.7
MHJ45,2026-02-22 08:30:00+00:00,70,3.000,7.98,,357.5,365.9
AL945,2026-02-22 08:37:30+00:00,70,3.400,10.02,,315.0,329.5
MHJ45,2026-02-22 08:37:30+00:00,70,3.250,8.21,,352.5,398.6
AL945,2026-02-22 08:45:00+00:00,70,3.725,10.71,,320.0,341.1
MHJ45,2026-02-22 08:45:00+00:00,70,3.200,8.26,,337.5,380.9
MHJ45,2026-02-22 08:52:30+00:00,70,3.350,8.41,,330.0,393.9
AL945,2026-02-22 08:52:30+00:00,60,3.675,10.21,,320.0,375.5
AL945,2026-02-22 09:00:00+00:00,70,3.700,10.41,,302.5,339.7
MHJ45,2026-02-22 09:00:00+00:00,70,3.300,8.57,,320.0,370.9
AL945,2026-02-22 09:07:30+00:00,70,3.425,10.22,,325.0,319.1
MHJ45,2026-02-22 09:07:30+00:00,70,3.175,8.35,,320.0,372.3
AL945,2026-02-22 09:15:00+00:00,70,3.475,10.49,,295.0,317.9
MHJ45,2026-02-22 09:15:00+00:00,70,2.950,8.29,,320.0,341.5
MHJ45,2026-02-22 09:22:30+00:00,80,3.150,8.24,,322.5,399.1
AL945,2026-02-22 09:22:30+00:00,70,3.500,10.86,,287.5,301.0
MHJ45,2026-02-22 09:30:00+00:00,70,2.825,7.73,,330.0,361.7
AL945,2026-02-22 09:30:00+00:00,70,3.475,10.95,,285.0,302.2
MHJ45,2026-02-22 09:37:30+00:00,0,3.000,7.32,,327.5,
AL945,2026-02-22 09:37:30+00:00,70,3.200,9.09,,300.0,336.5
MHJ45,2026-02-22 09:45:00+00:00,60,2.525,6.80,,362.5,353.4
AL945,2026-02-22 09:45:00+00:00,70,3.225,8.98,,305.0,352.8
AL945,2026-02-22 09:52:30+00:00,70,3.025,8.69,,310.0,330.0
MHJ45,2026-02-22 09:52:30+00:00,60,2.575,6.84,,492.5,417.2
AL945,2026-02-22 10:00:00+00:00,60,2.950,9.00,,312.5,314.8
MHJ45,2026-02-22 10:00:00+00:00,70,2.250,5.81,,470.0,371.1
AL945,2026-02-22 10:07:30+00:00,70,3.200,9.01,,287.5,334.3
MHJ45,2026-02-22 10:15:00+00:00,70,2.950,8.47,,312.5,327.1
AL945,2026-02-22 10:15:00+00:00,70,2.950,8.33,,315.0,346.7
AL945,2026-02-22 10:22:30+00:00,70,2.625,7.96,,320.0,308.4
MHJ45,2026-02-22 10:22:30+00:00,70,3.025,8.91,,300.0,331.4
MHJ45,2026-02-22 10:30:00+00:00,40,2.575,8.89,,300.0,272.6
AL945,2026-02-22 10:37:30+00:00,70,2.825,7.82,,337.5,344.8
MHJ45,2026-02-22 10:37:30+00:00,70,3.000,8.18,,367.5,351.4
MHJ45,2026-02-22 10:45:00+00:00,60,2.625,8.09,,297.5,295.6
AL945,2026-02-22 10:45:00+00:00,70,2.725,7.67,,362.5,340.9
MHJ45,2026-02-22 10:52:30+00:00,70,2.925,8.14,,310.0,331.1
MHJ45,2026-02-22 11:00:00+00:00,70,2.825,8.11,,317.5,313.1
AL945,2026-02-22 11:00:00+00:00,60,2.825,7.09,,430.0,400.9
MHJ45,2026-02-22 11:07:30+00:00,70,3.075,8.81,,307.5,326.2
AL945,2026-02-22 11:07:30+00:00,70,2.750,7.75,,352.5,338.7
MHJ45,2026-02-22 11:15:00+00:00,70,3.250,9.39,,292.5,301.9
AL945,2026-02-22 11:15:00+00:00,70,2.525,7.73,,342.5,299.6
AL945,2026-02-22 11:22:30+00:00,70,2.725,7.91,,320.0,318.3
MHJ45,2026-02-22 11:22:30+00:00,60,3.350,10.97,,285.0,269.5
MHJ45,2026-02-22 11:30:00+00:00,40,3.600,10.95,,280.0,292.4
AL945,2026-02-22 11:30:00+00:00,70,2.700,8.13,,312.5,302.9
AL945,2026-02-22 11:37:30+00:00,70,2.750,7.89,,320.0,316.6
MHJ45,2026-02-22 11:37:30+00:00,90,4.000,12.44,,270.0,275.3
MHJ45,2026-02-22 11:45:00+00:00,70,4.550,14.23,,260.0,272.8
AL945,2026-02-22 11:45:00+00:00,70,2.832,8.65,,348.8,289.0
AL945,2026-02-22 11:52:30+00:00,70,2.925,9.43,,300.0,274.0
MHJ45,2026-02-22 11:52:30+00:00,80,5.075,16.97,,245.0,250.3
AL945,2026-02-22 12:00:00+00:00,70,3.150,9.71,,282.5,301.6
MHJ45,2026-02-22 12:00:00+00:00,70,4.938,17.05,2.03,237.5,234.2
MHJ45,2026-02-22 12:07:30+00:00,40,4.850,17.03,,230.0,227.7
AL945,2026-02-22 12:07:30+00:00,70,3.300,10.19,,265.0,286.4
AL945,2026-02-22 12:15:00+00:00,35,3.407,11.31,,282.5,251.9
MHJ45,2026-02-22 12:15:00+00:00,70,5.200,17.34,2.08,232.5,242.4
MHJ45,2026-02-22 12:22:30+00:00,90,5.450,18.15,2.13,225.0,250.0
AL945,2026-02-22 12:22:30+00:00,20,3.738,11.97,,283.1,263.3
AL945,2026-02-22 12:30:00+00:00,70,3.875,12.17,,250.0,266.6
MHJ45,2026-02-22 12:30:00+00:00,90,5.725,19.84,2.25,217.5,235.1
MHJ45,2026-02-22 12:37:30+00:00,70,5.988,20.43,2.35,164.5,232.1
AL945,2026-02-22 12:37:30+00:00,70,4.075,13.10,,245.0,263.3
MHJ45,2026-02-22 12:45:00+00:00,0,5.900,20.27,2.40,220.0,
AL945,2026-02-22 12:45:00+00:00,50,4.175,13.55,,242.5,266.5
AL945,2026-02-22 12:52:30+00:00,50,4.388,13.85,,252.5,263.7
MHJ45,2026-02-22 12:52:30+00:00,50,6.054,19.91,2.53,212.5,248.8
MHJ45,2026-02-22 13:00:00+00:00,70,6.213,20.93,2.53,222.5,235.2
AL945,2026-02-22 13:00:00+00:00,90,4.575,15.16,,245.0,259.4
MHJ45,2026-02-22 13:07:30+00:00,70,6.475,22.18,2.53,210.0,235.1
AL945,2026-02-22 13:07:30+00:00,80,4.750,15.84,,237.5,248.8
MHJ45,2026-02-22 13:15:00+00:00,70,6.850,23.52,2.50,217.5,241.8
AL945,2026-02-22 13:15:00+00:00,90,4.777,15.96,2.25,232.5,229.5
MHJ45,2026-02-22 13:22:30+00:00,70,6.950,24.36,2.55,210.0,229.8
AL945,2026-02-22 13:22:30+00:00,90,4.913,16.01,2.25,167.5,234.2
MHJ45,2026-02-22 13:30:00+00:00,70,6.975,25.40,2.67,212.5,214.2
AL945,2026-02-22 13:30:00+00:00,90,5.125,17.02,2.25,230.0,233.8
AL945,2026-02-22 13:37:30+00:00,70,5.275,17.53,2.25,230.0,239.5
MHJ45,2026-02-22 13:37:30+00:00,40,7.163,24.78,2.75,212.5,234.0
AL945,2026-02-22 13:45:00+00:00,90,5.363,17.61,2.33,270.0,246.1
MHJ45,2026-02-22 13:45:00+00:00,70,6.800,23.40,2.67,215.0,229.4
AL945,2026-02-22 13:52:30+00:00,90,5.325,17.23,2.38,227.5,243.4
MHJ45,2026-02-22 13:52:30+00:00,70,7.100,23.02,2.78,212.5,248.2
MHJ45,2026-02-22 14:00:00+00:00,70,7.050,23.55,2.78,207.5,235.1
AL945,2026-02-22 14:00:00+00:00,90,5.350,17.07,2.42,230.0,242.9
MHJ45,2026-02-22 14:07:30+00:00,70,7.263,24.65,2.80,295.0,248.4
AL945,2026-02-22 14:07:30+00:00,70,5.682,18.38,2.47,222.5,246.6
AL945,2026-02-22 14:15:00+00:00,70,5.913,19.88,2.63,267.5,237.9
MHJ45,2026-02-22 14:15:00+00:00,70,7.507,24.48,2.85,347.5,272.0
MHJ45,2026-02-22 14:22:30+00:00,70,7.888,25.96,2.92,255.0,251.3
AL945,2026-02-22 14:22:30+00:00,90,5.913,19.90,2.60,265.0,233.8
MHJ45,2026-02-22 14:30:00+00:00,0,8.100,26.46,2.97,207.5,
AL945,2026-02-22 14:30:00+00:00,90,5.863,19.61,2.55,265.0,236.4
AL945,2026-02-22 14:37:30+00:00,70,5.550,18.81,2.60,182.5,221.0
MHJ45,2026-02-22 14:37:30+00:00,60,8.238,27.41,3.05,200.0,236.0
AL945,2026-02-22 14:45:00+00:00,0,5.725,18.46,2.70,225.0,
MHJ45,2026-02-22 14:45:00+00:00,70,8.338,27.69,3.05,187.5,240.7
AL945,2026-02-22 14:52:30+00:00,95,5.938,18.82,2.67,277.5,254.0
MHJ45,2026-02-22 14:52:30+00:00,70,8.500,28.10,3.05,190.0,248.7
AL945,2026-02-22 15:00:00+00:00,0,6.150,20.49,2.65,262.5,
MHJ45,2026-02-22 15:00:00+00:00,70,8.800,28.64,3.00,192.5,250.7
MHJ45,2026-02-22 15:07:30+00:00,70,9.125,29.83,3.00,197.5,253.7
AL945,2026-02-22 15:07:30+00:00,90,6.188,21.21,2.75,257.5,221.8
MHJ45,2026-02-22 15:15:00+00:00,70,9.450,31.62,2.95,192.5,243.9
AL945,2026-02-22 15:15:00+00:00,90,6.188,21.13,2.78,250.0,224.8
AL945,2026-02-22 15:22:30+00:00,90,6.088,20.27,2.78,257.5,224.5
MHJ45,2026-02-22 15:22:30+00:00,70,9.650,32.86,3.10,190.0,247.0
AL945,2026-02-22 15:30:00+00:00,90,6.013,19.51,2.80,142.5,235.1
MHJ45,2026-02-22 15:30:00+00:00,70,9.650,32.63,3.13,200.0,245.5
AL945,2026-02-22 15:37:30+00:00,90,6.075,19.25,2.78,200.0,250.7
MHJ45,2026-02-22 15:37:30+00:00,70,9.575,32.10,3.13,197.5,245.3
AL945,2026-02-22 15:45:00+00:00,90,6.050,18.20,2.80,195.0,255.0
MHJ45,2026-02-22 15:45:00+00:00,70,9.325,31.74,3.15,212.5,239.8
AL945,2026-02-22 15:52:30+00:00,90,6.313,19.12,2.95,265.0,260.7
MHJ45,2026-02-22 15:52:30+00:00,60,9.225,30.79,3.17,190.0,239.7
MHJ45,2026-02-22 16:00:00+00:00,70,8.913,29.18,3.17,232.5,248.4
AL945,2026-02-22 16:00:00+00:00,70,6.613,19.78,2.88,312.5,269.2
MHJ45,2026-02-22 16:07:30+00:00,70,8.800,27.65,3.17,207.5,258.3
AL945,2026-02-22 16:07:30+00:00,40,6.700,20.19,2.92,315.0,263.0
MHJ45,2026-02-22 16:15:00+00:00,65,8.813,28.38,3.17,250.0,247.0
AL945,2026-02-22 16:15:00+00:00,90,6.963,21.02,2.95,295.0,269.3
AL945,2026-02-22 16:22:30+00:00,90,7.025,21.86,3.03,202.5,262.0
MHJ45,2026-02-22 16:22:30+00:00,60,9.150,28.75,3.15,195.0,269.7
AL945,2026-02-22 16:30:00+00:00,60,6.963,21.92,3.00,282.5,247.1
MHJ45,2026-02-22 16:30:00+00:00,60,9.175,28.33,3.13,192.5,268.3
MHJ45,2026-02-22 16:37:30+00:00,70,9.313,28.31,3.13,240.0,286.3
AL945,2026-02-22 16:37:30+00:00,90,7.275,22.43,2.95,225.0,258.6
MHJ45,2026-02-22 16:45:00+00:00,70,9.450,28.51,3.10,237.5,281.6
AL945,2026-02-22 16:45:00+00:00,90,7.188,22.90,3.05,300.0,252.3
MHJ45,2026-02-22 16:52:30+00:00,70,9.750,30.04,3.20,215.0,280.4
AL945,2026-02-22 16:52:30+00:00,90,7.350,22.75,3.08,220.0,261.8
MHJ45,2026-02-22 17:00:00+00:00,70,9.775,30.94,3.13,225.0,266.4
AL945,2026-02-22 17:00:00+00:00,90,7.250,23.15,3.10,212.5,257.7
AL945,2026-02-22 17:07:30+00:00,90,7.213,22.69,3.10,280.0,254.5
MHJ45,2026-02-22 17:07:30+00:00,60,9.875,31.13,3.17,207.5,263.2
MHJ45,2026-02-22 17:15:00+00:00,70,9.650,30.05,3.30,212.5,273.4
AL945,2026-02-22 17:15:00+00:00,90,7.125,22.16,2.95,217.5,260.5
MHJ45,2026-02-22 17:22:30+00:00,70,9.650,29.83,3.25,217.5,277.0
AL945,2026-02-22 17:22:30+00:00,90,7.250,21.77,2.95,212.5,273.7
MHJ45,2026-02-22 17:30:00+00:00,40,9.650,29.61,3.20,215.0,274.6
AL945,2026-02-22 17:30:00+00:00,70,7.388,22.95,2.95,297.5,258.5
MHJ45,2026-02-22 17:37:30+00:00,70,9.725,29.57,3.20,220.0,280.1
AL945,2026-02-22 17:37:30+00:00,80,7.538,24.08,2.95,282.5,254.4
MHJ45,2026-02-22 17:45:00+00:00,70,9.900,30.12,3.17,215.0,278.8
AL945,2026-02-22 17:45:00+00:00,70,7.432,24.63,2.95,270.0,242.6
MHJ45,2026-02-22 17:52:30+00:00,70,10.175,31.00,3.15,210.0,285.5
AL945,2026-02-22 17:52:30+00:00,65,5.850,21.29,2.88,222.5,209.5
AL945,2026-02-22 18:00:00+00:00,90,7.825,24.63,2.95,220.0,259.5
MHJ45,2026-02-22 18:00:00+00:00,70,10.325,31.89,3.10,212.5,278.2
AL945,2026-02-22 18:07:30+00:00,90,7.888,25.68,2.97,275.0,250.6
MHJ45,2026-02-22 18:07:30+00:00,70,10.400,32.14,3.08,212.5,281.2
MHJ45,2026-02-22 18:15:00+00:00,60,10.525,32.70,2.97,207.5,275.2
AL945,2026-02-22 18:15:00+00:00,70,8.038,25.53,2.97,272.5,252.6
AL945,2026-02-22 18:22:30+00:00,75,8.113,26.33,3.10,272.5,248.9
MHJ45,2026-02-22 18:22:30+00:00,70,10.575,33.15,3.03,207.5,278.2
AL945,2026-02-22 18:30:00+00:00,80,7.963,26.34,3.20,262.5,239.6
MHJ45,2026-02-22 18:30:00+00:00,70,10.525,33.31,3.08,205.0,267.8
AL945,2026-02-22 18:37:30+00:00,90,7.988,25.70,2.97,260.0,247.2
MHJ45,2026-02-22 18:37:30+00:00,70,10.475,33.22,3.05,207.5,270.5
AL945,2026-02-22 18:45:00+00:00,70,7.925,25.22,3.00,217.5,254.5
MHJ45,2026-02-22 18:45:00+00:00,70,10.225,32.24,3.03,207.5,268.7
AL945,2026-02-22 18:52:30+00:00,75,7.850,24.76,2.88,215.0,254.5
MHJ45,2026-02-22 18:52:30+00:00,70,9.975,31.41,3.08,207.5,269.1
AL945,2026-02-22 19:00:00+00:00,65,7.950,24.54,2.92,217.5,266.8
MHJ45,2026-02-22 19:00:00+00:00,70,9.888,30.94,2.92,220.0,271.0
AL945,2026-02-22 19:07:30+00:00,70,7.900,24.63,2.92,220.0,260.2
MHJ45,2026-02-22 19:07:30+00:00,60,9.850,30.05,2.85,210.0,280.0
MHJ45,2026-02-22 19:15:00+00:00,70,9.800,30.00,2.80,202.5,278.9
AL945,2026-02-22 19:15:00+00:00,65,8.025,24.76,2.80,145.0,267.2
MHJ45,2026-02-22 19:22:30+00:00,65,9.825,30.12,2.70,147.5,279.6
AL945,2026-02-22 19:22:30+00:00,95,8.150,25.68,3.00,217.5,261.1
MHJ45,2026-02-22 19:30:00+00:00,60,10.000,30.46,2.90,220.0,284.5
AL945,2026-02-22 19:30:00+00:00,70,8.150,25.82,2.95,222.5,257.2
MHJ45,2026-02-22 19:37:30+00:00,70,9.900,30.59,2.88,217.5,280.3
AL945,2026-02-22 19:37:30+00:00,75,8.238,26.10,2.97,270.0,258.3
MHJ45,2026-02-22 19:45:00+00:00,70,9.925,29.87,2.85,212.5,289.2
AL945,2026-02-22 19:45:00+00:00,75,8.175,26.25,2.92,220.0,251.6
MHJ45,2026-02-22 19:52:30+00:00,40,10.013,30.54,2.85,225.0,276.6
AL945,2026-02-22 19:52:30+00:00,75,8.275,25.82,2.85,220.0,260.7
AL945,2026-02-22 20:00:00+00:00,65,8.400,26.28,2.75,215.0,262.1
MHJ45,2026-02-22 20:00:00+00:00,70,10.100,31.08,2.83,212.5,279.9
MHJ45,2026-02-22 20:07:30+00:00,70,10.325,31.11,2.72,217.5,294.9
AL945,2026-02-22 20:07:30+00:00,75,8.250,26.25,2.80,225.0,255.4
AL945,2026-02-22 20:15:00+00:00,75,8.425,26.25,2.78,222.5,262.8
MHJ45,2026-02-22 20:15:00+00:00,70,10.500,31.94,2.63,225.0,293.8
AL945,2026-02-22 20:22:30+00:00,65,8.475,27.09,2.83,222.5,257.0
MHJ45,2026-02-22 20:22:30+00:00,70,10.638,32.74,2.83,212.5,278.9
MHJ45,2026-02-22 20:30:00+00:00,70,10.750,33.88,2.80,230.0,279.9
AL945,2026-02-22 20:30:00+00:00,65,8.925,27.62,2.70,220.0,267.8
MHJ45,2026-02-22 20:37:30+00:00,75,10.888,34.30,2.70,225.0,275.5
AL945,2026-02-22 20:37:30+00:00,65,9.250,28.46,2.60,217.5,273.7
MHJ45,2026-02-22 20:45:00+00:00,75,10.913,34.43,2.50,142.5,275.7
AL945,2026-02-22 20:45:00+00:00,45,8.575,29.05,2.75,217.5,246.9
AL945,2026-02-22 20:52:30+00:00,45,8.550,29.09,2.67,220.0,245.2
MHJ45,2026-02-22 20:52:30+00:00,70,10.975,34.94,2.53,230.0,272.6
AL945,2026-02-22 21:00:00+00:00,75,9.100,29.14,2.63,222.5,259.4
MHJ45,2026-02-22 21:00:00+00:00,70,10.875,35.12,2.53,227.5,269.1
AL945,2026-02-22 21:07:30+00:00,65,8.675,29.44,2.63,225.0,246.4
MHJ45,2026-02-22 21:07:30+00:00,0,10.750,34.54,2.53,227.5,
AL945,2026-02-22 21:15:00+00:00,75,9.400,30.28,2.53,222.5,259.5
MHJ45,2026-02-22 21:15:00+00:00,70,10.675,34.36,2.25,225.0,269.8
AL945,2026-02-22 21:22:30+00:00,95,9.375,30.88,2.47,225.0,253.2
MHJ45,2026-02-22 21:22:30+00:00,70,10.613,34.08,2.30,182.5,269.3
AL945,2026-02-22 21:30:00+00:00,85,9.513,30.68,2.47,222.5,257.9
MHJ45,2026-02-22 21:30:00+00:00,70,10.525,33.93,2.25,222.5,266.4
AL945,2026-02-22 21:37:30+00:00,65,9.388,30.43,2.42,222.5,260.9
MHJ45,2026-02-22 21:37:30+00:00,70,10.425,33.95,2.05,222.5,267.2
AL945,2026-02-22 21:45:00+00:00,60,9.263,29.28,2.35,235.0,265.4
MHJ45,2026-02-22 21:45:00+00:00,70,10.225,33.49,2.05,220.0,264.6
MHJ45,2026-02-22 21:52:30+00:00,70,9.850,32.17,,220.0,265.5
AL945,2026-02-22 21:52:30+00:00,65,8.675,28.57,2.28,232.5,249.9
AL945,2026-02-22 22:00:00+00:00,85,8.700,27.35,2.17,235.0,263.5
MHJ45,2026-02-22 22:00:00+00:00,70,9.625,31.53,,220.0,266.8
MHJ45,2026-02-22 22:07:30+00:00,70,9.300,30.29,,215.0,267.3
AL945,2026-02-22 22:07:30+00:00,40,8.338,27.48,2.08,242.5,257.1
AL945,2026-02-22 22:15:00+00:00,70,8.613,27.20,,235.0,272.7
MHJ45,2026-02-22 22:15:00+00:00,60,9.100,29.40,,212.5,267.3
AL945,2026-02-22 22:22:30+00:00,60,8.750,28.75,2.05,342.5,250.7
MHJ45,2026-02-22 22:22:30+00:00,70,8.675,28.33,,212.5,270.0
AL945,2026-02-22 22:30:00+00:00,70,9.275,29.80,,227.5,271.4
MHJ45,2026-02-22 22:30:00+00:00,70,8.400,26.82,,210.0,284.7
AL945,2026-02-22 22:37:30+00:00,90,9.250,29.84,,227.5,265.8
MHJ45,2026-02-22 22:37:30+00:00,70,8.100,26.10,,212.5,274.1
AL945,2026-02-22 22:45:00+00:00,70,9.125,29.46,,220.0,264.2
MHJ45,2026-02-22 22:45:00+00:00,70,7.800,25.25,,212.5,276.9
MHJ45,2026-02-22 22:52:30+00:00,70,7.700,24.66,,212.5,281.9
AL945,2026-02-22 22:52:30+00:00,60,9.100,30.26,,215.0,256.5
MHJ45,2026-02-22 23:00:00+00:00,70,7.325,23.86,,212.5,272.1
AL945,2026-02-22 23:00:00+00:00,70,8.975,30.02,,212.5,252.4
AL945,2026-02-22 23:07:30+00:00,80,9.075,30.07,,212.5,257.8
MHJ45,2026-02-22 23:07:30+00:00,70,7.150,22.93,,212.5,283.5
AL945,2026-02-22 23:15:00+00:00,70,8.625,29.09,,210.0,253.6
MHJ45,2026-02-22 23:15:00+00:00,70,6.800,21.97,,212.5,279.5
AL945,2026-02-22 23:22:30+00:00,75,8.250,27.53,,205.0,256.5
MHJ45,2026-02-22 23:22:30+00:00,70,6.400,20.43,,210.0,276.9
AL945,2026-02-22 23:30:00+00:00,70,7.825,25.93,,202.5,259.7
MHJ45,2026-02-22 23:30:00+00:00,0,6.075,19.16,,212.5,
MHJ45,2026-02-22 23:37:30+00:00,0,5.700,17.85,,212.5,
AL945,2026-02-22 23:37:30+00:00,70,7.350,23.57,,202.5,271.4
AL945,2026-02-22 23:45:00+00:00,60,6.150,21.74,,202.5,246.5
MHJ45,2026-02-22 23:45:00+00:00,0,5.325,16.36,,212.5,
AL945,2026-02-22 23:52:30+00:00,40,5.325,19.81,,260.0,242.5
MHJ45,2026-02-22 23:52:30+00:00,0,5.025,14.90,,217.5,
MHJ45,2026-02-23 00:00:00+00:00,0,4.700,13.79,,227.5,
AL945,2026-02-23 00:00:00+00:00,40,5.625,19.60,,222.5,256.6
AL945,2026-02-23 00:07:30+00:00,0,6.000,17.69,,220.0,
MHJ45,2026-02-23 00:07:30+00:00,0,4.225,12.72,,237.5,
AL945,2026-02-23 00:15:00+00:00,60,5.575,17.91,,225.0,283.7
MHJ45,2026-02-23 00:15:00+00:00,0,4.600,11.94,,250.0,
AL945,2026-02-23 00:22:30+00:00,40,4.350,15.48,,237.5,262.1
MHJ45,2026-02-23 00:22:30+00:00,70,4.250,11.95,,272.5,338.7
AL945,2026-02-23 00:30:00+00:00,70,4.975,17.29,,247.5,268.9
MHJ45,2026-02-23 00:30:00+00:00,90,4.225,11.97,,282.5,333.0
AL945,2026-02-23 00:37:30+00:00,60,5.675,18.49,,240.0,282.9
MHJ45,2026-02-23 00:37:30+00:00,90,4.200,12.19,,282.5,326.3
AL945,2026-02-23 00:45:00+00:00,60,5.725,18.02,,235.0,287.9
MHJ45,2026-02-23 00:45:00+00:00,40,3.525,11.73,,280.0,288.3
MHJ45,2026-02-23 00:52:30+00:00,70,4.125,11.99,,280.0,324.5
AL945,2026-02-23 00:52:30+00:00,60,4.550,15.95,,235.0,261.9
MHJ45,2026-02-23 01:00:00+00:00,70,4.225,11.86,,297.5,344.5
AL945,2026-02-23 01:00:00+00:00,20,5.500,16.08,,247.5,313.7
MHJ45,2026-02-23 01:07:30+00:00,70,4.200,11.69,,285.0,347.3
AL945,2026-02-23 01:07:30+00:00,60,5.200,15.75,,247.5,301.5
AL945,2026-02-23 01:15:00+00:00,0,4.525,13.22,,247.5,
MHJ45,2026-02-23 01:15:00+00:00,60,4.275,12.02,,285.0,343.2
MHJ45,2026-02-23 01:22:30+00:00,60,4.150,12.20,,297.5,335.3
AL945,2026-02-23 01:22:30+00:00,70,4.450,12.81,,265.0,329.1
MHJ45,2026-02-23 01:30:00+00:00,85,4.150,10.98,,300.0,363.8
AL945,2026-02-23 01:30:00+00:00,60,3.950,11.34,,302.5,326.9
AL945,2026-02-23 01:37:30+00:00,40,3.200,10.34,,295.0,294.9
MHJ45,2026-02-23 01:37:30+00:00,90,4.025,10.64,,307.5,380.9
AL945,2026-02-23 01:45:00+00:00,70,3.675,10.04,,310.0,359.9
MHJ45,2026-02-23 01:45:00+00:00,80,4.000,11.30,,312.5,353.0
AL945,2026-02-23 01:52:30+00:00,70,2.550,8.00,,327.5,297.7
MHJ45,2026-02-23 01:52:30+00:00,80,4.150,10.39,,317.5,407.8
MHJ45,2026-02-23 02:00:00+00:00,40,3.525,10.18,,317.5,337.5
AL945,2026-02-23 02:00:00+00:00,70,2.650,7.74,,335.0,324.7
AL945,2026-02-23 02:07:30+00:00,70,2.550,7.32,,340.0,334.2
MHJ45,2026-02-23 02:07:30+00:00,80,4.025,10.42,,317.5,387.4
MHJ45,2026-02-23 02:15:00+00:00,80,4.000,10.99,,315.0,359.6
AL945,2026-02-23 02:15:00+00:00,60,2.550,6.94,,367.5,350.6
MHJ45,2026-02-23 02:22:30+00:00,80,4.075,11.13,,312.5,355.9
AL945,2026-02-23 02:22:30+00:00,70,2.425,6.81,,380.0,339.2
MHJ45,2026-02-23 02:30:00+00:00,90,4.250,11.41,,305.0,368.4
AL945,2026-02-23 02:30:00+00:00,50,2.200,6.53,,377.3,308.3
MHJ45,2026-02-23 02:37:30+00:00,90,4.225,11.34,,312.5,362.0
MHJ45,2026-02-23 02:45:00+00:00,90,4.300,11.52,,290.0,359.4
AL945,2026-02-23 02:45:00+00:00,45,2.100,5.75,,452.9,331.6
AL945,2026-02-23 02:52:30+00:00,45,2.125,5.83,,447.8,333.9
MHJ45,2026-02-23 02:52:30+00:00,90,3.950,11.31,,287.5,334.6
MHJ45,2026-02-23 03:00:00+00:00,70,3.675,10.77,,285.0,324.3
AL945,2026-02-23 03:00:00+00:00,45,2.050,6.39,,376.9,284.4
AL945,2026-02-23 03:07:30+00:00,45,2.175,6.29,,386.3,332.9
MHJ45,2026-02-23 03:07:30+00:00,90,4.000,11.04,,292.5,355.1
MHJ45,2026-02-23 03:15:00+00:00,90,3.700,10.37,,292.5,346.1
AL945,2026-02-23 03:15:00+00:00,45,2.175,6.42,,375.7,320.4
AL945,2026-02-23 03:22:30+00:00,45,2.150,5.93,,427.5,346.8
MHJ45,2026-02-23 03:22:30+00:00,80,3.775,10.93,,295.0,338.2
MHJ45,2026-02-23 03:30:00+00:00,70,3.425,10.22,,295.0,319.1
AL945,2026-02-23 03:30:00+00:00,45,2.075,5.69,,457.4,346.6
AL945,2026-02-23 03:37:30+00:00,70,2.425,6.19,,502.5,367.8
MHJ45,2026-02-23 03:37:30+00:00,80,3.775,10.22,,300.0,373.5
AL945,2026-02-23 03:45:00+00:00,70,2.500,6.55,,465.0,372.8
MHJ45,2026-02-23 03:45:00+00:00,70,3.450,10.11,,307.5,326.1
MHJ45,2026-02-23 03:52:30+00:00,60,3.475,10.34,,297.5,324.0
AL945,2026-02-23 04:00:00+00:00,70,2.400,6.89,,372.5,331.4
MHJ45,2026-02-23 04:00:00+00:00,80,3.725,11.30,,302.5,321.9
MHJ45,2026-02-23 04:07:30+00:00,70,3.425,10.14,,282.5,328.6
AL945,2026-02-23 04:07:30+00:00,60,2.350,6.34,,472.5,347.8
MHJ45,2026-02-23 04:15:00+00:00,40,2.750,10.13,,277.5,263.9
MHJ45,2026-02-23 04:22:30+00:00,70,3.375,10.46,,265.0,299.4
MHJ45,2026-02-23 04:30:00+00:00,70,2.775,9.31,,265.0,275.2
MHJ45,2026-02-23 04:37:30+00:00,70,2.900,9.02,,280.0,301.9
MHJ45,2026-02-23 04:45:00+00:00,70,2.850,8.18,,290.0,330.2
MHJ45,2026-02-23 04:52:30+00:00,70,2.450,7.96,,335.0,300.7
MHJ45,2026-02-23 05:00:00+00:00,70,2.875,8.42,,320.0,340.6
MHJ45,2026-02-23 05:07:30+00:00,70,2.450,6.97,,380.0,347.1
AL945,2026-02-23 05:07:30+00:00,70,2.525,6.88,,450.0,360.1
MHJ45,2026-02-23 05:15:00+00:00,70,2.425,6.85,,397.5,355.8
AL945,2026-02-23 05:15:00+00:00,45,2.450,6.70,,380.2,353.3
MHJ45,2026-02-23 05:22:30+00:00,70,2.950,7.57,,385.0,394.3
AL945,2026-02-23 05:22:30+00:00,45,2.100,5.95,,425.2,337.0
MHJ45,2026-02-23 05:30:00+00:00,60,2.975,7.55,,422.5,409.7
AL945,2026-02-23 05:30:00+00:00,45,2.125,5.77,,446.9,355.1
MHJ45,2026-02-23 05:37:30+00:00,70,2.550,7.02,,435.0,359.0
AL945,2026-02-23 05:37:30+00:00,65,2.125,5.80,,467.5,330.0
MHJ45,2026-02-23 05:45:00+00:00,70,2.475,6.54,,450.0,380.3
AL945,2026-02-23 05:45:00+00:00,45,2.150,5.67,,461.0,365.3
AL945,2026-02-23 05:52:30+00:00,45,2.050,5.21,,528.1,361.8
MHJ45,2026-02-23 05:52:30+00:00,70,2.425,6.62,,420.0,364.0
AL945,2026-02-23 06:00:00+00:00,45,2.100,5.48,,500.3,347.1
MHJ45,2026-02-23 06:00:00+00:00,40,2.375,6.05,,514.7,402.6
MHJ45,2026-02-23 06:07:30+00:00,70,2.825,7.03,,420.0,412.4
AL945,2026-02-23 06:15:00+00:00,50,2.050,4.66,,627.8,397.9
MHJ45,2026-02-23 06:15:00+00:00,70,2.725,7.11,,405.0,386.3
MHJ45,2026-02-23 06:22:30+00:00,60,2.625,7.16,,412.5,387.3
MHJ45,2026-02-23 06:30:00+00:00,70,2.425,6.67,,417.5,360.6
MHJ45,2026-02-23 06:37:30+00:00,70,2.450,6.69,,415.0,361.3
MHJ45,2026-02-23 06:45:00+00:00,70,3.025,7.72,,385.0,413.6
MHJ45,2026-02-23 06:52:30+00:00,60,2.300,6.86,,375.0,326.3
MHJ45,2026-02-23 07:07:30+00:00,40,2.650,7.97,,365.0,327.7
MHJ45,2026-02-23 07:15:00+00:00,70,3.375,9.14,,372.5,392.5
MHJ45,2026-02-23 07:22:30+00:00,40,3.100,7.96,,350.0,385.5
MHJ45,2026-02-23 07:30:00+00:00,40,2.675,7.79,,337.5,335.1
MHJ45,2026-02-23 07:37:30+00:00,60,3.575,9.36,,342.5,406.6
MHJ45,2026-02-23 07:45:00+00:00,40,3.575,9.13,,325.0,393.3
MHJ45,2026-02-23 07:52:30+00:00,70,3.650,9.84,,320.0,370.9
MHJ45,2026-02-23 08:00:00+00:00,70,3.575,10.11,,307.5,338.6
MHJ45,2026-02-23 08:07:30+00:00,70,3.650,10.60,,297.5,329.3
MHJ45,2026-02-23 08:15:00+00:00,70,3.775,10.67,,295.0,335.1
MHJ45,2026-02-23 08:22:30+00:00,60,3.250,10.38,,292.5,301.1
MHJ45,2026-02-23 08:30:00+00:00,70,3.800,11.21,,295.0,325.3
MHJ45,2026-02-23 08:37:30+00:00,60,3.450,11.13,,282.5,294.8
MHJ45,2026-02-23 08:45:00+00:00,70,4.000,11.91,,275.0,323.6
MHJ45,2026-02-23 08:52:30+00:00,60,3.275,9.84,,265.0,316.6
MHJ45,2026-02-23 09:00:00+00:00,60,3.300,11.62,,257.5,266.6
MHJ45,2026-02-23 09:07:30+00:00,70,3.325,10.79,,252.5,290.1
MHJ45,2026-02-23 09:15:00+00:00,40,3.225,10.59,,245.0,282.7
MHJ45,2026-02-23 09:22:30+00:00,60,3.050,11.32,,237.5,244.6
MHJ45,2026-02-23 09:30:00+00:00,0,2.975,9.74,,232.5,
AL945,2026-02-23 09:30:00+00:00,70,2.625,6.95,,457.5,362.3
MHJ45,2026-02-23 09:37:30+00:00,70,2.725,10.00,,232.5,245.1
MHJ45,2026-02-23 09:45:00+00:00,0,2.900,9.55,,227.5,
AL945,2026-02-23 09:52:30+00:00,70,2.525,6.97,,420.0,350.5
MHJ45,2026-02-23 09:52:30+00:00,40,2.725,9.76,,260.0,264.2
AL945,2026-02-23 10:00:00+00:00,70,2.200,6.53,,385.0,309.7
MHJ45,2026-02-23 10:00:00+00:00,40,2.575,7.59,,312.5,315.1
MHJ45,2026-02-23 10:07:30+00:00,70,2.450,8.44,,267.5,263.9
AL945,2026-02-23 10:07:30+00:00,70,2.225,6.37,,445.0,312.8
MHJ45,2026-02-23 10:15:00+00:00,70,2.450,7.83,,280.0,298.7
MHJ45,2026-02-23 10:22:30+00:00,60,2.275,6.08,,472.5,345.3
MHJ45,2026-02-23 10:30:00+00:00,90,2.150,5.36,,537.5,349.4
MHJ45,2026-02-23 10:37:30+00:00,45,2.275,5.07,,582.5,426.9
AL945,2026-02-23 10:45:00+00:00,0,2.025,4.98,,565.5,
MHJ45,2026-02-23 10:45:00+00:00,90,2.325,5.25,,610.0,412.3
MHJ45,2026-02-23 10:52:30+00:00,90,2.625,6.93,,447.5,357.3
MHJ45,2026-02-23 11:00:00+00:00,60,2.613,7.58,,362.5,303.8
MHJ45,2026-02-23 11:07:30+00:00,60,2.925,8.50,,272.5,300.2
MHJ45,2026-02-23 11:15:00+00:00,70,3.325,10.44,,265.0,284.3
MHJ45,2026-02-23 11:22:30+00:00,70,3.863,12.80,,275.0,270.0
MHJ45,2026-02-23 11:30:00+00:00,70,4.457,14.98,,325.0,245.5
AL945,2026-02-23 11:30:00+00:00,45,2.175,5.44,,493.3,380.3
MHJ45,2026-02-23 11:37:30+00:00,70,4.775,16.51,,225.0,242.5
AL945,2026-02-23 11:45:00+00:00,70,2.225,7.01,,350.0,266.8
MHJ45,2026-02-23 11:45:00+00:00,70,5.075,18.32,,220.0,228.6
MHJ45,2026-02-23 11:52:30+00:00,70,4.900,17.49,,207.5,219.1
AL945,2026-02-23 11:52:30+00:00,70,2.450,7.17,,322.5,304.1
MHJ45,2026-02-23 12:00:00+00:00,70,5.132,18.33,2.05,215.0,222.0
AL945,2026-02-23 12:00:00+00:00,70,2.825,8.69,,287.5,277.7
MHJ45,2026-02-23 12:07:30+00:00,0,5.375,19.00,2.05,222.5,
AL945,2026-02-23 12:07:30+00:00,70,3.350,10.90,,265.0,263.2
MHJ45,2026-02-23 12:15:00+00:00,20,4.226,16.87,2.25,225.0,194.0
AL945,2026-02-23 12:15:00+00:00,20,3.625,12.98,,247.5,235.9
AL945,2026-02-23 12:22:30+00:00,50,3.925,13.84,,235.0,238.7
MHJ45,2026-02-23 12:22:30+00:00,40,5.851,22.79,2.25,255.0,200.6
AL945,2026-02-23 12:30:00+00:00,40,4.300,16.72,,227.5,216.9
MHJ45,2026-02-23 12:30:00+00:00,70,6.029,21.53,2.42,172.9,213.2
AL945,2026-02-23 12:37:30+00:00,70,5.075,16.70,,222.5,256.1
MHJ45,2026-02-23 12:37:30+00:00,60,6.138,20.32,2.40,180.0,243.0
MHJ45,2026-02-23 12:45:00+00:00,70,6.563,22.81,2.47,215.0,229.6
AL945,2026-02-23 12:45:00+00:00,70,5.350,18.78,,222.5,240.4
MHJ45,2026-02-23 12:52:30+00:00,70,7.113,24.45,2.53,213.9,234.3
AL945,2026-02-23 12:52:30+00:00,70,5.713,20.24,,235.0,234.8
MHJ45,2026-02-23 13:00:00+00:00,70,7.379,25.87,2.53,207.5,230.8
AL945,2026-02-23 13:00:00+00:00,70,6.025,21.59,,220.0,229.9
AL945,2026-02-23 13:07:30+00:00,90,6.200,22.07,2.03,210.0,226.2
MHJ45,2026-02-23 13:07:30+00:00,50,7.563,26.73,2.65,215.0,229.3
MHJ45,2026-02-23 13:15:00+00:00,70,7.563,26.73,2.70,222.5,231.2
AL945,2026-02-23 13:15:00+00:00,40,6.025,22.61,2.05,210.0,211.9
MHJ45,2026-02-23 13:22:30+00:00,60,7.188,26.31,2.72,175.4,214.9
AL945,2026-02-23 13:22:30+00:00,80,6.425,22.90,2.17,210.0,224.0
MHJ45,2026-02-23 13:30:00+00:00,40,6.701,25.10,2.80,267.5,204.2
AL945,2026-02-23 13:30:00+00:00,20,6.076,23.70,2.22,242.5,210.7
MHJ45,2026-02-23 13:37:30+00:00,60,7.307,23.93,2.83,305.0,239.3
AL945,2026-02-23 13:37:30+00:00,60,6.904,24.52,2.35,225.0,224.0
MHJ45,2026-02-23 13:45:00+00:00,70,8.087,26.80,2.85,245.0,252.2
AL945,2026-02-23 13:45:00+00:00,40,6.975,22.96,2.38,217.5,235.0
AL945,2026-02-23 13:52:30+00:00,90,7.150,23.60,2.38,220.0,238.5
MHJ45,2026-02-23 13:52:30+00:00,20,4.350,17.30,2.83,205.0,171.4
MHJ45,2026-02-23 14:00:00+00:00,70,8.238,28.32,2.95,285.0,233.2
AL945,2026-02-23 14:00:00+00:00,90,7.400,24.83,2.35,212.5,242.3
MHJ45,2026-02-23 14:07:30+00:00,60,8.400,28.26,2.90,207.5,255.5
AL945,2026-02-23 14:07:30+00:00,90,7.763,26.23,2.63,190.0,237.6
MHJ45,2026-02-23 14:15:00+00:00,60,8.263,27.11,3.05,240.0,257.4
AL945,2026-02-23 14:15:00+00:00,90,7.975,27.89,2.65,207.5,235.0
AL945,2026-02-23 14:22:30+00:00,95,7.988,28.55,2.78,200.0,222.4
MHJ45,2026-02-23 14:22:30+00:00,70,8.338,27.48,3.08,205.0,249.8
MHJ45,2026-02-23 14:30:00+00:00,70,8.538,28.73,3.00,300.0,238.9
AL945,2026-02-23 14:30:00+00:00,90,7.813,28.07,2.80,217.5,213.9
AL945,2026-02-23 14:37:30+00:00,65,7.500,27.18,2.72,210.0,214.5
MHJ45,2026-02-23 14:37:30+00:00,70,8.663,28.41,3.05,235.0,250.0
MHJ45,2026-02-23 14:45:00+00:00,70,8.675,28.55,2.97,200.0,247.9
AL945,2026-02-23 14:45:00+00:00,80,8.013,26.31,2.65,207.5,239.5
AL945,2026-02-23 14:52:30+00:00,95,8.413,29.42,2.72,210.0,229.7
MHJ45,2026-02-23 14:52:30+00:00,60,5.304,21.72,2.97,232.5,177.1
AL945,2026-02-23 15:00:00+00:00,85,8.413,28.82,2.63,227.5,237.9
MHJ45,2026-02-23 15:00:00+00:00,70,8.306,27.78,2.95,235.0,237.9
MHJ45,2026-02-23 15:07:30+00:00,90,8.225,25.99,3.03,195.0,248.3
AL945,2026-02-23 15:07:30+00:00,60,7.050,27.00,2.70,212.7,205.9
MHJ45,2026-02-23 15:15:00+00:00,70,8.713,27.57,2.85,300.0,254.1
AL945,2026-02-23 15:15:00+00:00,85,8.375,28.28,2.65,145.0,237.5
MHJ45,2026-02-23 15:22:30+00:00,70,8.750,28.35,3.08,182.5,251.5
AL945,2026-02-23 15:22:30+00:00,90,8.313,27.99,2.85,197.5,241.5
MHJ45,2026-02-23 15:30:00+00:00,70,8.838,28.74,2.97,247.5,247.4
AL945,2026-02-23 15:30:00+00:00,90,8.300,28.46,2.83,207.5,233.5
AL945,2026-02-23 15:37:30+00:00,90,8.363,27.99,2.85,197.5,240.1
MHJ45,2026-02-23 15:37:30+00:00,70,8.850,29.15,3.08,192.5,247.1
AL945,2026-02-23 15:45:00+00:00,70,8.175,27.29,2.85,205.0,235.9
MHJ45,2026-02-23 15:45:00+00:00,60,9.188,30.02,3.08,260.0,252.7
MHJ45,2026-02-23 15:52:30+00:00,70,9.238,28.95,3.28,177.5,271.2
AL945,2026-02-23 15:52:30+00:00,90,8.288,26.31,2.85,215.0,256.6
AL945,2026-02-23 16:00:00+00:00,60,7.663,27.25,2.80,210.0,223.5
MHJ45,2026-02-23 16:00:00+00:00,60,9.275,30.51,3.13,242.5,249.3
AL945,2026-02-23 16:07:30+00:00,40,7.675,27.86,2.83,197.5,224.2
MHJ45,2026-02-23 16:07:30+00:00,70,9.375,29.74,3.10,185.0,257.8
MHJ45,2026-02-23 16:15:00+00:00,70,9.688,31.25,3.35,262.5,262.3
AL945,2026-02-23 16:15:00+00:00,60,7.763,28.41,2.83,192.5,221.1
AL945,2026-02-23 16:22:30+00:00,95,9.325,30.79,3.03,195.0,251.4
MHJ45,2026-02-23 16:22:30+00:00,70,9.663,31.68,3.20,260.0,254.6
MHJ45,2026-02-23 16:30:00+00:00,60,9.550,31.39,3.10,247.5,247.8
AL945,2026-02-23 16:30:00+00:00,95,9.363,30.93,2.88,142.5,252.3
AL945,2026-02-23 16:37:30+00:00,60,8.038,29.61,3.28,200.0,217.1
MHJ45,2026-02-23 16:37:30+00:00,70,9.638,30.63,3.30,175.0,260.8
MHJ45,2026-02-23 16:45:00+00:00,70,9.750,30.96,3.17,250.0,256.0
AL945,2026-02-23 16:45:00+00:00,90,9.650,29.88,2.88,195.0,267.6
AL945,2026-02-23 16:52:30+00:00,90,9.650,32.28,3.00,187.5,248.8
MHJ45,2026-02-23 16:52:30+00:00,70,9.838,31.43,3.22,260.0,265.7
AL945,2026-02-23 17:00:00+00:00,70,10.200,33.21,3.08,182.5,254.8
MHJ45,2026-02-23 17:00:00+00:00,70,9.813,31.43,3.28,255.0,263.2
AL945,2026-02-23 17:07:30+00:00,90,10.400,34.66,3.10,177.5,250.4
MHJ45,2026-02-23 17:07:30+00:00,70,9.738,31.04,3.22,247.5,255.4
MHJ45,2026-02-23 17:15:00+00:00,70,9.925,31.62,3.15,220.0,264.4
AL945,2026-02-23 17:15:00+00:00,70,10.575,35.08,3.08,180.0,251.7
AL945,2026-02-23 17:22:30+00:00,90,10.363,35.04,3.10,232.5,241.1
MHJ45,2026-02-23 17:22:30+00:00,70,9.963,32.20,3.10,262.5,260.9
MHJ45,2026-02-23 17:30:00+00:00,75,10.025,32.58,3.05,222.5,254.4
AL945,2026-02-23 17:30:00+00:00,90,10.250,33.70,3.08,200.0,253.0
MHJ45,2026-02-23 17:37:30+00:00,70,10.238,33.75,3.08,260.0,258.2
AL945,2026-02-23 17:37:30+00:00,20,9.713,33.49,2.85,237.5,235.1
MHJ45,2026-02-23 17:45:00+00:00,70,10.025,34.53,3.05,192.5,241.9
AL945,2026-02-23 17:45:00+00:00,90,10.025,33.50,3.13,202.5,249.4
MHJ45,2026-02-23 17:52:30+00:00,70,9.913,32.20,3.08,237.5,258.4
AL945,2026-02-23 17:52:30+00:00,80,9.650,33.51,3.13,205.0,233.6
MHJ45,2026-02-23 18:00:00+00:00,70,9.588,31.11,3.00,230.0,255.9
AL945,2026-02-23 18:00:00+00:00,70,9.775,33.18,3.13,200.0,237.7
MHJ45,2026-02-23 18:07:30+00:00,60,9.675,31.94,3.03,220.0,250.8
AL945,2026-02-23 18:07:30+00:00,90,9.625,31.74,3.10,202.5,248.6
AL945,2026-02-23 18:15:00+00:00,90,9.475,31.28,3.13,190.0,245.2
MHJ45,2026-02-23 18:15:00+00:00,70,9.500,30.95,2.92,222.5,256.5
MHJ45,2026-02-23 18:22:30+00:00,70,9.425,31.06,2.88,217.5,253.3
AL945,2026-02-23 18:22:30+00:00,95,9.400,32.01,3.13,180.0,236.8
MHJ45,2026-02-23 18:30:00+00:00,70,9.350,31.20,2.85,202.5,250.3
AL945,2026-02-23 18:30:00+00:00,0,8.650,31.43,3.10,205.0,
AL945,2026-02-23 18:37:30+00:00,20,7.838,29.22,3.10,272.5,212.3
MHJ45,2026-02-23 18:37:30+00:00,70,9.175,30.83,3.03,205.0,247.9
MHJ45,2026-02-23 18:45:00+00:00,70,8.913,29.41,3.05,235.0,247.3
AL945,2026-02-23 18:45:00+00:00,80,9.075,29.59,3.08,200.0,245.4
AL945,2026-02-23 18:52:30+00:00,60,8.413,30.08,3.00,242.5,224.3
MHJ45,2026-02-23 18:52:30+00:00,70,8.875,28.36,3.20,210.0,254.6
MHJ45,2026-02-23 19:00:00+00:00,70,8.850,29.09,3.00,207.5,251.3
AL945,2026-02-23 19:00:00+00:00,80,8.975,29.27,3.03,187.5,247.0
MHJ45,2026-02-23 19:07:30+00:00,70,8.888,29.04,3.17,168.6,254.4
AL945,2026-02-23 19:07:30+00:00,60,8.431,28.71,3.05,232.5,228.1
AL945,2026-02-23 19:15:00+00:00,80,8.863,27.94,3.05,237.5,256.1
MHJ45,2026-02-23 19:15:00+00:00,70,8.875,29.04,2.88,210.0,253.5
MHJ45,2026-02-23 19:22:30+00:00,70,8.700,28.11,2.90,195.0,257.5
AL945,2026-02-23 19:22:30+00:00,40,7.863,26.91,2.95,272.5,227.8
MHJ45,2026-02-23 19:30:00+00:00,75,8.800,28.10,2.88,210.0,255.4
AL945,2026-02-23 19:30:00+00:00,85,9.050,29.58,3.00,192.5,249.4
AL945,2026-02-23 19:37:30+00:00,80,9.088,29.18,3.00,252.5,250.5
MHJ45,2026-02-23 19:37:30+00:00,70,8.875,29.01,2.92,225.0,250.7
MHJ45,2026-02-23 19:45:00+00:00,70,8.900,29.22,2.90,202.5,251.6
AL945,2026-02-23 19:45:00+00:00,60,9.238,30.00,2.85,247.5,251.2
AL945,2026-02-23 19:52:30+00:00,70,9.200,30.46,2.72,210.0,249.3
MHJ45,2026-02-23 19:52:30+00:00,70,9.138,30.06,2.88,222.5,256.2
AL945,2026-02-23 20:00:00+00:00,20,8.551,30.85,2.85,235.0,228.1
MHJ45,2026-02-23 20:00:00+00:00,70,8.931,30.38,2.78,220.0,244.4
AL945,2026-02-23 20:07:30+00:00,85,9.213,29.76,2.88,232.5,251.0
MHJ45,2026-02-23 20:07:30+00:00,70,8.838,29.54,2.72,142.5,243.5
AL945,2026-02-23 20:15:00+00:00,90,8.963,28.92,2.88,215.0,257.0
MHJ45,2026-02-23 20:15:00+00:00,70,8.850,29.05,2.65,215.0,250.6
MHJ45,2026-02-23 20:22:30+00:00,70,8.725,28.82,2.75,222.5,255.1
AL945,2026-02-23 20:22:30+00:00,40,8.232,29.40,2.85,237.9,230.8
AL945,2026-02-23 20:30:00+00:00,60,8.232,28.56,2.83,245.0,231.5
MHJ45,2026-02-23 20:30:00+00:00,70,8.575,28.68,2.60,215.0,252.9
AL945,2026-02-23 20:37:30+00:00,70,8.638,27.90,2.78,137.5,253.4
MHJ45,2026-02-23 20:37:30+00:00,70,8.400,27.12,2.53,225.0,261.0
MHJ45,2026-02-23 20:45:00+00:00,70,8.475,27.12,2.50,220.0,267.0
AL945,2026-02-23 20:45:00+00:00,80,8.913,28.35,2.75,255.0,258.5
AL945,2026-02-23 20:52:30+00:00,20,8.100,28.08,2.70,212.5,235.0
MHJ45,2026-02-23 20:52:30+00:00,70,8.550,27.95,2.35,212.5,261.9
MHJ45,2026-02-23 21:00:00+00:00,70,8.613,27.71,2.40,235.0,266.3
AL945,2026-02-23 21:00:00+00:00,0,9.100,28.74,2.67,240.0,
AL945,2026-02-23 21:07:30+00:00,0,8.925,28.84,2.60,225.0,
MHJ45,2026-02-23 21:07:30+00:00,70,8.625,27.77,2.25,227.5,270.6
MHJ45,2026-02-23 21:15:00+00:00,70,8.600,27.86,2.20,222.5,264.2
AL945,2026-02-23 21:15:00+00:00,40,8.263,28.73,2.58,140.0,238.1
MHJ45,2026-02-23 21:22:30+00:00,70,8.563,27.84,2.25,237.5,262.7
AL945,2026-02-23 21:22:30+00:00,90,9.088,28.91,2.67,225.0,267.9
MHJ45,2026-02-23 21:30:00+00:00,50,8.650,28.19,2.15,235.0,261.8
AL945,2026-02-23 21:30:00+00:00,85,9.138,28.95,2.58,227.5,263.4
AL945,2026-02-23 21:37:30+00:00,70,9.113,28.92,2.53,222.5,268.4
MHJ45,2026-02-23 21:37:30+00:00,70,8.725,28.73,,232.5,262.7
AL945,2026-02-23 21:45:00+00:00,70,9.288,29.14,2.40,232.5,273.9
MHJ45,2026-02-23 21:45:00+00:00,70,8.800,28.64,2.05,225.0,265.2
MHJ45,2026-02-23 21:52:30+00:00,70,8.688,29.65,2.03,225.0,256.3
AL945,2026-02-23 21:52:30+00:00,95,9.425,30.52,2.30,220.0,260.7
MHJ45,2026-02-23 22:00:00+00:00,50,8.607,28.78,2.05,225.0,256.7
AL945,2026-02-23 22:00:00+00:00,0,9.375,31.16,2.22,220.0,
AL945,2026-02-23 22:07:30+00:00,80,9.225,29.99,2.15,222.5,255.4
MHJ45,2026-02-23 22:07:30+00:00,70,8.375,27.99,,220.0,256.1
MHJ45,2026-02-23 22:15:00+00:00,50,8.375,27.74,,215.0,250.6
AL945,2026-02-23 22:15:00+00:00,90,9.375,31.04,2.03,225.0,259.3
AL945,2026-02-23 22:22:30+00:00,90,9.175,30.75,,220.0,256.0
MHJ45,2026-02-23 22:22:30+00:00,75,8.350,27.81,,215.0,256.9
MHJ45,2026-02-23 22:30:00+00:00,70,8.175,27.28,,215.0,253.9
AL945,2026-02-23 22:30:00+00:00,80,8.975,31.33,,215.0,240.6
MHJ45,2026-02-23 22:37:30+00:00,60,7.825,26.40,,212.5,256.7
AL945,2026-02-23 22:37:30+00:00,60,8.725,28.77,,212.5,249.0
MHJ45,2026-02-23 22:45:00+00:00,70,7.575,24.66,,212.5,276.2
AL945,2026-02-23 22:45:00+00:00,40,7.725,27.91,,212.5,228.4
MHJ45,2026-02-23 22:52:30+00:00,70,7.325,22.86,,210.0,284.7
AL945,2026-02-23 22:52:30+00:00,70,7.900,26.74,,210.0,248.1
MHJ45,2026-02-23 23:00:00+00:00,70,7.125,22.12,,210.0,283.6
AL945,2026-02-23 23:00:00+00:00,90,7.975,25.36,,212.5,269.9
AL945,2026-02-23 23:07:30+00:00,70,8.000,25.01,,217.5,278.0
MHJ45,2026-02-23 23:07:30+00:00,70,7.025,22.21,,220.0,286.2
AL945,2026-02-23 23:15:00+00:00,20,7.125,24.88,,222.5,250.7
MHJ45,2026-02-23 23:15:00+00:00,50,6.900,21.33,,225.0,287.0
MHJ45,2026-02-23 23:22:30+00:00,40,6.875,20.83,,227.5,301.2
AL945,2026-02-23 23:22:30+00:00,60,7.525,26.40,,227.5,253.6
MHJ45,2026-02-23 23:30:00+00:00,70,6.900,21.33,,232.5,297.0
AL945,2026-02-23 23:30:00+00:00,40,7.525,26.34,,227.5,255.2
AL945,2026-02-23 23:37:30+00:00,20,4.675,18.30,,225.0,227.6
MHJ45,2026-02-23 23:37:30+00:00,70,6.925,21.49,,232.5,293.7
AL945,2026-02-23 23:45:00+00:00,80,8.350,28.37,,227.5,266.6
MHJ45,2026-02-23 23:45:00+00:00,60,5.875,20.57,,230.0,259.0
AL945,2026-02-23 23:52:30+00:00,20,7.925,27.09,,220.0,261.9
MHJ45,2026-02-23 23:52:30+00:00,70,6.850,21.74,,230.0,297.5
AL945,2026-02-24 00:00:00+00:00,70,8.125,26.42,,220.0,276.3
MHJ45,2026-02-24 00:00:00+00:00,70,6.725,21.46,,227.5,299.8
AL945,2026-02-24 00:07:30+00:00,60,7.050,26.14,,217.5,242.7
MHJ45,2026-02-24 00:07:30+00:00,70,6.625,21.65,,227.5,280.4
AL945,2026-02-24 00:15:00+00:00,90,7.800,27.07,,212.5,252.3
MHJ45,2026-02-24 00:15:00+00:00,70,6.775,21.24,,225.0,281.3
AL945,2026-02-24 00:22:30+00:00,70,7.575,25.75,,210.0,256.7
MHJ45,2026-02-24 00:22:30+00:00,60,6.600,21.50,,222.5,280.5
MHJ45,2026-02-24 00:30:00+00:00,70,6.275,21.12,,222.5,271.6
AL945,2026-02-24 00:30:00+00:00,90,7.550,25.30,,210.0,265.7
AL945,2026-02-24 00:37:30+00:00,90,7.375,24.19,,207.5,270.0
MHJ45,2026-02-24 00:37:30+00:00,70,6.325,20.63,,220.0,277.3
MHJ45,2026-02-24 00:45:00+00:00,70,6.125,20.66,,220.0,267.5
AL945,2026-02-24 00:45:00+00:00,80,7.025,23.92,,207.5,254.5
AL945,2026-02-24 00:52:30+00:00,40,6.550,24.35,,210.0,240.0
MHJ45,2026-02-24 00:52:30+00:00,40,6.050,19.86,,220.0,267.8
MHJ45,2026-02-24 01:00:00+00:00,60,6.025,20.03,,217.5,268.9
AL945,2026-02-24 01:00:00+00:00,70,6.675,23.52,,202.5,241.0
MHJ45,2026-02-24 01:07:30+00:00,70,5.675,19.15,,225.0,269.5
AL945,2026-02-24 01:07:30+00:00,90,6.550,22.31,,202.5,258.7
MHJ45,2026-02-24 01:15:00+00:00,70,5.550,18.97,,230.0,266.5
AL945,2026-02-24 01:15:00+00:00,90,6.225,20.95,,205.0,263.6
MHJ45,2026-02-24 01:22:30+00:00,70,5.350,18.37,,220.0,255.5
AL945,2026-02-24 01:22:30+00:00,90,5.750,19.15,,205.0,252.9
MHJ45,2026-02-24 01:30:00+00:00,60,5.200,17.52,,225.0,264.6
AL945,2026-02-24 01:30:00+00:00,0,5.575,18.25,,207.5,
AL945,2026-02-24 01:37:30+00:00,70,5.275,17.53,,217.5,267.2
MHJ45,2026-02-24 01:37:30+00:00,0,5.025,16.00,,220.0,
AL945,2026-02-24 01:45:00+00:00,0,5.150,16.13,,232.5,
MHJ45,2026-02-24 01:45:00+00:00,0,4.750,14.39,,230.0,
AL945,2026-02-24 01:52:30+00:00,70,5.025,16.58,,227.5,268.1
MHJ45,2026-02-24 01:52:30+00:00,0,4.575,13.60,,230.0,
AL945,2026-02-24 02:00:00+00:00,80,4.900,15.77,,227.5,273.7
MHJ45,2026-02-24 02:00:00+00:00,70,4.500,14.09,,237.5,300.8
AL945,2026-02-24 02:07:30+00:00,90,4.750,15.99,,227.5,265.0
MHJ45,2026-02-24 02:07:30+00:00,40,3.850,13.54,,247.5,265.5
AL945,2026-02-24 02:15:00+00:00,60,4.550,15.13,,225.0,264.6
MHJ45,2026-02-24 02:15:00+00:00,0,4.400,13.24,,245.0,
AL945,2026-02-24 02:22:30+00:00,80,4.400,14.80,,240.0,272.5
MHJ45,2026-02-24 02:22:30+00:00,40,3.525,12.77,,247.5,256.6
AL945,2026-02-24 02:30:00+00:00,0,4.325,13.64,,227.5,
MHJ45,2026-02-24 02:30:00+00:00,70,4.100,13.32,,250.0,282.1
MHJ45,2026-02-24 02:37:30+00:00,80,4.125,13.35,,245.0,283.7
AL945,2026-02-24 02:37:30+00:00,0,4.100,12.68,,235.0,
AL945,2026-02-24 02:45:00+00:00,90,3.875,11.93,,242.5,296.8
MHJ45,2026-02-24 02:45:00+00:00,70,3.650,11.35,,252.5,305.2
MHJ45,2026-02-24 02:52:30+00:00,80,3.525,10.78,,262.5,315.5
AL945,2026-02-24 02:52:30+00:00,80,3.750,11.52,,250.0,299.2
AL945,2026-02-24 03:00:00+00:00,90,3.650,11.25,,270.0,311.0
MHJ45,2026-02-24 03:00:00+00:00,60,3.475,10.46,,292.5,316.1
AL945,2026-02-24 03:07:30+00:00,90,3.525,10.93,,260.0,304.3
MHJ45,2026-02-24 03:07:30+00:00,90,3.400,10.22,,275.0,312.3
MHJ45,2026-02-24 03:15:00+00:00,80,3.375,10.10,,280.0,315.8
AL945,2026-02-24 03:15:00+00:00,90,3.450,10.56,,257.5,306.3
AL945,2026-02-24 03:22:30+00:00,90,3.375,10.35,,262.5,307.8
MHJ45,2026-02-24 03:22:30+00:00,90,3.175,9.62,,285.0,313.4
MHJ45,2026-02-24 03:30:00+00:00,90,3.225,9.52,,295.0,322.5
AL945,2026-02-24 03:30:00+00:00,90,3.350,9.89,,270.0,341.6
MHJ45,2026-02-24 03:37:30+00:00,90,3.200,9.35,,292.5,332.7
AL945,2026-02-24 03:37:30+00:00,80,3.350,9.90,,272.5,322.6
MHJ45,2026-02-24 03:45:00+00:00,80,3.275,9.55,,290.0,332.2
AL945,2026-02-24 03:45:00+00:00,90,3.050,9.26,,275.0,316.7
MHJ45,2026-02-24 03:52:30+00:00,90,3.050,9.60,,290.0,299.5
AL945,2026-02-24 03:52:30+00:00,90,3.100,9.55,,267.5,311.2
MHJ45,2026-02-24 04:00:00+00:00,70,2.825,9.27,,282.5,287.2
AL945,2026-02-24 04:00:00+00:00,70,2.825,9.50,,260.0,272.4
MHJ45,2026-02-24 04:07:30+00:00,90,3.000,8.85,,285.0,334.9
AL945,2026-02-24 04:07:30+00:00,80,2.750,9.01,,282.5,282.5
AL945,2026-02-24 04:15:00+00:00,80,2.800,8.52,,275.0,313.8
MHJ45,2026-02-24 04:15:00+00:00,90,2.800,8.41,,305.0,318.7
MHJ45,2026-02-24 04:22:30+00:00,80,2.575,7.95,,320.0,307.4
AL945,2026-02-24 04:22:30+00:00,70,2.425,7.30,,315.0,311.2
MHJ45,2026-02-24 04:30:00+00:00,70,2.575,7.54,,360.0,331.9
AL945,2026-02-24 04:30:00+00:00,70,2.650,7.24,,350.0,354.3
MHJ45,2026-02-24 04:37:30+00:00,70,2.525,7.24,,360.0,335.0
AL945,2026-02-24 04:37:30+00:00,70,2.600,6.99,,380.0,362.0
MHJ45,2026-02-24 04:45:00+00:00,40,2.450,6.99,,392.5,345.5
AL945,2026-02-24 04:45:00+00:00,70,2.600,6.64,,382.5,388.5
MHJ45,2026-02-24 04:52:30+00:00,70,2.975,7.33,,375.0,417.3
AL945,2026-02-24 04:52:30+00:00,70,2.425,6.71,,385.0,345.3
MHJ45,2026-02-24 05:00:00+00:00,60,2.575,6.38,,460.0,413.5
AL945,2026-02-24 05:00:00+00:00,70,2.450,6.41,,407.5,376.1
MHJ45,2026-02-24 05:07:30+00:00,80,2.950,7.27,,387.5,428.9
AL945,2026-02-24 05:07:30+00:00,60,2.425,6.07,,452.5,393.6
AL945,2026-02-24 05:15:00+00:00,45,2.075,5.39,,500.3,367.1
MHJ45,2026-02-24 05:15:00+00:00,70,2.925,7.25,,412.5,420.6
AL945,2026-02-24 05:22:30+00:00,45,2.125,5.52,,480.3,371.0
MHJ45,2026-02-24 05:22:30+00:00,40,2.400,6.39,,410.0,366.9
AL945,2026-02-24 05:30:00+00:00,45,2.125,5.53,,496.0,352.4
MHJ45,2026-02-24 05:30:00+00:00,70,2.450,6.29,,407.5,393.6
MHJ45,2026-02-24 05:37:30+00:00,70,2.450,6.67,,382.5,358.3
MHJ45,2026-02-24 05:45:00+00:00,60,2.600,6.84,,377.5,389.4
MHJ45,2026-02-24 05:52:30+00:00,40,2.175,6.32,,400.0,326.2
MHJ45,2026-02-24 06:00:00+00:00,70,2.825,6.77,,482.5,432.4
MHJ45,2026-02-24 06:07:30+00:00,70,2.400,5.71,,560.0,430.6
MHJ45,2026-02-24 06:15:00+00:00,70,2.325,5.42,,557.5,423.6
MHJ45,2026-02-24 06:22:30+00:00,60,2.275,5.84,,500.0,392.2
MHJ45,2026-02-24 06:30:00+00:00,70,2.425,5.84,,492.5,416.8
MHJ45,2026-02-24 06:37:30+00:00,50,2.550,6.34,,467.5,403.9
MHJ45,2026-02-24 06:45:00+00:00,40,2.200,5.61,,530.0,371.5
MHJ45,2026-02-24 06:52:30+00:00,60,2.550,6.28,,515.0,416.2
MHJ45,2026-02-24 07:00:00+00:00,60,2.875,7.04,,462.5,440.9
MHJ45,2026-02-24 07:07:30+00:00,70,2.850,6.81,,452.5,436.7
AL945,2026-02-24 07:15:00+00:00,45,2.125,5.89,,477.5,335.2
MHJ45,2026-02-24 07:15:00+00:00,60,2.825,7.09,,427.5,417.2
AL945,2026-02-24 07:22:30+00:00,85,2.700,5.59,,670.0,500.0
MHJ45,2026-02-24 07:22:30+00:00,60,2.900,7.09,,400.0,410.4
AL945,2026-02-24 07:30:00+00:00,45,2.875,6.11,,717.5,534.5
MHJ45,2026-02-24 07:30:00+00:00,70,2.850,7.29,,405.0,401.0
MHJ45,2026-02-24 07:37:30+00:00,60,2.650,6.81,,395.0,383.3
MHJ45,2026-02-24 07:45:00+00:00,70,3.150,7.84,,400.0,421.2
AL945,2026-02-24 07:52:30+00:00,45,2.225,5.38,,562.5,391.4
MHJ45,2026-02-24 07:52:30+00:00,70,2.875,7.51,,417.5,388.2
MHJ45,2026-02-24 08:00:00+00:00,70,3.325,8.37,,375.0,400.6
MHJ45,2026-02-24 08:07:30+00:00,70,3.225,8.43,,365.0,380.5
MHJ45,2026-02-24 08:15:00+00:00,70,2.250,6.73,,367.5,315.7
AL945,2026-02-24 08:22:30+00:00,60,2.225,5.22,,607.5,420.8
MHJ45,2026-02-24 08:22:30+00:00,40,2.450,7.54,,345.0,314.4
AL945,2026-02-24 08:30:00+00:00,60,2.250,5.39,,560.0,395.6
MHJ45,2026-02-24 08:30:00+00:00,70,2.850,8.37,,337.5,328.2
AL945,2026-02-24 08:37:30+00:00,45,2.250,5.56,,560.0,401.6
MHJ45,2026-02-24 08:37:30+00:00,70,2.675,8.55,,315.0,301.3
AL945,2026-02-24 08:45:00+00:00,60,2.175,5.64,,492.5,360.3
MHJ45,2026-02-24 08:45:00+00:00,70,3.975,9.92,,305.0,387.8
MHJ45,2026-02-24 08:52:30+00:00,70,3.550,10.03,,287.5,333.3
MHJ45,2026-02-24 09:00:00+00:00,20,3.050,9.46,,280.0,298.5
AL945,2026-02-24 09:00:00+00:00,90,2.400,5.64,,595.0,409.0
MHJ45,2026-02-24 09:07:30+00:00,70,3.275,10.38,,285.0,297.9
AL945,2026-02-24 09:07:30+00:00,60,2.400,5.65,,580.0,429.8
MHJ45,2026-02-24 09:15:00+00:00,60,3.450,10.85,,267.5,300.6
MHJ45,2026-02-24 09:22:30+00:00,70,3.300,10.76,,260.0,286.0
AL945,2026-02-24 09:22:30+00:00,60,2.250,6.11,,470.0,350.7
MHJ45,2026-02-24 09:30:00+00:00,40,3.350,11.31,,250.0,273.8
AL945,2026-02-24 09:30:00+00:00,60,2.225,5.78,,485.0,351.3
MHJ45,2026-02-24 09:37:30+00:00,60,3.425,12.03,,245.0,262.8
MHJ45,2026-02-24 09:45:00+00:00,70,3.400,11.53,,242.5,270.8
MHJ45,2026-02-24 09:52:30+00:00,60,3.375,11.80,,242.5,263.0
AL945,2026-02-24 10:00:00+00:00,65,2.175,6.11,,430.0,325.2
MHJ45,2026-02-24 10:00:00+00:00,40,3.100,11.05,,227.5,246.2
MHJ45,2026-02-24 10:07:30+00:00,70,2.975,11.23,,220.0,230.6
MHJ45,2026-02-24 10:15:00+00:00,40,2.825,10.40,,230.0,242.7
AL945,2026-02-24 10:15:00+00:00,0,15.750,67.47,,215.0,
MHJ45,2026-02-24 10:22:30+00:00,40,2.675,9.30,,235.0,270.5
MHJ45,2026-02-24 10:30:00+00:00,0,3.000,9.81,,255.0,
MHJ45,2026-02-24 10:37:30+00:00,40,2.275,7.79,,285.0,257.4
MHJ45,2026-02-24 10:45:00+00:00,60,2.813,8.60,,362.5,291.2
MHJ45,2026-02-24 10:52:30+00:00,40,2.625,7.73,,317.5,304.7
MHJ45,2026-02-24 11:00:00+00:00,60,2.800,8.78,,290.0,283.0
MHJ45,2026-02-24 11:07:30+00:00,70,3.025,9.76,,260.0,264.8
MHJ45,2026-02-24 11:15:00+00:00,60,3.450,11.19,,240.0,267.2
MHJ45,2026-02-24 11:22:30+00:00,70,3.750,12.50,,230.0,248.5
MHJ45,2026-02-24 11:30:00+00:00,70,4.175,13.99,,230.0,251.8
MHJ45,2026-02-24 11:37:30+00:00,40,4.475,15.72,,222.5,230.2
MHJ45,2026-02-24 11:45:00+00:00,40,4.750,16.94,,217.5,222.5
AL945,2026-02-24 11:45:00+00:00,90,2.200,6.31,,395.0,299.9
MHJ45,2026-02-24 11:52:30+00:00,90,5.175,18.29,,217.5,246.7
AL945,2026-02-24 11:52:30+00:00,70,2.450,7.65,,320.0,276.0
MHJ45,2026-02-24 12:00:00+00:00,70,5.350,19.00,,215.0,229.6
AL945,2026-02-24 12:00:00+00:00,70,2.850,8.82,,280.0,276.7
AL945,2026-02-24 12:07:30+00:00,60,3.475,10.86,,257.5,274.0
MHJ45,2026-02-24 12:07:30+00:00,40,5.375,18.99,,210.0,224.3
MHJ45,2026-02-24 12:15:00+00:00,90,5.550,19.06,,217.5,228.4
AL945,2026-02-24 12:15:00+00:00,60,3.850,12.48,,245.0,258.4
MHJ45,2026-02-24 12:22:30+00:00,60,5.850,20.63,2.05,215.0,225.1
AL945,2026-02-24 12:22:30+00:00,70,4.225,13.88,,230.0,261.1
MHJ45,2026-02-24 12:30:00+00:00,70,6.250,21.23,2.15,217.5,244.4
AL945,2026-02-24 12:30:00+00:00,75,4.675,15.28,,210.0,248.5
AL945,2026-02-24 12:37:30+00:00,90,4.575,15.82,,212.5,237.7
MHJ45,2026-02-24 12:37:30+00:00,70,6.325,21.84,2.28,215.0,234.8
AL945,2026-02-24 12:45:00+00:00,90,5.375,18.44,,252.5,241.2
MHJ45,2026-02-24 12:45:00+00:00,70,6.375,22.03,2.47,217.5,225.5
MHJ45,2026-02-24 12:52:30+00:00,50,6.863,23.52,2.53,215.0,233.0
AL945,2026-02-24 12:52:30+00:00,70,5.800,20.01,,230.0,243.2
MHJ45,2026-02-24 13:00:00+00:00,70,7.052,24.48,2.53,227.5,225.4
AL945,2026-02-24 13:00:00+00:00,70,6.200,21.60,,225.0,242.1
MHJ45,2026-02-24 13:07:30+00:00,70,7.338,25.75,2.60,230.0,231.3
AL945,2026-02-24 13:07:30+00:00,95,6.550,23.40,2.05,227.5,232.7
MHJ45,2026-02-24 13:15:00+00:00,70,7.363,25.04,2.65,222.5,236.4
AL945,2026-02-24 13:15:00+00:00,90,6.763,23.74,2.20,225.0,233.1
MHJ45,2026-02-24 13:22:30+00:00,70,7.200,24.45,2.67,222.5,233.5
AL945,2026-02-24 13:22:30+00:00,95,6.713,23.83,2.25,222.5,228.6
MHJ45,2026-02-24 13:30:00+00:00,70,7.375,25.66,2.63,215.0,235.0
AL945,2026-02-24 13:30:00+00:00,75,6.775,24.01,2.20,222.5,230.0
MHJ45,2026-02-24 13:37:30+00:00,70,7.400,25.01,2.70,210.0,237.7
AL945,2026-02-24 13:37:30+00:00,0,6.975,24.34,2.28,220.0,
AL945,2026-02-24 13:45:00+00:00,0,6.975,23.83,2.33,215.0,
MHJ45,2026-02-24 13:45:00+00:00,90,7.575,24.39,2.72,210.0,253.4
AL945,2026-02-24 13:52:30+00:00,40,6.475,23.36,2.40,210.0,213.9
MHJ45,2026-02-24 13:52:30+00:00,60,8.025,26.92,2.72,255.0,231.7
AL945,2026-02-24 14:00:00+00:00,95,7.813,28.41,2.45,212.5,223.7
MHJ45,2026-02-24 14:00:00+00:00,70,8.375,28.10,2.80,202.5,243.2
AL945,2026-02-24 14:07:30+00:00,95,7.588,27.88,2.55,220.0,213.8
MHJ45,2026-02-24 14:07:30+00:00,70,8.700,29.59,2.72,197.5,241.8
MHJ45,2026-02-24 14:15:00+00:00,70,8.788,30.46,2.88,227.5,231.3
AL945,2026-02-24 14:15:00+00:00,90,7.550,26.42,2.55,207.5,226.1
MHJ45,2026-02-24 14:22:30+00:00,70,8.850,30.99,2.83,192.5,232.7
AL945,2026-02-24 14:22:30+00:00,95,7.525,26.33,2.63,205.0,227.0
AL945,2026-02-24 14:30:00+00:00,80,7.525,25.69,2.63,207.5,227.2
MHJ45,2026-02-24 14:30:00+00:00,50,8.700,29.90,2.92,192.5,231.9
MHJ45,2026-02-24 14:37:30+00:00,70,8.625,29.19,2.72,192.5,230.6
AL945,2026-02-24 14:37:30+00:00,90,7.875,26.98,2.70,205.0,234.4
AL945,2026-02-24 14:45:00+00:00,95,8.038,26.70,2.72,147.5,239.6
MHJ45,2026-02-24 14:45:00+00:00,70,8.750,28.86,2.97,220.0,245.4
AL945,2026-02-24 14:52:30+00:00,95,8.363,28.56,2.78,140.0,237.2
MHJ45,2026-02-24 14:52:30+00:00,70,8.775,29.54,2.97,197.5,241.1
AL945,2026-02-24 15:00:00+00:00,95,8.338,29.52,2.78,152.5,225.7
MHJ45,2026-02-24 15:00:00+00:00,60,8.800,30.21,2.95,197.5,235.3
MHJ45,2026-02-24 15:07:30+00:00,60,9.125,30.23,2.90,182.5,241.3
AL945,2026-02-24 15:07:30+00:00,75,8.263,28.78,2.83,230.0,226.5
AL945,2026-02-24 15:15:00+00:00,95,8.338,27.50,2.85,225.0,245.6
MHJ45,2026-02-24 15:15:00+00:00,70,9.150,30.50,3.05,182.5,244.1
AL945,2026-02-24 15:22:30+00:00,95,8.375,28.46,2.83,210.0,234.0
MHJ45,2026-02-24 15:22:30+00:00,70,9.225,29.76,3.13,205.0,258.6
AL945,2026-02-24 15:30:00+00:00,95,8.625,27.87,2.88,202.5,245.9
MHJ45,2026-02-24 15:30:00+00:00,40,9.650,32.55,3.10,212.5,246.1
MHJ45,2026-02-24 15:37:30+00:00,60,9.838,32.43,3.17,222.5,247.8
AL945,2026-02-24 15:37:30+00:00,80,9.063,30.23,2.92,220.0,241.3
AL945,2026-02-24 15:45:00+00:00,85,9.175,29.85,2.83,202.5,248.8
MHJ45,2026-02-24 15:45:00+00:00,70,9.800,33.20,3.10,185.0,241.7
AL945,2026-02-24 15:52:30+00:00,75,9.300,31.54,2.97,195.0,238.5
MHJ45,2026-02-24 15:52:30+00:00,40,9.725,32.44,3.17,217.5,244.8
MHJ45,2026-02-24 16:00:00+00:00,70,9.850,32.10,3.13,222.5,254.8
AL945,2026-02-24 16:00:00+00:00,90,9.700,31.17,2.83,220.0,257.5
AL945,2026-02-24 16:07:30+00:00,75,9.788,33.17,2.88,225.0,241.7
MHJ45,2026-02-24 16:07:30+00:00,70,9.900,32.44,3.17,215.0,250.8
AL945,2026-02-24 16:15:00+00:00,75,9.950,32.85,3.00,212.5,251.6
MHJ45,2026-02-24 16:15:00+00:00,70,10.200,33.72,3.10,217.5,249.9
AL945,2026-02-24 16:22:30+00:00,95,9.838,33.72,2.95,242.5,238.0
MHJ45,2026-02-24 16:22:30+00:00,70,10.263,33.70,3.15,240.0,253.3
AL945,2026-02-24 16:30:00+00:00,85,9.925,33.40,3.00,210.0,236.6
MHJ45,2026-02-24 16:30:00+00:00,70,10.225,34.03,,212.5,253.1
AL945,2026-02-24 16:37:30+00:00,85,9.888,33.24,3.05,230.0,236.5
MHJ45,2026-02-24 16:37:30+00:00,70,10.400,34.25,3.10,220.0,244.2
AL945,2026-02-24 16:45:00+00:00,75,9.788,33.59,3.03,282.5,222.1
MHJ45,2026-02-24 16:45:00+00:00,90,10.525,35.24,3.10,237.5,237.5
AL945,2026-02-24 16:52:30+00:00,75,9.363,31.95,3.05,140.0,229.5
MHJ45,2026-02-24 16:52:30+00:00,90,10.600,35.70,3.33,217.5,241.0
AL945,2026-02-24 17:00:00+00:00,80,9.838,30.42,3.10,225.0,258.2
MHJ45,2026-02-24 17:00:00+00:00,40,9.863,35.57,3.30,240.0,223.7
AL945,2026-02-24 17:07:30+00:00,95,9.725,32.04,3.17,195.0,249.4
MHJ45,2026-02-24 17:07:30+00:00,70,10.488,35.38,3.25,227.5,241.0
AL945,2026-02-24 17:15:00+00:00,45,8.600,31.58,3.33,222.5,213.5
MHJ45,2026-02-24 17:15:00+00:00,60,10.125,33.65,3.35,225.0,240.1
MHJ45,2026-02-24 17:22:30+00:00,70,9.925,32.25,3.33,212.5,251.6
AL945,2026-02-24 17:22:30+00:00,65,9.675,31.07,3.28,192.5,262.2
MHJ45,2026-02-24 17:30:00+00:00,70,9.950,32.64,3.25,200.0,254.1
AL945,2026-02-24 17:30:00+00:00,85,9.138,30.89,3.28,150.0,232.1
MHJ45,2026-02-24 17:37:30+00:00,70,9.938,32.78,3.05,235.0,250.4
AL945,2026-02-24 17:37:30+00:00,90,9.413,31.06,3.25,145.0,243.6
AL945,2026-02-24 17:45:00+00:00,75,9.325,30.92,3.33,205.0,240.4
MHJ45,2026-02-24 17:45:00+00:00,60,9.850,32.40,3.28,210.0,247.7
MHJ45,2026-02-24 17:52:30+00:00,70,9.800,31.50,3.33,217.5,263.3
AL945,2026-02-24 17:52:30+00:00,45,9.538,30.85,3.20,140.0,242.1
AL945,2026-02-24 18:00:00+00:00,60,9.700,31.43,3.13,152.5,247.4
MHJ45,2026-02-24 18:00:00+00:00,70,9.713,32.23,3.30,140.0,240.6
AL945,2026-02-24 18:07:30+00:00,75,9.613,31.57,3.30,195.0,248.7
MHJ45,2026-02-24 18:07:30+00:00,70,9.950,33.09,3.10,202.5,250.3
MHJ45,2026-02-24 18:15:00+00:00,70,9.825,32.91,3.10,207.5,247.3
AL945,2026-02-24 18:15:00+00:00,95,9.563,30.97,3.30,202.5,249.6
AL945,2026-02-24 18:22:30+00:00,75,9.463,31.15,3.28,195.0,243.3
MHJ45,2026-02-24 18:22:30+00:00,70,9.625,31.32,3.05,232.5,249.0
MHJ45,2026-02-24 18:30:00+00:00,90,9.375,29.63,3.03,222.5,245.9
AL945,2026-02-24 18:30:00+00:00,90,9.438,30.80,3.28,220.0,250.6
MHJ45,2026-02-24 18:37:30+00:00,40,8.100,29.42,3.00,212.5,219.9
AL945,2026-02-24 18:37:30+00:00,45,9.513,30.25,3.20,237.5,250.1
MHJ45,2026-02-24 18:45:00+00:00,70,9.550,30.83,3.00,200.0,260.0
AL945,2026-02-24 18:45:00+00:00,80,9.400,30.33,3.25,217.5,251.3
AL945,2026-02-24 18:52:30+00:00,95,9.450,29.70,3.25,205.0,263.4
MHJ45,2026-02-24 18:52:30+00:00,70,9.500,30.05,3.03,200.0,259.5
AL945,2026-02-24 19:00:00+00:00,70,9.488,29.41,3.20,140.0,259.6
MHJ45,2026-02-24 19:00:00+00:00,70,9.650,30.76,3.15,202.5,262.2
AL945,2026-02-24 19:07:30+00:00,65,9.325,30.38,3.15,197.5,250.0
MHJ45,2026-02-24 19:07:30+00:00,50,9.700,31.36,3.15,202.5,259.3
AL945,2026-02-24 19:15:00+00:00,70,10.000,31.13,3.10,145.0,269.1
MHJ45,2026-02-24 19:15:00+00:00,70,9.650,30.67,3.13,240.0,259.4
AL945,2026-02-24 19:22:30+00:00,60,10.313,32.16,3.22,202.5,275.3
MHJ45,2026-02-24 19:22:30+00:00,70,9.600,30.58,3.08,217.5,256.3
AL945,2026-02-24 19:30:00+00:00,90,10.213,32.67,3.20,217.5,263.7
MHJ45,2026-02-24 19:30:00+00:00,50,9.625,30.90,3.00,205.0,261.8
MHJ45,2026-02-24 19:37:30+00:00,70,9.775,31.00,3.08,232.5,261.7
AL945,2026-02-24 19:37:30+00:00,60,10.113,32.08,3.20,202.5,256.6
MHJ45,2026-02-24 19:45:00+00:00,70,9.838,30.85,3.03,237.5,274.9
AL945,2026-02-24 19:45:00+00:00,90,9.863,31.05,3.17,215.0,261.8
MHJ45,2026-02-24 19:52:30+00:00,60,9.950,30.89,3.00,222.5,278.2
AL945,2026-02-24 19:52:30+00:00,80,9.763,30.73,3.15,220.0,255.5
AL945,2026-02-24 20:00:00+00:00,70,9.963,31.45,3.08,215.0,265.8
MHJ45,2026-02-24 20:00:00+00:00,60,10.050,32.02,2.97,220.0,263.8
MHJ45,2026-02-24 20:07:30+00:00,60,9.950,32.09,2.88,215.0,260.5
AL945,2026-02-24 20:07:30+00:00,90,10.038,31.25,3.00,202.5,269.1
AL945,2026-02-24 20:15:00+00:00,70,10.138,31.36,2.95,230.0,271.9
MHJ45,2026-02-24 20:15:00+00:00,70,9.925,31.72,2.83,217.5,258.7
MHJ45,2026-02-24 20:22:30+00:00,60,10.250,32.16,2.70,227.5,273.5
AL945,2026-02-24 20:22:30+00:00,90,10.213,31.99,2.90,142.5,269.6
AL945,2026-02-24 20:30:00+00:00,60,9.500,32.64,2.83,200.0,241.1
MHJ45,2026-02-24 20:30:00+00:00,60,10.163,32.22,2.65,140.0,260.7
AL945,2026-02-24 20:37:30+00:00,80,10.250,31.91,2.80,220.0,262.5
MHJ45,2026-02-24 20:37:30+00:00,60,10.200,32.40,2.60,230.0,269.5
AL945,2026-02-24 20:45:00+00:00,90,10.025,31.74,2.75,212.5,264.3
MHJ45,2026-02-24 20:45:00+00:00,60,10.200,32.28,2.63,222.5,270.6
MHJ45,2026-02-24 20:52:30+00:00,45,9.838,32.37,2.53,142.5,254.9
AL945,2026-02-24 20:52:30+00:00,90,10.150,32.36,2.72,202.5,262.0
AL945,2026-02-24 21:00:00+00:00,70,10.488,33.07,2.65,230.0,274.2
MHJ45,2026-02-24 21:00:00+00:00,60,10.163,32.52,2.53,235.0,268.5
AL945,2026-02-24 21:07:30+00:00,75,10.500,33.12,2.58,145.0,270.2
MHJ45,2026-02-24 21:07:30+00:00,70,10.013,32.05,2.53,230.0,269.1
AL945,2026-02-24 21:15:00+00:00,75,10.663,33.25,2.70,235.0,272.5
MHJ45,2026-02-24 21:15:00+00:00,70,10.038,32.40,2.47,227.5,264.1
AL945,2026-02-24 21:22:30+00:00,95,10.600,34.06,2.65,232.5,260.7
MHJ45,2026-02-24 21:22:30+00:00,60,10.275,33.26,2.20,225.0,268.2
AL945,2026-02-24 21:30:00+00:00,95,10.738,34.65,2.65,225.0,260.8
MHJ45,2026-02-24 21:30:00+00:00,70,10.075,33.15,2.22,222.5,263.2
AL945,2026-02-24 21:37:30+00:00,85,10.588,34.66,2.60,225.0,254.8
MHJ45,2026-02-24 21:37:30+00:00,60,10.038,32.70,2.05,162.5,262.4
MHJ45,2026-02-24 21:45:00+00:00,70,9.850,32.02,2.05,215.0,261.9
AL945,2026-02-24 21:45:00+00:00,95,10.450,33.38,2.47,222.5,266.5
AL945,2026-02-24 21:52:30+00:00,85,10.588,33.57,2.47,220.0,267.9
MHJ45,2026-02-24 21:52:30+00:00,70,9.800,31.87,,215.0,268.0
AL945,2026-02-24 22:00:00+00:00,85,10.375,33.92,2.38,227.5,254.3
MHJ45,2026-02-24 22:00:00+00:00,70,9.800,31.76,,220.0,268.8
MHJ45,2026-02-24 22:07:30+00:00,70,9.725,31.98,,217.5,267.4
AL945,2026-02-24 22:07:30+00:00,95,10.350,32.78,2.25,220.0,267.8
AL945,2026-02-24 22:15:00+00:00,95,10.313,33.47,2.15,175.0,262.3
MHJ45,2026-02-24 22:15:00+00:00,50,9.675,32.25,,220.0,264.1
MHJ45,2026-02-24 22:22:30+00:00,70,9.475,31.41,,215.0,256.4
AL945,2026-02-24 22:22:30+00:00,95,10.138,33.36,2.25,220.0,259.3
AL945,2026-02-24 22:30:00+00:00,95,10.075,33.15,,202.5,263.5
MHJ45,2026-02-24 22:30:00+00:00,70,9.375,31.25,,210.0,257.5
AL945,2026-02-24 22:37:30+00:00,90,9.900,32.46,2.05,212.5,260.5
MHJ45,2026-02-24 22:37:30+00:00,70,9.225,30.70,,210.0,261.4
MHJ45,2026-02-24 22:45:00+00:00,70,8.825,29.27,,205.0,264.4
AL945,2026-02-24 22:45:00+00:00,65,9.500,32.10,,212.5,247.5
MHJ45,2026-02-24 22:52:30+00:00,70,8.775,28.23,,202.5,269.5
AL945,2026-02-24 22:52:30+00:00,80,9.700,31.77,,215.0,261.7
MHJ45,2026-02-24 23:00:00+00:00,70,8.550,27.95,,207.5,269.6
AL945,2026-02-24 23:00:00+00:00,90,9.725,31.77,,212.5,264.4
MHJ45,2026-02-24 23:07:30+00:00,65,8.550,27.65,,212.5,280.6
AL945,2026-02-24 23:07:30+00:00,65,9.825,32.19,,210.0,261.9
MHJ45,2026-02-24 23:15:00+00:00,70,8.400,27.58,,215.0,272.9
AL945,2026-02-24 23:15:00+00:00,90,9.425,31.95,,207.5,249.6
AL945,2026-02-24 23:22:30+00:00,70,9.350,31.56,,207.5,254.5
MHJ45,2026-02-24 23:22:30+00:00,70,8.400,27.30,,217.5,289.4
MHJ45,2026-02-24 23:30:00+00:00,70,8.175,26.82,,217.5,273.4
AL945,2026-02-24 23:30:00+00:00,90,9.100,29.89,,200.0,259.4
MHJ45,2026-02-24 23:37:30+00:00,70,7.950,25.75,,215.0,279.4
AL945,2026-02-24 23:37:30+00:00,60,8.175,29.19,,202.5,243.9
MHJ45,2026-02-24 23:45:00+00:00,60,7.775,25.28,,215.0,277.1
AL945,2026-02-24 23:45:00+00:00,40,8.050,28.77,,205.0,243.4
AL945,2026-02-24 23:52:30+00:00,80,8.525,28.71,,205.0,255.7
MHJ45,2026-02-24 23:52:30+00:00,40,7.650,25.39,,215.0,274.2
AL945,2026-02-25 00:00:00+00:00,70,8.350,27.10,,207.5,270.6
MHJ45,2026-02-25 00:00:00+00:00,40,7.000,25.14,,215.0,249.9
AL945,2026-02-25 00:07:30+00:00,85,8.025,26.69,,202.5,260.0
MHJ45,2026-02-25 00:07:30+00:00,70,7.675,25.57,,220.0,277.9
AL945,2026-02-25 00:15:00+00:00,50,7.800,25.30,,205.0,271.0
MHJ45,2026-02-25 00:15:00+00:00,70,7.300,24.50,,217.5,272.3
MHJ45,2026-02-25 00:22:30+00:00,60,7.075,23.64,,212.5,278.6
AL945,2026-02-25 00:22:30+00:00,80,7.600,24.10,,200.0,291.2
AL945,2026-02-25 00:30:00+00:00,65,6.300,23.13,,207.5,242.5
MHJ45,2026-02-25 00:30:00+00:00,70,6.575,22.42,,210.0,251.2
AL945,2026-02-25 00:37:30+00:00,70,7.625,24.50,,217.5,276.3
MHJ45,2026-02-25 00:37:30+00:00,40,6.300,20.64,,207.5,266.6
AL945,2026-02-25 00:45:00+00:00,60,7.475,24.99,,217.5,264.5
MHJ45,2026-02-25 00:45:00+00:00,70,6.275,21.37,,212.5,266.1
AL945,2026-02-25 00:52:30+00:00,50,7.375,24.43,,215.0,271.0
MHJ45,2026-02-25 00:52:30+00:00,60,6.250,20.97,,220.0,267.5
AL945,2026-02-25 01:00:00+00:00,60,7.325,25.10,,215.0,267.4
MHJ45,2026-02-25 01:00:00+00:00,70,6.300,21.40,,222.5,267.6
AL945,2026-02-25 01:07:30+00:00,90,7.000,24.15,,212.5,255.5
MHJ45,2026-02-25 01:07:30+00:00,70,6.125,21.38,,220.0,257.0
MHJ45,2026-02-25 01:15:00+00:00,70,6.075,20.68,,215.0,260.4
AL945,2026-02-25 01:15:00+00:00,90,6.975,23.83,,210.0,263.2
MHJ45,2026-02-25 01:22:30+00:00,70,5.825,19.95,,215.0,254.4
AL945,2026-02-25 01:22:30+00:00,60,5.550,22.24,,205.0,222.7
MHJ45,2026-02-25 01:30:00+00:00,70,5.775,19.08,,210.0,263.5
AL945,2026-02-25 01:30:00+00:00,70,6.500,21.34,,205.0,265.3
AL945,2026-02-25 01:37:30+00:00,90,6.275,21.89,,210.0,249.7
MHJ45,2026-02-25 01:37:30+00:00,80,5.475,18.04,,210.0,263.5
AL945,2026-02-25 01:45:00+00:00,70,5.950,20.21,,210.0,253.5
MHJ45,2026-02-25 01:45:00+00:00,50,4.925,16.26,,207.5,259.7
MHJ45,2026-02-25 01:52:30+00:00,0,4.825,15.71,,210.0,
AL945,2026-02-25 01:52:30+00:00,90,5.650,18.45,,212.5,266.9
AL945,2026-02-25 02:00:00+00:00,0,5.150,17.44,,212.5,
MHJ45,2026-02-25 02:00:00+00:00,0,4.700,14.22,,245.0,
MHJ45,2026-02-25 02:07:30+00:00,0,4.350,13.35,,232.5,
AL945,2026-02-25 02:07:30+00:00,0,4.900,15.94,,215.0,
MHJ45,2026-02-25 02:15:00+00:00,0,4.325,13.24,,240.0,
AL945,2026-02-25 02:15:00+00:00,0,4.950,15.08,,225.0,
MHJ45,2026-02-25 02:22:30+00:00,70,4.075,12.55,,247.5,298.2
AL945,2026-02-25 02:22:30+00:00,40,4.750,14.94,,245.0,288.1
MHJ45,2026-02-25 02:30:00+00:00,40,3.300,11.32,,257.5,271.6
AL945,2026-02-25 02:30:00+00:00,70,4.425,13.87,,240.0,293.3
AL945,2026-02-25 02:37:30+00:00,0,4.425,13.43,,245.0,
MHJ45,2026-02-25 02:37:30+00:00,80,3.975,11.55,,272.5,336.7
AL945,2026-02-25 02:45:00+00:00,80,4.275,13.08,,247.5,302.1
MHJ45,2026-02-25 02:45:00+00:00,70,3.950,12.18,,275.0,313.3
AL945,2026-02-25 02:52:30+00:00,80,4.200,12.68,,255.0,312.8
MHJ45,2026-02-25 02:52:30+00:00,70,3.925,12.15,,287.5,309.1
MHJ45,2026-02-25 03:00:00+00:00,35,3.800,11.99,,285.0,305.9
AL945,2026-02-25 03:00:00+00:00,80,4.175,12.52,,255.0,316.3
AL945,2026-02-25 03:07:30+00:00,80,4.150,12.34,,257.5,317.3
MHJ45,2026-02-25 03:07:30+00:00,70,3.875,11.99,,275.0,308.9
AL945,2026-02-25 03:15:00+00:00,80,4.025,12.39,,257.5,303.4
MHJ45,2026-02-25 03:15:00+00:00,70,3.900,11.73,,277.5,317.6
MHJ45,2026-02-25 03:22:30+00:00,70,3.825,11.23,,270.0,329.6
AL945,2026-02-25 03:22:30+00:00,0,3.800,11.53,,247.5,
MHJ45,2026-02-25 03:30:00+00:00,40,3.275,10.77,,300.0,293.6
AL945,2026-02-25 03:30:00+00:00,0,3.700,11.07,,247.5,
MHJ45,2026-02-25 03:37:30+00:00,70,3.550,10.41,,280.0,324.3
AL945,2026-02-25 03:37:30+00:00,0,3.675,10.83,,257.5,
MHJ45,2026-02-25 03:45:00+00:00,70,3.050,9.85,,285.0,295.0
AL945,2026-02-25 03:45:00+00:00,90,3.500,10.70,,260.0,301.0
AL945,2026-02-25 03:52:30+00:00,90,3.400,10.47,,262.5,306.2
MHJ45,2026-02-25 03:52:30+00:00,60,3.550,10.19,,292.5,337.1
AL945,2026-02-25 04:00:00+00:00,90,3.400,9.87,,277.5,328.6
MHJ45,2026-02-25 04:00:00+00:00,70,2.625,8.94,,297.5,280.0
MHJ45,2026-02-25 04:07:30+00:00,70,2.825,8.97,,307.5,304.7
AL945,2026-02-25 04:07:30+00:00,90,3.425,9.83,,285.0,333.5
MHJ45,2026-02-25 04:15:00+00:00,40,3.050,9.03,,310.0,332.4
AL945,2026-02-25 04:15:00+00:00,90,3.375,9.85,,282.5,329.2
MHJ45,2026-02-25 04:22:30+00:00,40,3.050,8.12,,451.7,372.6
AL945,2026-02-25 04:22:30+00:00,90,3.350,9.58,,282.5,341.9
MHJ45,2026-02-25 04:30:00+00:00,70,3.575,9.60,,322.5,374.6
AL945,2026-02-25 04:30:00+00:00,90,3.300,9.47,,287.5,340.8
MHJ45,2026-02-25 04:37:30+00:00,70,2.950,8.86,,317.5,324.7
AL945,2026-02-25 04:37:30+00:00,90,3.350,9.53,,287.5,336.5
AL945,2026-02-25 04:45:00+00:00,90,3.200,9.53,,287.5,311.5
AL945,2026-02-25 04:52:30+00:00,90,3.200,9.36,,282.5,319.7
MHJ45,2026-02-25 04:52:30+00:00,40,2.650,8.79,,310.0,293.6
MHJ45,2026-02-25 05:00:00+00:00,70,3.825,10.27,,312.5,369.3
AL945,2026-02-25 05:00:00+00:00,90,3.175,9.22,,285.0,326.3
MHJ45,2026-02-25 05:07:30+00:00,60,3.300,9.91,,317.5,342.7
AL945,2026-02-25 05:07:30+00:00,90,3.125,8.94,,295.0,336.1
MHJ45,2026-02-25 05:15:00+00:00,60,2.925,8.87,,327.5,325.9
AL945,2026-02-25 05:15:00+00:00,80,3.125,8.87,,297.5,348.0
MHJ45,2026-02-25 05:22:30+00:00,40,2.775,8.43,,322.5,316.8
AL945,2026-02-25 05:22:30+00:00,80,3.000,8.71,,302.5,323.9
MHJ45,2026-02-25 05:30:00+00:00,60,2.950,8.80,,317.5,325.1
AL945,2026-02-25 05:30:00+00:00,80,3.075,8.68,,305.0,354.8
MHJ45,2026-02-25 05:37:30+00:00,40,3.075,9.27,,315.0,336.0
AL945,2026-02-25 05:37:30+00:00,90,3.025,8.88,,305.0,329.9
AL945,2026-02-25 05:45:00+00:00,80,3.025,8.57,,305.0,340.8
MHJ45,2026-02-25 05:45:00+00:00,60,3.000,9.24,,312.5,311.8
AL945,2026-02-25 05:52:30+00:00,90,3.100,8.55,,307.5,393.9
MHJ45,2026-02-25 05:52:30+00:00,70,3.450,10.05,,305.0,338.5
AL945,2026-02-25 06:00:00+00:00,90,3.025,8.66,,307.5,342.5
MHJ45,2026-02-25 06:00:00+00:00,70,3.325,9.85,,307.5,327.2
AL945,2026-02-25 06:07:30+00:00,80,2.975,8.66,,305.0,333.0
MHJ45,2026-02-25 06:07:30+00:00,70,3.550,10.12,,302.5,348.1
AL945,2026-02-25 06:15:00+00:00,80,2.975,8.54,,310.0,337.8
MHJ45,2026-02-25 06:15:00+00:00,70,3.575,9.74,,312.5,353.4
MHJ45,2026-02-25 06:22:30+00:00,40,3.150,9.47,,305.0,322.3
AL945,2026-02-25 06:22:30+00:00,80,2.975,8.58,,327.5,340.4
AL945,2026-02-25 06:30:00+00:00,70,2.825,8.39,,310.0,315.2
MHJ45,2026-02-25 06:30:00+00:00,60,3.250,9.48,,300.0,333.8
AL945,2026-02-25 06:37:30+00:00,70,2.950,8.34,,315.0,343.9
MHJ45,2026-02-25 06:37:30+00:00,70,3.375,9.63,,312.5,346.5
AL945,2026-02-25 06:45:00+00:00,70,2.825,8.32,,317.5,325.5
MHJ45,2026-02-25 06:45:00+00:00,65,2.750,8.67,,312.5,302.0
MHJ45,2026-02-25 06:52:30+00:00,70,2.700,8.60,,310.0,305.6
AL945,2026-02-25 06:52:30+00:00,70,2.825,8.20,,317.5,330.2
AL945,2026-02-25 07:00:00+00:00,70,2.825,8.03,,317.5,341.9
MHJ45,2026-02-25 07:00:00+00:00,70,2.725,8.53,,322.5,307.6
AL945,2026-02-25 07:07:30+00:00,70,3.000,8.24,,320.0,349.8
MHJ45,2026-02-25 07:07:30+00:00,60,2.725,8.78,,307.5,298.3
AL945,2026-02-25 07:15:00+00:00,70,2.925,8.10,,312.5,359.3
MHJ45,2026-02-25 07:15:00+00:00,70,2.850,8.82,,312.5,310.1
AL945,2026-02-25 07:22:30+00:00,70,2.775,7.97,,320.0,334.1
MHJ45,2026-02-25 07:22:30+00:00,70,3.450,9.77,,310.0,342.2
MHJ45,2026-02-25 07:30:00+00:00,70,3.700,10.38,,315.0,361.4
AL945,2026-02-25 07:30:00+00:00,60,2.600,7.69,,342.5,319.7
AL945,2026-02-25 07:37:30+00:00,60,2.300,7.33,,335.0,292.4
MHJ45,2026-02-25 07:37:30+00:00,40,2.900,9.25,,315.0,306.7
MHJ45,2026-02-25 07:45:00+00:00,60,3.325,9.71,,310.0,332.0
AL945,2026-02-25 07:45:00+00:00,70,2.525,7.26,,347.5,329.7
AL945,2026-02-25 07:52:30+00:00,70,2.525,7.14,,360.0,337.4
MHJ45,2026-02-25 07:52:30+00:00,70,3.775,10.20,,305.0,367.3
AL945,2026-02-25 08:00:00+00:00,65,2.400,7.14,,380.0,320.6
MHJ45,2026-02-25 08:00:00+00:00,70,3.725,10.22,,305.0,349.9
AL945,2026-02-25 08:07:30+00:00,45,2.275,6.26,,407.3,345.3
MHJ45,2026-02-25 08:07:30+00:00,70,3.425,10.41,,302.5,314.8
AL945,2026-02-25 08:15:00+00:00,70,2.125,5.91,,440.0,332.6
MHJ45,2026-02-25 08:15:00+00:00,70,4.000,10.78,,305.0,365.8
AL945,2026-02-25 08:22:30+00:00,60,2.200,5.80,,470.0,354.2
MHJ45,2026-02-25 08:22:30+00:00,60,3.850,10.81,,300.0,354.8
AL945,2026-02-25 08:30:00+00:00,45,2.300,6.45,,399.9,340.0
MHJ45,2026-02-25 08:30:00+00:00,80,4.025,11.15,,297.5,351.6
AL945,2026-02-25 08:37:30+00:00,70,2.225,6.32,,412.5,328.3
MHJ45,2026-02-25 08:37:30+00:00,80,3.800,11.11,,295.0,327.2
MHJ45,2026-02-25 08:45:00+00:00,80,4.000,12.28,,292.5,318.5
AL945,2026-02-25 08:45:00+00:00,65,2.425,6.67,,410.0,353.0
MHJ45,2026-02-25 08:52:30+00:00,80,4.075,12.06,,285.0,326.4
AL945,2026-02-25 08:52:30+00:00,70,2.225,6.68,,387.5,309.0
AL945,2026-02-25 09:00:00+00:00,40,2.300,6.34,,430.0,337.0
MHJ45,2026-02-25 09:00:00+00:00,80,4.200,12.40,,275.0,318.1
MHJ45,2026-02-25 09:07:30+00:00,90,4.275,13.14,,267.5,306.3
AL945,2026-02-25 09:07:30+00:00,60,2.300,6.76,,367.5,318.5
MHJ45,2026-02-25 09:15:00+00:00,65,4.400,13.82,,257.5,296.0
AL945,2026-02-25 09:15:00+00:00,70,2.300,6.89,,365.0,311.8
MHJ45,2026-02-25 09:22:30+00:00,90,4.400,14.26,,247.5,277.8
AL945,2026-02-25 09:22:30+00:00,70,2.350,6.87,,352.5,336.2
MHJ45,2026-02-25 09:30:00+00:00,55,4.375,14.45,,237.5,267.0
AL945,2026-02-25 09:30:00+00:00,45,2.450,7.44,,327.5,307.7
AL945,2026-02-25 09:37:30+00:00,70,2.350,6.89,,355.0,322.6
MHJ45,2026-02-25 09:37:30+00:00,0,4.300,14.05,,230.0,
MHJ45,2026-02-25 09:45:00+00:00,0,4.075,13.18,,227.5,
AL945,2026-02-25 09:45:00+00:00,70,2.325,6.97,,360.0,310.7
MHJ45,2026-02-25 09:52:30+00:00,0,3.875,12.46,,230.0,
AL945,2026-02-25 09:52:30+00:00,70,2.425,7.38,,337.5,318.0
AL945,2026-02-25 10:00:00+00:00,40,2.550,7.47,,327.5,334.9
MHJ45,2026-02-25 10:00:00+00:00,45,3.700,12.19,,235.0,269.1
MHJ45,2026-02-25 10:07:30+00:00,0,4.150,12.70,,235.0,
AL945,2026-02-25 10:07:30+00:00,70,2.300,7.35,,310.0,287.0
AL945,2026-02-25 10:15:00+00:00,70,2.350,7.25,,375.0,292.3
MHJ45,2026-02-25 10:15:00+00:00,45,3.900,12.86,,227.5,265.1
AL945,2026-02-25 10:22:30+00:00,70,2.425,7.07,,362.5,319.2
MHJ45,2026-02-25 10:22:30+00:00,90,3.825,12.47,,222.5,270.3
AL945,2026-02-25 10:30:00+00:00,70,2.550,7.68,,361.7,346.9
MHJ45,2026-02-25 10:30:00+00:00,0,3.650,12.15,,220.0,
AL945,2026-02-25 10:37:30+00:00,50,2.225,6.38,,397.1,322.3
MHJ45,2026-02-25 10:37:30+00:00,90,3.175,11.21,,220.0,247.9
AL945,2026-02-25 10:45:00+00:00,70,2.150,5.72,,470.0,349.1
MHJ45,2026-02-25 10:45:00+00:00,60,2.850,9.67,,230.0,254.2
MHJ45,2026-02-25 10:52:30+00:00,60,2.800,9.18,,262.5,274.4
MHJ45,2026-02-25 11:00:00+00:00,70,3.125,9.73,,265.0,281.5
MHJ45,2026-02-25 11:07:30+00:00,90,3.425,10.62,,255.0,284.1
MHJ45,2026-02-25 11:15:00+00:00,70,3.850,12.49,,240.0,264.8
AL945,2026-02-25 11:15:00+00:00,90,2.125,6.17,,435.0,302.4
MHJ45,2026-02-25 11:22:30+00:00,75,4.375,14.25,,230.0,260.4
MHJ45,2026-02-25 11:30:00+00:00,75,4.800,15.79,,225.0,251.6
MHJ45,2026-02-25 11:37:30+00:00,70,5.175,17.29,,222.5,247.8
AL945,2026-02-25 11:37:30+00:00,30,2.200,6.08,,409.7,321.6
AL945,2026-02-25 11:45:00+00:00,50,2.575,6.82,,397.4,341.5
MHJ45,2026-02-25 11:45:00+00:00,75,5.575,18.52,,217.5,253.5
AL945,2026-02-25 11:52:30+00:00,70,2.725,8.09,,310.0,301.0
MHJ45,2026-02-25 11:52:30+00:00,75,6.000,20.87,,220.0,244.8
AL945,2026-02-25 12:00:00+00:00,70,3.175,9.84,,275.0,283.5
MHJ45,2026-02-25 12:00:00+00:00,75,6.400,22.46,,215.0,242.0
AL945,2026-02-25 12:07:30+00:00,70,3.575,11.95,,245.0,252.9
MHJ45,2026-02-25 12:07:30+00:00,75,6.625,23.04,,212.5,237.9
MHJ45,2026-02-25 12:15:00+00:00,40,6.750,22.56,2.05,212.5,249.6
AL945,2026-02-25 12:15:00+00:00,80,4.200,13.94,,222.5,246.7
MHJ45,2026-02-25 12:22:30+00:00,70,7.350,24.41,2.05,212.5,252.0
AL945,2026-02-25 12:22:30+00:00,90,4.325,14.30,,212.5,243.5
AL945,2026-02-25 12:30:00+00:00,70,4.825,15.67,,217.5,258.1
MHJ45,2026-02-25 12:30:00+00:00,70,8.050,27.06,2.20,220.0,261.9
MHJ45,2026-02-25 12:37:30+00:00,75,8.313,29.16,2.42,222.5,239.7
AL945,2026-02-25 12:37:30+00:00,80,5.625,18.52,,222.5,258.0
MHJ45,2026-02-25 12:45:00+00:00,70,8.413,30.30,2.50,227.5,234.7
AL945,2026-02-25 12:45:00+00:00,70,6.125,21.41,,227.5,239.2
MHJ45,2026-02-25 12:52:30+00:00,70,8.325,29.39,2.53,222.5,240.1
AL945,2026-02-25 12:52:30+00:00,90,6.600,23.24,,220.0,234.2
AL945,2026-02-25 13:00:00+00:00,80,6.850,24.44,2.03,217.5,229.6
MHJ45,2026-02-25 13:00:00+00:00,40,8.375,29.50,2.55,222.5,236.6
MHJ45,2026-02-25 13:07:30+00:00,70,8.500,29.77,2.53,217.5,236.8
AL945,2026-02-25 13:07:30+00:00,75,7.150,25.91,2.10,212.5,220.7
MHJ45,2026-02-25 13:15:00+00:00,70,8.525,29.88,2.58,217.5,233.1
AL945,2026-02-25 13:15:00+00:00,95,7.413,26.43,2.15,207.5,221.2
MHJ45,2026-02-25 13:22:30+00:00,70,8.525,29.95,2.63,220.0,233.7
AL945,2026-02-25 13:22:30+00:00,90,7.325,25.58,2.25,212.5,235.5
MHJ45,2026-02-25 13:30:00+00:00,70,8.600,30.10,2.70,217.5,235.2
AL945,2026-02-25 13:30:00+00:00,80,7.575,26.99,2.33,210.0,236.7
MHJ45,2026-02-25 13:37:30+00:00,70,8.775,30.03,2.75,215.0,245.3
AL945,2026-02-25 13:37:30+00:00,95,8.063,28.69,2.42,217.5,228.5
AL945,2026-02-25 13:45:00+00:00,95,8.313,29.92,2.47,217.5,222.6
MHJ45,2026-02-25 13:45:00+00:00,50,8.675,29.42,2.78,212.5,240.4
AL945,2026-02-25 13:52:30+00:00,95,8.250,29.69,2.33,210.0,220.8
MHJ45,2026-02-25 13:52:30+00:00,0,9.325,30.66,2.88,325.0,
AL945,2026-02-25 14:00:00+00:00,80,8.225,28.73,2.42,212.5,230.5
MHJ45,2026-02-25 14:00:00+00:00,70,9.707,34.59,2.92,205.0,236.6
AL945,2026-02-25 14:07:30+00:00,80,8.425,31.46,2.55,210.0,217.9
MHJ45,2026-02-25 14:07:30+00:00,70,9.463,33.52,2.95,200.0,236.6
AL945,2026-02-25 14:15:00+00:00,85,8.950,31.91,2.53,205.0,224.1
MHJ45,2026-02-25 14:15:00+00:00,60,9.150,31.24,2.97,202.5,231.2
MHJ45,2026-02-25 14:22:30+00:00,60,8.763,28.64,3.05,200.0,241.0
AL945,2026-02-25 14:22:30+00:00,80,8.950,31.89,2.55,212.5,223.1
AL945,2026-02-25 14:30:00+00:00,85,8.750,31.14,2.53,190.0,220.7
MHJ45,2026-02-25 14:30:00+00:00,70,9.632,32.49,3.08,190.0,244.6
AL945,2026-02-25 14:37:30+00:00,85,9.075,32.96,2.55,155.0,219.2
MHJ45,2026-02-25 14:37:30+00:00,75,4.925,19.72,3.08,192.5,171.2
AL945,2026-02-25 14:45:00+00:00,65,7.950,30.62,2.75,205.0,202.3
MHJ45,2026-02-25 14:45:00+00:00,60,10.050,33.88,3.05,227.5,236.5
AL945,2026-02-25 14:52:30+00:00,60,8.450,31.57,2.65,145.0,224.8
MHJ45,2026-02-25 14:52:30+00:00,70,9.850,32.63,3.00,210.0,243.9
MHJ45,2026-02-25 15:00:00+00:00,70,9.288,33.54,3.03,287.5,220.1
AL945,2026-02-25 15:00:00+00:00,85,8.913,31.46,2.67,222.5,223.1
AL945,2026-02-25 15:07:30+00:00,95,8.738,31.52,2.85,220.0,220.4
MHJ45,2026-02-25 15:07:30+00:00,60,10.225,35.37,3.00,195.0,236.1
AL945,2026-02-25 15:15:00+00:00,95,8.800,31.27,2.65,205.0,220.0
MHJ45,2026-02-25 15:15:00+00:00,70,9.950,34.73,3.05,195.0,235.1
